dataset,frame,object_id,class_name,depth_m,sweep,level,object_points,box_hits,box_retention_pct
kitti,000001,1,Car,56.786,yaw_deg,0.0,9,9,100.0
kitti,000001,2,Cyclist,45.763,yaw_deg,0.0,18,18,100.0
kitti,000001,1,Car,56.786,yaw_deg,0.5,9,9,100.0
kitti,000001,2,Cyclist,45.763,yaw_deg,0.5,18,10,55.556
kitti,000001,1,Car,56.786,yaw_deg,1.0,9,3,33.333
kitti,000001,2,Cyclist,45.763,yaw_deg,1.0,18,0,0.0
kitti,000001,1,Car,56.786,yaw_deg,2.0,9,0,0.0
kitti,000001,2,Cyclist,45.763,yaw_deg,2.0,18,0,0.0
kitti,000001,1,Car,56.786,yaw_deg,3.0,9,0,0.0
kitti,000001,2,Cyclist,45.763,yaw_deg,3.0,18,0,0.0
kitti,000001,1,Car,56.786,tx_m,0.02,9,9,100.0
kitti,000001,2,Cyclist,45.763,tx_m,0.02,18,18,100.0
kitti,000001,1,Car,56.786,tx_m,0.05,9,9,100.0
kitti,000001,2,Cyclist,45.763,tx_m,0.05,18,18,100.0
kitti,000001,1,Car,56.786,tx_m,0.1,9,9,100.0
kitti,000001,2,Cyclist,45.763,tx_m,0.1,18,18,100.0
kitti,000004,0,Car,37.09,yaw_deg,0.0,77,77,100.0
kitti,000004,1,Car,49.785,yaw_deg,0.0,26,26,100.0
kitti,000004,0,Car,37.09,yaw_deg,0.5,77,75,97.403
kitti,000004,1,Car,49.785,yaw_deg,0.5,26,22,84.615
kitti,000004,0,Car,37.09,yaw_deg,1.0,77,65,84.416
kitti,000004,1,Car,49.785,yaw_deg,1.0,26,17,65.385
kitti,000004,0,Car,37.09,yaw_deg,2.0,77,47,61.039
kitti,000004,1,Car,49.785,yaw_deg,2.0,26,9,34.615
kitti,000004,0,Car,37.09,yaw_deg,3.0,77,21,27.273
kitti,000004,1,Car,49.785,yaw_deg,3.0,26,0,0.0
kitti,000004,0,Car,37.09,tx_m,0.02,77,77,100.0
kitti,000004,1,Car,49.785,tx_m,0.02,26,26,100.0
kitti,000004,0,Car,37.09,tx_m,0.05,77,77,100.0
kitti,000004,1,Car,49.785,tx_m,0.05,26,26,100.0
kitti,000004,0,Car,37.09,tx_m,0.1,77,77,100.0
kitti,000004,1,Car,49.785,tx_m,0.1,26,26,100.0
kitti,000007,0,Car,23.546,yaw_deg,0.0,191,191,100.0
kitti,000007,1,Car,45.843,yaw_deg,0.0,19,19,100.0
kitti,000007,2,Car,58.618,yaw_deg,0.0,5,5,100.0
kitti,000007,3,Cyclist,34.015,yaw_deg,0.0,25,25,100.0
kitti,000007,0,Car,23.546,yaw_deg,0.5,191,172,90.052
kitti,000007,1,Car,45.843,yaw_deg,0.5,19,13,68.421
kitti,000007,2,Car,58.618,yaw_deg,0.5,5,3,60.0
kitti,000007,3,Cyclist,34.015,yaw_deg,0.5,25,24,96.0
kitti,000007,0,Car,23.546,yaw_deg,1.0,191,150,78.534
kitti,000007,1,Car,45.843,yaw_deg,1.0,19,10,52.632
kitti,000007,2,Car,58.618,yaw_deg,1.0,5,1,20.0
kitti,000007,3,Cyclist,34.015,yaw_deg,1.0,25,11,44.0
kitti,000007,0,Car,23.546,yaw_deg,2.0,191,98,51.309
kitti,000007,1,Car,45.843,yaw_deg,2.0,19,1,5.263
kitti,000007,2,Car,58.618,yaw_deg,2.0,5,0,0.0
kitti,000007,3,Cyclist,34.015,yaw_deg,2.0,25,0,0.0
kitti,000007,0,Car,23.546,yaw_deg,3.0,191,42,21.99
kitti,000007,1,Car,45.843,yaw_deg,3.0,19,0,0.0
kitti,000007,2,Car,58.618,yaw_deg,3.0,5,0,0.0
kitti,000007,3,Cyclist,34.015,yaw_deg,3.0,25,0,0.0
kitti,000007,0,Car,23.546,tx_m,0.02,191,191,100.0
kitti,000007,1,Car,45.843,tx_m,0.02,19,19,100.0
kitti,000007,2,Car,58.618,tx_m,0.02,5,5,100.0
kitti,000007,3,Cyclist,34.015,tx_m,0.02,25,25,100.0
kitti,000007,0,Car,23.546,tx_m,0.05,191,191,100.0
kitti,000007,1,Car,45.843,tx_m,0.05,19,19,100.0
kitti,000007,2,Car,58.618,tx_m,0.05,5,5,100.0
kitti,000007,3,Cyclist,34.015,tx_m,0.05,25,25,100.0
kitti,000007,0,Car,23.546,tx_m,0.1,191,191,100.0
kitti,000007,1,Car,45.843,tx_m,0.1,19,19,100.0
kitti,000007,2,Car,58.618,tx_m,0.1,5,5,100.0
kitti,000007,3,Cyclist,34.015,tx_m,0.1,25,25,100.0
kitti,000008,1,Car,6.724,yaw_deg,0.0,1940,1940,100.0
kitti,000008,2,Car,5.26,yaw_deg,0.0,306,306,100.0
kitti,000008,3,Car,12.985,yaw_deg,0.0,668,668,100.0
kitti,000008,4,Car,31.673,yaw_deg,0.0,53,53,100.0
kitti,000008,5,Car,18.91,yaw_deg,0.0,164,164,100.0
kitti,000008,1,Car,6.724,yaw_deg,0.5,1940,1940,100.0
kitti,000008,2,Car,5.26,yaw_deg,0.5,306,306,100.0
kitti,000008,3,Car,12.985,yaw_deg,0.5,668,668,100.0
kitti,000008,4,Car,31.673,yaw_deg,0.5,53,48,90.566
kitti,000008,5,Car,18.91,yaw_deg,0.5,164,162,98.78
kitti,000008,1,Car,6.724,yaw_deg,1.0,1940,1940,100.0
kitti,000008,2,Car,5.26,yaw_deg,1.0,306,304,99.346
kitti,000008,3,Car,12.985,yaw_deg,1.0,668,655,98.054
kitti,000008,4,Car,31.673,yaw_deg,1.0,53,40,75.472
kitti,000008,5,Car,18.91,yaw_deg,1.0,164,142,86.585
kitti,000008,1,Car,6.724,yaw_deg,2.0,1940,1928,99.381
kitti,000008,2,Car,5.26,yaw_deg,2.0,306,272,88.889
kitti,000008,3,Car,12.985,yaw_deg,2.0,668,577,86.377
kitti,000008,4,Car,31.673,yaw_deg,2.0,53,17,32.075
kitti,000008,5,Car,18.91,yaw_deg,2.0,164,99,60.366
kitti,000008,1,Car,6.724,yaw_deg,3.0,1940,1894,97.629
kitti,000008,2,Car,5.26,yaw_deg,3.0,306,252,82.353
kitti,000008,3,Car,12.985,yaw_deg,3.0,668,487,72.904
kitti,000008,4,Car,31.673,yaw_deg,3.0,53,3,5.66
kitti,000008,5,Car,18.91,yaw_deg,3.0,164,62,37.805
kitti,000008,1,Car,6.724,tx_m,0.02,1940,1940,100.0
kitti,000008,2,Car,5.26,tx_m,0.02,306,306,100.0
kitti,000008,3,Car,12.985,tx_m,0.02,668,668,100.0
kitti,000008,4,Car,31.673,tx_m,0.02,53,53,100.0
kitti,000008,5,Car,18.91,tx_m,0.02,164,164,100.0
kitti,000008,1,Car,6.724,tx_m,0.05,1940,1940,100.0
kitti,000008,2,Car,5.26,tx_m,0.05,306,306,100.0
kitti,000008,3,Car,12.985,tx_m,0.05,668,668,100.0
kitti,000008,4,Car,31.673,tx_m,0.05,53,53,100.0
kitti,000008,5,Car,18.91,tx_m,0.05,164,164,100.0
kitti,000008,1,Car,6.724,tx_m,0.1,1940,1940,100.0
kitti,000008,2,Car,5.26,tx_m,0.1,306,306,100.0
kitti,000008,3,Car,12.985,tx_m,0.1,668,668,100.0
kitti,000008,4,Car,31.673,tx_m,0.1,53,53,100.0
kitti,000008,5,Car,18.91,tx_m,0.1,164,164,100.0
kitti,000009,0,Car,22.425,yaw_deg,0.0,219,219,100.0
kitti,000009,0,Car,22.425,yaw_deg,0.5,219,203,92.694
kitti,000009,0,Car,22.425,yaw_deg,1.0,219,180,82.192
kitti,000009,0,Car,22.425,yaw_deg,2.0,219,120,54.795
kitti,000009,0,Car,22.425,yaw_deg,3.0,219,66,30.137
kitti,000009,0,Car,22.425,tx_m,0.02,219,219,100.0
kitti,000009,0,Car,22.425,tx_m,0.05,219,219,100.0
kitti,000009,0,Car,22.425,tx_m,0.1,219,219,100.0
kitti,000010,0,Car,6.061,yaw_deg,0.0,151,151,100.0
kitti,000010,1,Car,10.46,yaw_deg,0.0,1016,1016,100.0
kitti,000010,2,Pedestrian,23.26,yaw_deg,0.0,23,23,100.0
kitti,000010,3,Car,15.155,yaw_deg,0.0,340,340,100.0
kitti,000010,4,Car,20.681,yaw_deg,0.0,48,48,100.0
kitti,000010,5,Car,22.264,yaw_deg,0.0,246,246,100.0
kitti,000010,6,Car,28.729,yaw_deg,0.0,55,55,100.0
kitti,000010,7,Car,27.179,yaw_deg,0.0,33,33,100.0
kitti,000010,8,Car,41.459,yaw_deg,0.0,20,20,100.0
kitti,000010,0,Car,6.061,yaw_deg,0.5,151,150,99.338
kitti,000010,1,Car,10.46,yaw_deg,0.5,1016,1016,100.0
kitti,000010,2,Pedestrian,23.26,yaw_deg,0.5,23,19,82.609
kitti,000010,3,Car,15.155,yaw_deg,0.5,340,339,99.706
kitti,000010,4,Car,20.681,yaw_deg,0.5,48,47,97.917
kitti,000010,5,Car,22.264,yaw_deg,0.5,246,246,100.0
kitti,000010,6,Car,28.729,yaw_deg,0.5,55,55,100.0
kitti,000010,7,Car,27.179,yaw_deg,0.5,33,27,81.818
kitti,000010,8,Car,41.459,yaw_deg,0.5,20,20,100.0
kitti,000010,0,Car,6.061,yaw_deg,1.0,151,143,94.702
kitti,000010,1,Car,10.46,yaw_deg,1.0,1016,1016,100.0
kitti,000010,2,Pedestrian,23.26,yaw_deg,1.0,23,7,30.435
kitti,000010,3,Car,15.155,yaw_deg,1.0,340,326,95.882
kitti,000010,4,Car,20.681,yaw_deg,1.0,48,30,62.5
kitti,000010,5,Car,22.264,yaw_deg,1.0,246,232,94.309
kitti,000010,6,Car,28.729,yaw_deg,1.0,55,53,96.364
kitti,000010,7,Car,27.179,yaw_deg,1.0,33,19,57.576
kitti,000010,8,Car,41.459,yaw_deg,1.0,20,17,85.0
kitti,000010,0,Car,6.061,yaw_deg,2.0,151,105,69.536
kitti,000010,1,Car,10.46,yaw_deg,2.0,1016,984,96.85
kitti,000010,2,Pedestrian,23.26,yaw_deg,2.0,23,0,0.0
kitti,000010,3,Car,15.155,yaw_deg,2.0,340,297,87.353
kitti,000010,4,Car,20.681,yaw_deg,2.0,48,12,25.0
kitti,000010,5,Car,22.264,yaw_deg,2.0,246,187,76.016
kitti,000010,6,Car,28.729,yaw_deg,2.0,55,49,89.091
kitti,000010,7,Car,27.179,yaw_deg,2.0,33,4,12.121
kitti,000010,8,Car,41.459,yaw_deg,2.0,20,5,25.0
kitti,000010,0,Car,6.061,yaw_deg,3.0,151,74,49.007
kitti,000010,1,Car,10.46,yaw_deg,3.0,1016,923,90.846
kitti,000010,2,Pedestrian,23.26,yaw_deg,3.0,23,0,0.0
kitti,000010,3,Car,15.155,yaw_deg,3.0,340,237,69.706
kitti,000010,4,Car,20.681,yaw_deg,3.0,48,6,12.5
kitti,000010,5,Car,22.264,yaw_deg,3.0,246,129,52.439
kitti,000010,6,Car,28.729,yaw_deg,3.0,55,33,60.0
kitti,000010,7,Car,27.179,yaw_deg,3.0,33,0,0.0
kitti,000010,8,Car,41.459,yaw_deg,3.0,20,2,10.0
kitti,000010,0,Car,6.061,tx_m,0.02,151,151,100.0
kitti,000010,1,Car,10.46,tx_m,0.02,1016,1016,100.0
kitti,000010,2,Pedestrian,23.26,tx_m,0.02,23,23,100.0
kitti,000010,3,Car,15.155,tx_m,0.02,340,340,100.0
kitti,000010,4,Car,20.681,tx_m,0.02,48,48,100.0
kitti,000010,5,Car,22.264,tx_m,0.02,246,246,100.0
kitti,000010,6,Car,28.729,tx_m,0.02,55,55,100.0
kitti,000010,7,Car,27.179,tx_m,0.02,33,33,100.0
kitti,000010,8,Car,41.459,tx_m,0.02,20,20,100.0
kitti,000010,0,Car,6.061,tx_m,0.05,151,151,100.0
kitti,000010,1,Car,10.46,tx_m,0.05,1016,1016,100.0
kitti,000010,2,Pedestrian,23.26,tx_m,0.05,23,23,100.0
kitti,000010,3,Car,15.155,tx_m,0.05,340,340,100.0
kitti,000010,4,Car,20.681,tx_m,0.05,48,48,100.0
kitti,000010,5,Car,22.264,tx_m,0.05,246,246,100.0
kitti,000010,6,Car,28.729,tx_m,0.05,55,55,100.0
kitti,000010,7,Car,27.179,tx_m,0.05,33,33,100.0
kitti,000010,8,Car,41.459,tx_m,0.05,20,20,100.0
kitti,000010,0,Car,6.061,tx_m,0.1,151,151,100.0
kitti,000010,1,Car,10.46,tx_m,0.1,1016,1016,100.0
kitti,000010,2,Pedestrian,23.26,tx_m,0.1,23,23,100.0
kitti,000010,3,Car,15.155,tx_m,0.1,340,340,100.0
kitti,000010,4,Car,20.681,tx_m,0.1,48,48,100.0
kitti,000010,5,Car,22.264,tx_m,0.1,246,246,100.0
kitti,000010,6,Car,28.729,tx_m,0.1,55,55,100.0
kitti,000010,7,Car,27.179,tx_m,0.1,33,33,100.0
kitti,000010,8,Car,41.459,tx_m,0.1,20,20,100.0
kitti,000011,0,Pedestrian,12.358,yaw_deg,0.0,151,150,99.338
kitti,000011,1,Pedestrian,13.293,yaw_deg,0.0,35,35,100.0
kitti,000011,2,Car,25.237,yaw_deg,0.0,208,208,100.0
kitti,000011,3,Pedestrian,34.019,yaw_deg,0.0,40,40,100.0
kitti,000011,4,Car,5.568,yaw_deg,0.0,210,207,98.571
kitti,000011,5,Pedestrian,15.931,yaw_deg,0.0,81,81,100.0
kitti,000011,0,Pedestrian,12.358,yaw_deg,0.5,151,141,93.377
kitti,000011,1,Pedestrian,13.293,yaw_deg,0.5,35,35,100.0
kitti,000011,2,Car,25.237,yaw_deg,0.5,208,199,95.673
kitti,000011,3,Pedestrian,34.019,yaw_deg,0.5,40,21,52.5
kitti,000011,4,Car,5.568,yaw_deg,0.5,210,172,81.905
kitti,000011,5,Pedestrian,15.931,yaw_deg,0.5,81,66,81.481
kitti,000011,0,Pedestrian,12.358,yaw_deg,1.0,151,124,82.119
kitti,000011,1,Pedestrian,13.293,yaw_deg,1.0,35,35,100.0
kitti,000011,2,Car,25.237,yaw_deg,1.0,208,178,85.577
kitti,000011,3,Pedestrian,34.019,yaw_deg,1.0,40,3,7.5
kitti,000011,4,Car,5.568,yaw_deg,1.0,210,140,66.667
kitti,000011,5,Pedestrian,15.931,yaw_deg,1.0,81,28,34.568
kitti,000011,0,Pedestrian,12.358,yaw_deg,2.0,151,44,29.139
kitti,000011,1,Pedestrian,13.293,yaw_deg,2.0,35,21,60.0
kitti,000011,2,Car,25.237,yaw_deg,2.0,208,127,61.058
kitti,000011,3,Pedestrian,34.019,yaw_deg,2.0,40,0,0.0
kitti,000011,4,Car,5.568,yaw_deg,2.0,210,77,36.667
kitti,000011,5,Pedestrian,15.931,yaw_deg,2.0,81,0,0.0
kitti,000011,0,Pedestrian,12.358,yaw_deg,3.0,151,10,6.623
kitti,000011,1,Pedestrian,13.293,yaw_deg,3.0,35,6,17.143
kitti,000011,2,Car,25.237,yaw_deg,3.0,208,76,36.538
kitti,000011,3,Pedestrian,34.019,yaw_deg,3.0,40,0,0.0
kitti,000011,4,Car,5.568,yaw_deg,3.0,210,22,10.476
kitti,000011,5,Pedestrian,15.931,yaw_deg,3.0,81,0,0.0
kitti,000011,0,Pedestrian,12.358,tx_m,0.02,151,151,100.0
kitti,000011,1,Pedestrian,13.293,tx_m,0.02,35,35,100.0
kitti,000011,2,Car,25.237,tx_m,0.02,208,208,100.0
kitti,000011,3,Pedestrian,34.019,tx_m,0.02,40,40,100.0
kitti,000011,4,Car,5.568,tx_m,0.02,210,209,99.524
kitti,000011,5,Pedestrian,15.931,tx_m,0.02,81,81,100.0
kitti,000011,0,Pedestrian,12.358,tx_m,0.05,151,151,100.0
kitti,000011,1,Pedestrian,13.293,tx_m,0.05,35,35,100.0
kitti,000011,2,Car,25.237,tx_m,0.05,208,208,100.0
kitti,000011,3,Pedestrian,34.019,tx_m,0.05,40,39,97.5
kitti,000011,4,Car,5.568,tx_m,0.05,210,210,100.0
kitti,000011,5,Pedestrian,15.931,tx_m,0.05,81,81,100.0
kitti,000011,0,Pedestrian,12.358,tx_m,0.1,151,150,99.338
kitti,000011,1,Pedestrian,13.293,tx_m,0.1,35,35,100.0
kitti,000011,2,Car,25.237,tx_m,0.1,208,208,100.0
kitti,000011,3,Pedestrian,34.019,tx_m,0.1,40,39,97.5
kitti,000011,4,Car,5.568,tx_m,0.1,210,210,100.0
kitti,000011,5,Pedestrian,15.931,tx_m,0.1,81,80,98.765
kitti,000012,0,Car,57.176,yaw_deg,0.0,13,13,100.0
kitti,000012,0,Car,57.176,yaw_deg,0.5,13,13,100.0
kitti,000012,0,Car,57.176,yaw_deg,1.0,13,11,84.615
kitti,000012,0,Car,57.176,yaw_deg,2.0,13,1,7.692
kitti,000012,0,Car,57.176,yaw_deg,3.0,13,0,0.0
kitti,000012,0,Car,57.176,tx_m,0.02,13,13,100.0
kitti,000012,0,Car,57.176,tx_m,0.05,13,13,100.0
kitti,000012,0,Car,57.176,tx_m,0.1,13,13,100.0
kitti,000015,0,Car,5.449,yaw_deg,0.0,418,413,98.804
kitti,000015,1,Pedestrian,7.535,yaw_deg,0.0,386,371,96.114
kitti,000015,2,Pedestrian,24.158,yaw_deg,0.0,55,49,89.091
kitti,000015,3,Pedestrian,24.189,yaw_deg,0.0,70,59,84.286
kitti,000015,4,Pedestrian,23.291,yaw_deg,0.0,66,66,100.0
kitti,000015,0,Car,5.449,yaw_deg,0.5,418,407,97.368
kitti,000015,1,Pedestrian,7.535,yaw_deg,0.5,386,330,85.492
kitti,000015,2,Pedestrian,24.158,yaw_deg,0.5,55,19,34.545
kitti,000015,3,Pedestrian,24.189,yaw_deg,0.5,70,31,44.286
kitti,000015,4,Pedestrian,23.291,yaw_deg,0.5,66,50,75.758
kitti,000015,0,Car,5.449,yaw_deg,1.0,418,403,96.411
kitti,000015,1,Pedestrian,7.535,yaw_deg,1.0,386,269,69.689
kitti,000015,2,Pedestrian,24.158,yaw_deg,1.0,55,0,0.0
kitti,000015,3,Pedestrian,24.189,yaw_deg,1.0,70,6,8.571
kitti,000015,4,Pedestrian,23.291,yaw_deg,1.0,66,17,25.758
kitti,000015,0,Car,5.449,yaw_deg,2.0,418,400,95.694
kitti,000015,1,Pedestrian,7.535,yaw_deg,2.0,386,126,32.642
kitti,000015,2,Pedestrian,24.158,yaw_deg,2.0,55,0,0.0
kitti,000015,3,Pedestrian,24.189,yaw_deg,2.0,70,0,0.0
kitti,000015,4,Pedestrian,23.291,yaw_deg,2.0,66,0,0.0
kitti,000015,0,Car,5.449,yaw_deg,3.0,418,400,95.694
kitti,000015,1,Pedestrian,7.535,yaw_deg,3.0,386,26,6.736
kitti,000015,2,Pedestrian,24.158,yaw_deg,3.0,55,0,0.0
kitti,000015,3,Pedestrian,24.189,yaw_deg,3.0,70,0,0.0
kitti,000015,4,Pedestrian,23.291,yaw_deg,3.0,66,0,0.0
kitti,000015,0,Car,5.449,tx_m,0.02,418,418,100.0
kitti,000015,1,Pedestrian,7.535,tx_m,0.02,386,370,95.855
kitti,000015,2,Pedestrian,24.158,tx_m,0.02,55,49,89.091
kitti,000015,3,Pedestrian,24.189,tx_m,0.02,70,59,84.286
kitti,000015,4,Pedestrian,23.291,tx_m,0.02,66,66,100.0
kitti,000015,0,Car,5.449,tx_m,0.05,418,418,100.0
kitti,000015,1,Pedestrian,7.535,tx_m,0.05,386,365,94.56
kitti,000015,2,Pedestrian,24.158,tx_m,0.05,55,49,89.091
kitti,000015,3,Pedestrian,24.189,tx_m,0.05,70,59,84.286
kitti,000015,4,Pedestrian,23.291,tx_m,0.05,66,66,100.0
kitti,000015,0,Car,5.449,tx_m,0.1,418,418,100.0
kitti,000015,1,Pedestrian,7.535,tx_m,0.1,386,352,91.192
kitti,000015,2,Pedestrian,24.158,tx_m,0.1,55,48,87.273
kitti,000015,3,Pedestrian,24.189,tx_m,0.1,70,59,84.286
kitti,000015,4,Pedestrian,23.291,tx_m,0.1,66,66,100.0
kitti,000016,0,Car,42.428,yaw_deg,0.0,24,24,100.0
kitti,000016,1,Truck,22.158,yaw_deg,0.0,1973,1973,100.0
kitti,000016,2,Car,31.204,yaw_deg,0.0,51,51,100.0
kitti,000016,3,Car,5.885,yaw_deg,0.0,1146,1146,100.0
kitti,000016,4,Car,45.22,yaw_deg,0.0,10,10,100.0
kitti,000016,0,Car,42.428,yaw_deg,0.5,24,18,75.0
kitti,000016,1,Truck,22.158,yaw_deg,0.5,1973,1964,99.544
kitti,000016,2,Car,31.204,yaw_deg,0.5,51,46,90.196
kitti,000016,3,Car,5.885,yaw_deg,0.5,1146,1143,99.738
kitti,000016,4,Car,45.22,yaw_deg,0.5,10,8,80.0
kitti,000016,0,Car,42.428,yaw_deg,1.0,24,11,45.833
kitti,000016,1,Truck,22.158,yaw_deg,1.0,1973,1932,97.922
kitti,000016,2,Car,31.204,yaw_deg,1.0,51,38,74.51
kitti,000016,3,Car,5.885,yaw_deg,1.0,1146,1140,99.476
kitti,000016,4,Car,45.22,yaw_deg,1.0,10,7,70.0
kitti,000016,0,Car,42.428,yaw_deg,2.0,24,0,0.0
kitti,000016,1,Truck,22.158,yaw_deg,2.0,1973,1872,94.881
kitti,000016,2,Car,31.204,yaw_deg,2.0,51,22,43.137
kitti,000016,3,Car,5.885,yaw_deg,2.0,1146,1134,98.953
kitti,000016,4,Car,45.22,yaw_deg,2.0,10,1,10.0
kitti,000016,0,Car,42.428,yaw_deg,3.0,24,0,0.0
kitti,000016,1,Truck,22.158,yaw_deg,3.0,1973,1802,91.333
kitti,000016,2,Car,31.204,yaw_deg,3.0,51,1,1.961
kitti,000016,3,Car,5.885,yaw_deg,3.0,1146,1127,98.342
kitti,000016,4,Car,45.22,yaw_deg,3.0,10,0,0.0
kitti,000016,0,Car,42.428,tx_m,0.02,24,24,100.0
kitti,000016,1,Truck,22.158,tx_m,0.02,1973,1973,100.0
kitti,000016,2,Car,31.204,tx_m,0.02,51,51,100.0
kitti,000016,3,Car,5.885,tx_m,0.02,1146,1146,100.0
kitti,000016,4,Car,45.22,tx_m,0.02,10,10,100.0
kitti,000016,0,Car,42.428,tx_m,0.05,24,24,100.0
kitti,000016,1,Truck,22.158,tx_m,0.05,1973,1973,100.0
kitti,000016,2,Car,31.204,tx_m,0.05,51,51,100.0
kitti,000016,3,Car,5.885,tx_m,0.05,1146,1146,100.0
kitti,000016,4,Car,45.22,tx_m,0.05,10,10,100.0
kitti,000016,0,Car,42.428,tx_m,0.1,24,24,100.0
kitti,000016,1,Truck,22.158,tx_m,0.1,1973,1973,100.0
kitti,000016,2,Car,31.204,tx_m,0.1,51,51,100.0
kitti,000016,3,Car,5.885,tx_m,0.1,1146,1146,100.0
kitti,000016,4,Car,45.22,tx_m,0.1,10,10,100.0
kitti,000019,0,Truck,6.075,yaw_deg,0.0,2073,2073,100.0
kitti,000019,1,Car,8.251,yaw_deg,0.0,1236,1236,100.0
kitti,000019,2,Van,33.347,yaw_deg,0.0,106,106,100.0
kitti,000019,3,Car,57.787,yaw_deg,0.0,19,19,100.0
kitti,000019,0,Truck,6.075,yaw_deg,0.5,2073,2073,100.0
kitti,000019,1,Car,8.251,yaw_deg,0.5,1236,1236,100.0
kitti,000019,2,Van,33.347,yaw_deg,0.5,106,99,93.396
kitti,000019,3,Car,57.787,yaw_deg,0.5,19,13,68.421
kitti,000019,0,Truck,6.075,yaw_deg,1.0,2073,2066,99.662
kitti,000019,1,Car,8.251,yaw_deg,1.0,1236,1226,99.191
kitti,000019,2,Van,33.347,yaw_deg,1.0,106,78,73.585
kitti,000019,3,Car,57.787,yaw_deg,1.0,19,6,31.579
kitti,000019,0,Truck,6.075,yaw_deg,2.0,2073,2042,98.505
kitti,000019,1,Car,8.251,yaw_deg,2.0,1236,1162,94.013
kitti,000019,2,Van,33.347,yaw_deg,2.0,106,42,39.623
kitti,000019,3,Car,57.787,yaw_deg,2.0,19,0,0.0
kitti,000019,0,Truck,6.075,yaw_deg,3.0,2073,2042,98.505
kitti,000019,1,Car,8.251,yaw_deg,3.0,1236,1098,88.835
kitti,000019,2,Van,33.347,yaw_deg,3.0,106,13,12.264
kitti,000019,3,Car,57.787,yaw_deg,3.0,19,0,0.0
kitti,000019,0,Truck,6.075,tx_m,0.02,2073,2073,100.0
kitti,000019,1,Car,8.251,tx_m,0.02,1236,1236,100.0
kitti,000019,2,Van,33.347,tx_m,0.02,106,106,100.0
kitti,000019,3,Car,57.787,tx_m,0.02,19,19,100.0
kitti,000019,0,Truck,6.075,tx_m,0.05,2073,2073,100.0
kitti,000019,1,Car,8.251,tx_m,0.05,1236,1236,100.0
kitti,000019,2,Van,33.347,tx_m,0.05,106,106,100.0
kitti,000019,3,Car,57.787,tx_m,0.05,19,19,100.0
kitti,000019,0,Truck,6.075,tx_m,0.1,2073,2073,100.0
kitti,000019,1,Car,8.251,tx_m,0.1,1236,1236,100.0
kitti,000019,2,Van,33.347,tx_m,0.1,106,106,100.0
kitti,000019,3,Car,57.787,tx_m,0.1,19,19,100.0
kitti,000021,1,Car,12.175,yaw_deg,0.0,850,850,100.0
kitti,000021,2,Car,17.574,yaw_deg,0.0,238,238,100.0
kitti,000021,3,Van,20.412,yaw_deg,0.0,964,964,100.0
kitti,000021,4,Car,24.268,yaw_deg,0.0,176,176,100.0
kitti,000021,5,Car,25.227,yaw_deg,0.0,113,113,100.0
kitti,000021,6,Car,30.206,yaw_deg,0.0,50,50,100.0
kitti,000021,7,Car,31.018,yaw_deg,0.0,28,28,100.0
kitti,000021,1,Car,12.175,yaw_deg,0.5,850,850,100.0
kitti,000021,2,Car,17.574,yaw_deg,0.5,238,238,100.0
kitti,000021,3,Van,20.412,yaw_deg,0.5,964,963,99.896
kitti,000021,4,Car,24.268,yaw_deg,0.5,176,175,99.432
kitti,000021,5,Car,25.227,yaw_deg,0.5,113,113,100.0
kitti,000021,6,Car,30.206,yaw_deg,0.5,50,47,94.0
kitti,000021,7,Car,31.018,yaw_deg,0.5,28,28,100.0
kitti,000021,1,Car,12.175,yaw_deg,1.0,850,845,99.412
kitti,000021,2,Car,17.574,yaw_deg,1.0,238,238,100.0
kitti,000021,3,Van,20.412,yaw_deg,1.0,964,923,95.747
kitti,000021,4,Car,24.268,yaw_deg,1.0,176,161,91.477
kitti,000021,5,Car,25.227,yaw_deg,1.0,113,113,100.0
kitti,000021,6,Car,30.206,yaw_deg,1.0,50,40,80.0
kitti,000021,7,Car,31.018,yaw_deg,1.0,28,28,100.0
kitti,000021,1,Car,12.175,yaw_deg,2.0,850,789,92.824
kitti,000021,2,Car,17.574,yaw_deg,2.0,238,236,99.16
kitti,000021,3,Van,20.412,yaw_deg,2.0,964,904,93.776
kitti,000021,4,Car,24.268,yaw_deg,2.0,176,122,69.318
kitti,000021,5,Car,25.227,yaw_deg,2.0,113,88,77.876
kitti,000021,6,Car,30.206,yaw_deg,2.0,50,14,28.0
kitti,000021,7,Car,31.018,yaw_deg,2.0,28,28,100.0
kitti,000021,1,Car,12.175,yaw_deg,3.0,850,717,84.353
kitti,000021,2,Car,17.574,yaw_deg,3.0,238,227,95.378
kitti,000021,3,Van,20.412,yaw_deg,3.0,964,829,85.996
kitti,000021,4,Car,24.268,yaw_deg,3.0,176,77,43.75
kitti,000021,5,Car,25.227,yaw_deg,3.0,113,51,45.133
kitti,000021,6,Car,30.206,yaw_deg,3.0,50,7,14.0
kitti,000021,7,Car,31.018,yaw_deg,3.0,28,3,10.714
kitti,000021,1,Car,12.175,tx_m,0.02,850,850,100.0
kitti,000021,2,Car,17.574,tx_m,0.02,238,238,100.0
kitti,000021,3,Van,20.412,tx_m,0.02,964,964,100.0
kitti,000021,4,Car,24.268,tx_m,0.02,176,176,100.0
kitti,000021,5,Car,25.227,tx_m,0.02,113,113,100.0
kitti,000021,6,Car,30.206,tx_m,0.02,50,50,100.0
kitti,000021,7,Car,31.018,tx_m,0.02,28,28,100.0
kitti,000021,1,Car,12.175,tx_m,0.05,850,850,100.0
kitti,000021,2,Car,17.574,tx_m,0.05,238,238,100.0
kitti,000021,3,Van,20.412,tx_m,0.05,964,964,100.0
kitti,000021,4,Car,24.268,tx_m,0.05,176,176,100.0
kitti,000021,5,Car,25.227,tx_m,0.05,113,113,100.0
kitti,000021,6,Car,30.206,tx_m,0.05,50,50,100.0
kitti,000021,7,Car,31.018,tx_m,0.05,28,28,100.0
kitti,000021,1,Car,12.175,tx_m,0.1,850,850,100.0
kitti,000021,2,Car,17.574,tx_m,0.1,238,238,100.0
kitti,000021,3,Van,20.412,tx_m,0.1,964,964,100.0
kitti,000021,4,Car,24.268,tx_m,0.1,176,176,100.0
kitti,000021,5,Car,25.227,tx_m,0.1,113,113,100.0
kitti,000021,6,Car,30.206,tx_m,0.1,50,50,100.0
kitti,000021,7,Car,31.018,tx_m,0.1,28,28,100.0
kitti,000023,1,Car,53.432,yaw_deg,0.0,13,13,100.0
kitti,000023,2,Cyclist,44.679,yaw_deg,0.0,20,20,100.0
kitti,000023,1,Car,53.432,yaw_deg,0.5,13,11,84.615
kitti,000023,2,Cyclist,44.679,yaw_deg,0.5,20,12,60.0
kitti,000023,1,Car,53.432,yaw_deg,1.0,13,7,53.846
kitti,000023,2,Cyclist,44.679,yaw_deg,1.0,20,0,0.0
kitti,000023,1,Car,53.432,yaw_deg,2.0,13,0,0.0
kitti,000023,2,Cyclist,44.679,yaw_deg,2.0,20,0,0.0
kitti,000023,1,Car,53.432,yaw_deg,3.0,13,0,0.0
kitti,000023,2,Cyclist,44.679,yaw_deg,3.0,20,0,0.0
kitti,000023,1,Car,53.432,tx_m,0.02,13,13,100.0
kitti,000023,2,Cyclist,44.679,tx_m,0.02,20,20,100.0
kitti,000023,1,Car,53.432,tx_m,0.05,13,13,100.0
kitti,000023,2,Cyclist,44.679,tx_m,0.05,20,20,100.0
kitti,000023,1,Car,53.432,tx_m,0.1,13,13,100.0
kitti,000023,2,Cyclist,44.679,tx_m,0.1,20,20,100.0
kitti,000025,1,Car,8.841,yaw_deg,0.0,1121,1121,100.0
kitti,000025,2,Car,28.405,yaw_deg,0.0,61,61,100.0
kitti,000025,3,Car,16.382,yaw_deg,0.0,316,316,100.0
kitti,000025,4,Cyclist,44.646,yaw_deg,0.0,21,21,100.0
kitti,000025,5,Car,21.098,yaw_deg,0.0,27,27,100.0
kitti,000025,1,Car,8.841,yaw_deg,0.5,1121,1118,99.732
kitti,000025,2,Car,28.405,yaw_deg,0.5,61,56,91.803
kitti,000025,3,Car,16.382,yaw_deg,0.5,316,312,98.734
kitti,000025,4,Cyclist,44.646,yaw_deg,0.5,21,5,23.81
kitti,000025,5,Car,21.098,yaw_deg,0.5,27,14,51.852
kitti,000025,1,Car,8.841,yaw_deg,1.0,1121,1095,97.681
kitti,000025,2,Car,28.405,yaw_deg,1.0,61,48,78.689
kitti,000025,3,Car,16.382,yaw_deg,1.0,316,293,92.722
kitti,000025,4,Cyclist,44.646,yaw_deg,1.0,21,0,0.0
kitti,000025,5,Car,21.098,yaw_deg,1.0,27,2,7.407
kitti,000025,1,Car,8.841,yaw_deg,2.0,1121,1015,90.544
kitti,000025,2,Car,28.405,yaw_deg,2.0,61,25,40.984
kitti,000025,3,Car,16.382,yaw_deg,2.0,316,233,73.734
kitti,000025,4,Cyclist,44.646,yaw_deg,2.0,21,0,0.0
kitti,000025,5,Car,21.098,yaw_deg,2.0,27,0,0.0
kitti,000025,1,Car,8.841,yaw_deg,3.0,1121,929,82.872
kitti,000025,2,Car,28.405,yaw_deg,3.0,61,8,13.115
kitti,000025,3,Car,16.382,yaw_deg,3.0,316,165,52.215
kitti,000025,4,Cyclist,44.646,yaw_deg,3.0,21,0,0.0
kitti,000025,5,Car,21.098,yaw_deg,3.0,27,0,0.0
kitti,000025,1,Car,8.841,tx_m,0.02,1121,1121,100.0
kitti,000025,2,Car,28.405,tx_m,0.02,61,61,100.0
kitti,000025,3,Car,16.382,tx_m,0.02,316,316,100.0
kitti,000025,4,Cyclist,44.646,tx_m,0.02,21,21,100.0
kitti,000025,5,Car,21.098,tx_m,0.02,27,27,100.0
kitti,000025,1,Car,8.841,tx_m,0.05,1121,1121,100.0
kitti,000025,2,Car,28.405,tx_m,0.05,61,61,100.0
kitti,000025,3,Car,16.382,tx_m,0.05,316,316,100.0
kitti,000025,4,Cyclist,44.646,tx_m,0.05,21,21,100.0
kitti,000025,5,Car,21.098,tx_m,0.05,27,27,100.0
kitti,000025,1,Car,8.841,tx_m,0.1,1121,1121,100.0
kitti,000025,2,Car,28.405,tx_m,0.1,61,61,100.0
kitti,000025,3,Car,16.382,tx_m,0.1,316,316,100.0
kitti,000025,4,Cyclist,44.646,tx_m,0.1,21,21,100.0
kitti,000025,5,Car,21.098,tx_m,0.1,27,27,100.0
kitti,000031,0,Car,10.632,yaw_deg,0.0,1028,1028,100.0
kitti,000031,1,Car,7.121,yaw_deg,0.0,1028,1028,100.0
kitti,000031,2,Car,11.846,yaw_deg,0.0,517,517,100.0
kitti,000031,3,Truck,21.104,yaw_deg,0.0,328,328,100.0
kitti,000031,4,Car,24.71,yaw_deg,0.0,141,141,100.0
kitti,000031,5,Van,49.861,yaw_deg,0.0,32,32,100.0
kitti,000031,0,Car,10.632,yaw_deg,0.5,1028,1025,99.708
kitti,000031,1,Car,7.121,yaw_deg,0.5,1028,1028,100.0
kitti,000031,2,Car,11.846,yaw_deg,0.5,517,508,98.259
kitti,000031,3,Truck,21.104,yaw_deg,0.5,328,320,97.561
kitti,000031,4,Car,24.71,yaw_deg,0.5,141,131,92.908
kitti,000031,5,Van,49.861,yaw_deg,0.5,32,28,87.5
kitti,000031,0,Car,10.632,yaw_deg,1.0,1028,1000,97.276
kitti,000031,1,Car,7.121,yaw_deg,1.0,1028,1017,98.93
kitti,000031,2,Car,11.846,yaw_deg,1.0,517,491,94.971
kitti,000031,3,Truck,21.104,yaw_deg,1.0,328,304,92.683
kitti,000031,4,Car,24.71,yaw_deg,1.0,141,110,78.014
kitti,000031,5,Van,49.861,yaw_deg,1.0,32,19,59.375
kitti,000031,0,Car,10.632,yaw_deg,2.0,1028,903,87.84
kitti,000031,1,Car,7.121,yaw_deg,2.0,1028,977,95.039
kitti,000031,2,Car,11.846,yaw_deg,2.0,517,432,83.559
kitti,000031,3,Truck,21.104,yaw_deg,2.0,328,255,77.744
kitti,000031,4,Car,24.71,yaw_deg,2.0,141,68,48.227
kitti,000031,5,Van,49.861,yaw_deg,2.0,32,3,9.375
kitti,000031,0,Car,10.632,yaw_deg,3.0,1028,801,77.918
kitti,000031,1,Car,7.121,yaw_deg,3.0,1028,953,92.704
kitti,000031,2,Car,11.846,yaw_deg,3.0,517,351,67.892
kitti,000031,3,Truck,21.104,yaw_deg,3.0,328,209,63.72
kitti,000031,4,Car,24.71,yaw_deg,3.0,141,29,20.567
kitti,000031,5,Van,49.861,yaw_deg,3.0,32,0,0.0
kitti,000031,0,Car,10.632,tx_m,0.02,1028,1028,100.0
kitti,000031,1,Car,7.121,tx_m,0.02,1028,1028,100.0
kitti,000031,2,Car,11.846,tx_m,0.02,517,517,100.0
kitti,000031,3,Truck,21.104,tx_m,0.02,328,328,100.0
kitti,000031,4,Car,24.71,tx_m,0.02,141,141,100.0
kitti,000031,5,Van,49.861,tx_m,0.02,32,32,100.0
kitti,000031,0,Car,10.632,tx_m,0.05,1028,1028,100.0
kitti,000031,1,Car,7.121,tx_m,0.05,1028,1028,100.0
kitti,000031,2,Car,11.846,tx_m,0.05,517,517,100.0
kitti,000031,3,Truck,21.104,tx_m,0.05,328,328,100.0
kitti,000031,4,Car,24.71,tx_m,0.05,141,141,100.0
kitti,000031,5,Van,49.861,tx_m,0.05,32,32,100.0
kitti,000031,0,Car,10.632,tx_m,0.1,1028,1028,100.0
kitti,000031,1,Car,7.121,tx_m,0.1,1028,1028,100.0
kitti,000031,2,Car,11.846,tx_m,0.1,517,517,100.0
kitti,000031,3,Truck,21.104,tx_m,0.1,328,328,100.0
kitti,000031,4,Car,24.71,tx_m,0.1,141,141,100.0
kitti,000031,5,Van,49.861,tx_m,0.1,32,32,100.0
kitti,000032,0,Car,8.048,yaw_deg,0.0,1435,1435,100.0
kitti,000032,1,Car,7.242,yaw_deg,0.0,1352,1350,99.852
kitti,000032,2,Van,12.985,yaw_deg,0.0,803,803,100.0
kitti,000032,3,Car,11.774,yaw_deg,0.0,410,410,100.0
kitti,000032,4,Car,18.457,yaw_deg,0.0,71,71,100.0
kitti,000032,5,Van,21.739,yaw_deg,0.0,584,584,100.0
kitti,000032,6,Car,23.692,yaw_deg,0.0,75,75,100.0
kitti,000032,7,Van,42.767,yaw_deg,0.0,64,64,100.0
kitti,000032,8,Van,38.137,yaw_deg,0.0,154,154,100.0
kitti,000032,9,Car,42.579,yaw_deg,0.0,39,39,100.0
kitti,000032,0,Car,8.048,yaw_deg,0.5,1435,1435,100.0
kitti,000032,1,Car,7.242,yaw_deg,0.5,1352,1352,100.0
kitti,000032,2,Van,12.985,yaw_deg,0.5,803,803,100.0
kitti,000032,3,Car,11.774,yaw_deg,0.5,410,410,100.0
kitti,000032,4,Car,18.457,yaw_deg,0.5,71,59,83.099
kitti,000032,5,Van,21.739,yaw_deg,0.5,584,584,100.0
kitti,000032,6,Car,23.692,yaw_deg,0.5,75,75,100.0
kitti,000032,7,Van,42.767,yaw_deg,0.5,64,58,90.625
kitti,000032,8,Van,38.137,yaw_deg,0.5,154,153,99.351
kitti,000032,9,Car,42.579,yaw_deg,0.5,39,34,87.179
kitti,000032,0,Car,8.048,yaw_deg,1.0,1435,1435,100.0
kitti,000032,1,Car,7.242,yaw_deg,1.0,1352,1334,98.669
kitti,000032,2,Van,12.985,yaw_deg,1.0,803,803,100.0
kitti,000032,3,Car,11.774,yaw_deg,1.0,410,395,96.341
kitti,000032,4,Car,18.457,yaw_deg,1.0,71,46,64.789
kitti,000032,5,Van,21.739,yaw_deg,1.0,584,584,100.0
kitti,000032,6,Car,23.692,yaw_deg,1.0,75,73,97.333
kitti,000032,7,Van,42.767,yaw_deg,1.0,64,43,67.188
kitti,000032,8,Van,38.137,yaw_deg,1.0,154,135,87.662
kitti,000032,9,Car,42.579,yaw_deg,1.0,39,25,64.103
kitti,000032,0,Car,8.048,yaw_deg,2.0,1435,1420,98.955
kitti,000032,1,Car,7.242,yaw_deg,2.0,1352,1274,94.231
kitti,000032,2,Van,12.985,yaw_deg,2.0,803,788,98.132
kitti,000032,3,Car,11.774,yaw_deg,2.0,410,352,85.854
kitti,000032,4,Car,18.457,yaw_deg,2.0,71,18,25.352
kitti,000032,5,Van,21.739,yaw_deg,2.0,584,584,100.0
kitti,000032,6,Car,23.692,yaw_deg,2.0,75,56,74.667
kitti,000032,7,Van,42.767,yaw_deg,2.0,64,15,23.438
kitti,000032,8,Van,38.137,yaw_deg,2.0,154,110,71.429
kitti,000032,9,Car,42.579,yaw_deg,2.0,39,8,20.513
kitti,000032,0,Car,8.048,yaw_deg,3.0,1435,1362,94.913
kitti,000032,1,Car,7.242,yaw_deg,3.0,1352,1214,89.793
kitti,000032,2,Van,12.985,yaw_deg,3.0,803,754,93.898
kitti,000032,3,Car,11.774,yaw_deg,3.0,410,298,72.683
kitti,000032,4,Car,18.457,yaw_deg,3.0,71,8,11.268
kitti,000032,5,Van,21.739,yaw_deg,3.0,584,584,100.0
kitti,000032,6,Car,23.692,yaw_deg,3.0,75,42,56.0
kitti,000032,7,Van,42.767,yaw_deg,3.0,64,0,0.0
kitti,000032,8,Van,38.137,yaw_deg,3.0,154,81,52.597
kitti,000032,9,Car,42.579,yaw_deg,3.0,39,0,0.0
kitti,000032,0,Car,8.048,tx_m,0.02,1435,1435,100.0
kitti,000032,1,Car,7.242,tx_m,0.02,1352,1352,100.0
kitti,000032,2,Van,12.985,tx_m,0.02,803,803,100.0
kitti,000032,3,Car,11.774,tx_m,0.02,410,410,100.0
kitti,000032,4,Car,18.457,tx_m,0.02,71,71,100.0
kitti,000032,5,Van,21.739,tx_m,0.02,584,584,100.0
kitti,000032,6,Car,23.692,tx_m,0.02,75,75,100.0
kitti,000032,7,Van,42.767,tx_m,0.02,64,64,100.0
kitti,000032,8,Van,38.137,tx_m,0.02,154,154,100.0
kitti,000032,9,Car,42.579,tx_m,0.02,39,39,100.0
kitti,000032,0,Car,8.048,tx_m,0.05,1435,1435,100.0
kitti,000032,1,Car,7.242,tx_m,0.05,1352,1352,100.0
kitti,000032,2,Van,12.985,tx_m,0.05,803,803,100.0
kitti,000032,3,Car,11.774,tx_m,0.05,410,410,100.0
kitti,000032,4,Car,18.457,tx_m,0.05,71,71,100.0
kitti,000032,5,Van,21.739,tx_m,0.05,584,584,100.0
kitti,000032,6,Car,23.692,tx_m,0.05,75,75,100.0
kitti,000032,7,Van,42.767,tx_m,0.05,64,64,100.0
kitti,000032,8,Van,38.137,tx_m,0.05,154,154,100.0
kitti,000032,9,Car,42.579,tx_m,0.05,39,39,100.0
kitti,000032,0,Car,8.048,tx_m,0.1,1435,1435,100.0
kitti,000032,1,Car,7.242,tx_m,0.1,1352,1352,100.0
kitti,000032,2,Van,12.985,tx_m,0.1,803,803,100.0
kitti,000032,3,Car,11.774,tx_m,0.1,410,410,100.0
kitti,000032,4,Car,18.457,tx_m,0.1,71,71,100.0
kitti,000032,5,Van,21.739,tx_m,0.1,584,584,100.0
kitti,000032,6,Car,23.692,tx_m,0.1,75,75,100.0
kitti,000032,7,Van,42.767,tx_m,0.1,64,64,100.0
kitti,000032,8,Van,38.137,tx_m,0.1,154,154,100.0
kitti,000032,9,Car,42.579,tx_m,0.1,39,39,100.0
kitti,000043,0,Pedestrian,12.48,yaw_deg,0.0,158,150,94.937
kitti,000043,1,Pedestrian,12.344,yaw_deg,0.0,183,182,99.454
kitti,000043,2,Pedestrian,20.443,yaw_deg,0.0,85,85,100.0
kitti,000043,3,Pedestrian,20.226,yaw_deg,0.0,88,86,97.727
kitti,000043,0,Pedestrian,12.48,yaw_deg,0.5,158,137,86.709
kitti,000043,1,Pedestrian,12.344,yaw_deg,0.5,183,149,81.421
kitti,000043,2,Pedestrian,20.443,yaw_deg,0.5,85,67,78.824
kitti,000043,3,Pedestrian,20.226,yaw_deg,0.5,88,66,75.0
kitti,000043,0,Pedestrian,12.48,yaw_deg,1.0,158,88,55.696
kitti,000043,1,Pedestrian,12.344,yaw_deg,1.0,183,104,56.831
kitti,000043,2,Pedestrian,20.443,yaw_deg,1.0,85,36,42.353
kitti,000043,3,Pedestrian,20.226,yaw_deg,1.0,88,24,27.273
kitti,000043,0,Pedestrian,12.48,yaw_deg,2.0,158,10,6.329
kitti,000043,1,Pedestrian,12.344,yaw_deg,2.0,183,6,3.279
kitti,000043,2,Pedestrian,20.443,yaw_deg,2.0,85,0,0.0
kitti,000043,3,Pedestrian,20.226,yaw_deg,2.0,88,1,1.136
kitti,000043,0,Pedestrian,12.48,yaw_deg,3.0,158,0,0.0
kitti,000043,1,Pedestrian,12.344,yaw_deg,3.0,183,0,0.0
kitti,000043,2,Pedestrian,20.443,yaw_deg,3.0,85,0,0.0
kitti,000043,3,Pedestrian,20.226,yaw_deg,3.0,88,0,0.0
kitti,000043,0,Pedestrian,12.48,tx_m,0.02,158,150,94.937
kitti,000043,1,Pedestrian,12.344,tx_m,0.02,183,182,99.454
kitti,000043,2,Pedestrian,20.443,tx_m,0.02,85,85,100.0
kitti,000043,3,Pedestrian,20.226,tx_m,0.02,88,86,97.727
kitti,000043,0,Pedestrian,12.48,tx_m,0.05,158,151,95.57
kitti,000043,1,Pedestrian,12.344,tx_m,0.05,183,183,100.0
kitti,000043,2,Pedestrian,20.443,tx_m,0.05,85,85,100.0
kitti,000043,3,Pedestrian,20.226,tx_m,0.05,88,86,97.727
kitti,000043,0,Pedestrian,12.48,tx_m,0.1,158,150,94.937
kitti,000043,1,Pedestrian,12.344,tx_m,0.1,183,183,100.0
kitti,000043,2,Pedestrian,20.443,tx_m,0.1,85,85,100.0
kitti,000043,3,Pedestrian,20.226,tx_m,0.1,88,87,98.864
kitti,000048,0,Pedestrian,16.771,yaw_deg,0.0,113,108,95.575
kitti,000048,1,Pedestrian,16.917,yaw_deg,0.0,132,125,94.697
kitti,000048,2,Pedestrian,16.223,yaw_deg,0.0,116,96,82.759
kitti,000048,3,Cyclist,30.672,yaw_deg,0.0,41,41,100.0
kitti,000048,0,Pedestrian,16.771,yaw_deg,0.5,113,83,73.451
kitti,000048,1,Pedestrian,16.917,yaw_deg,0.5,132,105,79.545
kitti,000048,2,Pedestrian,16.223,yaw_deg,0.5,116,61,52.586
kitti,000048,3,Cyclist,30.672,yaw_deg,0.5,41,37,90.244
kitti,000048,0,Pedestrian,16.771,yaw_deg,1.0,113,36,31.858
kitti,000048,1,Pedestrian,16.917,yaw_deg,1.0,132,69,52.273
kitti,000048,2,Pedestrian,16.223,yaw_deg,1.0,116,19,16.379
kitti,000048,3,Cyclist,30.672,yaw_deg,1.0,41,18,43.902
kitti,000048,0,Pedestrian,16.771,yaw_deg,2.0,113,2,1.77
kitti,000048,1,Pedestrian,16.917,yaw_deg,2.0,132,0,0.0
kitti,000048,2,Pedestrian,16.223,yaw_deg,2.0,116,0,0.0
kitti,000048,3,Cyclist,30.672,yaw_deg,2.0,41,0,0.0
kitti,000048,0,Pedestrian,16.771,yaw_deg,3.0,113,0,0.0
kitti,000048,1,Pedestrian,16.917,yaw_deg,3.0,132,0,0.0
kitti,000048,2,Pedestrian,16.223,yaw_deg,3.0,116,0,0.0
kitti,000048,3,Cyclist,30.672,yaw_deg,3.0,41,0,0.0
kitti,000048,0,Pedestrian,16.771,tx_m,0.02,113,108,95.575
kitti,000048,1,Pedestrian,16.917,tx_m,0.02,132,125,94.697
kitti,000048,2,Pedestrian,16.223,tx_m,0.02,116,98,84.483
kitti,000048,3,Cyclist,30.672,tx_m,0.02,41,41,100.0
kitti,000048,0,Pedestrian,16.771,tx_m,0.05,113,108,95.575
kitti,000048,1,Pedestrian,16.917,tx_m,0.05,132,125,94.697
kitti,000048,2,Pedestrian,16.223,tx_m,0.05,116,99,85.345
kitti,000048,3,Cyclist,30.672,tx_m,0.05,41,41,100.0
kitti,000048,0,Pedestrian,16.771,tx_m,0.1,113,107,94.69
kitti,000048,1,Pedestrian,16.917,tx_m,0.1,132,125,94.697
kitti,000048,2,Pedestrian,16.223,tx_m,0.1,116,101,87.069
kitti,000048,3,Cyclist,30.672,tx_m,0.1,41,41,100.0
kitti,000049,0,Car,19.998,yaw_deg,0.0,206,206,100.0
kitti,000049,1,Car,12.867,yaw_deg,0.0,930,930,100.0
kitti,000049,2,Car,20.791,yaw_deg,0.0,140,140,100.0
kitti,000049,3,Car,24.005,yaw_deg,0.0,79,79,100.0
kitti,000049,4,Car,31.159,yaw_deg,0.0,18,18,100.0
kitti,000049,5,Van,44.449,yaw_deg,0.0,79,79,100.0
kitti,000049,7,Car,8.293,yaw_deg,0.0,571,571,100.0
kitti,000049,8,Car,13.412,yaw_deg,0.0,432,432,100.0
kitti,000049,9,Car,18.736,yaw_deg,0.0,198,198,100.0
kitti,000049,10,Pedestrian,32.267,yaw_deg,0.0,42,37,88.095
kitti,000049,11,Car,31.124,yaw_deg,0.0,74,74,100.0
kitti,000049,12,Car,11.024,yaw_deg,0.0,437,437,100.0
kitti,000049,13,Car,16.608,yaw_deg,0.0,312,312,100.0
kitti,000049,15,Car,21.953,yaw_deg,0.0,8,8,100.0
kitti,000049,16,Van,30.916,yaw_deg,0.0,261,261,100.0
kitti,000049,17,Car,17.648,yaw_deg,0.0,49,49,100.0
kitti,000049,0,Car,19.998,yaw_deg,0.5,206,190,92.233
kitti,000049,1,Car,12.867,yaw_deg,0.5,930,925,99.462
kitti,000049,2,Car,20.791,yaw_deg,0.5,140,140,100.0
kitti,000049,3,Car,24.005,yaw_deg,0.5,79,79,100.0
kitti,000049,4,Car,31.159,yaw_deg,0.5,18,18,100.0
kitti,000049,5,Van,44.449,yaw_deg,0.5,79,79,100.0
kitti,000049,7,Car,8.293,yaw_deg,0.5,571,565,98.949
kitti,000049,8,Car,13.412,yaw_deg,0.5,432,426,98.611
kitti,000049,9,Car,18.736,yaw_deg,0.5,198,195,98.485
kitti,000049,10,Pedestrian,32.267,yaw_deg,0.5,42,24,57.143
kitti,000049,11,Car,31.124,yaw_deg,0.5,74,74,100.0
kitti,000049,12,Car,11.024,yaw_deg,0.5,437,437,100.0
kitti,000049,13,Car,16.608,yaw_deg,0.5,312,312,100.0
kitti,000049,15,Car,21.953,yaw_deg,0.5,8,8,100.0
kitti,000049,16,Van,30.916,yaw_deg,0.5,261,250,95.785
kitti,000049,17,Car,17.648,yaw_deg,0.5,49,48,97.959
kitti,000049,0,Car,19.998,yaw_deg,1.0,206,165,80.097
kitti,000049,1,Car,12.867,yaw_deg,1.0,930,903,97.097
kitti,000049,2,Car,20.791,yaw_deg,1.0,140,140,100.0
kitti,000049,3,Car,24.005,yaw_deg,1.0,79,79,100.0
kitti,000049,4,Car,31.159,yaw_deg,1.0,18,18,100.0
kitti,000049,5,Van,44.449,yaw_deg,1.0,79,76,96.203
kitti,000049,7,Car,8.293,yaw_deg,1.0,571,543,95.096
kitti,000049,8,Car,13.412,yaw_deg,1.0,432,406,93.981
kitti,000049,9,Car,18.736,yaw_deg,1.0,198,167,84.343
kitti,000049,10,Pedestrian,32.267,yaw_deg,1.0,42,2,4.762
kitti,000049,11,Car,31.124,yaw_deg,1.0,74,74,100.0
kitti,000049,12,Car,11.024,yaw_deg,1.0,437,437,100.0
kitti,000049,13,Car,16.608,yaw_deg,1.0,312,312,100.0
kitti,000049,15,Car,21.953,yaw_deg,1.0,8,8,100.0
kitti,000049,16,Van,30.916,yaw_deg,1.0,261,235,90.038
kitti,000049,17,Car,17.648,yaw_deg,1.0,49,41,83.673
kitti,000049,0,Car,19.998,yaw_deg,2.0,206,116,56.311
kitti,000049,1,Car,12.867,yaw_deg,2.0,930,854,91.828
kitti,000049,2,Car,20.791,yaw_deg,2.0,140,140,100.0
kitti,000049,3,Car,24.005,yaw_deg,2.0,79,79,100.0
kitti,000049,4,Car,31.159,yaw_deg,2.0,18,18,100.0
kitti,000049,5,Van,44.449,yaw_deg,2.0,79,69,87.342
kitti,000049,7,Car,8.293,yaw_deg,2.0,571,495,86.69
kitti,000049,8,Car,13.412,yaw_deg,2.0,432,359,83.102
kitti,000049,9,Car,18.736,yaw_deg,2.0,198,102,51.515
kitti,000049,10,Pedestrian,32.267,yaw_deg,2.0,42,0,0.0
kitti,000049,11,Car,31.124,yaw_deg,2.0,74,73,98.649
kitti,000049,12,Car,11.024,yaw_deg,2.0,437,421,96.339
kitti,000049,13,Car,16.608,yaw_deg,2.0,312,311,99.679
kitti,000049,15,Car,21.953,yaw_deg,2.0,8,8,100.0
kitti,000049,16,Van,30.916,yaw_deg,2.0,261,199,76.245
kitti,000049,17,Car,17.648,yaw_deg,2.0,49,20,40.816
kitti,000049,0,Car,19.998,yaw_deg,3.0,206,74,35.922
kitti,000049,1,Car,12.867,yaw_deg,3.0,930,797,85.699
kitti,000049,2,Car,20.791,yaw_deg,3.0,140,138,98.571
kitti,000049,3,Car,24.005,yaw_deg,3.0,79,76,96.203
kitti,000049,4,Car,31.159,yaw_deg,3.0,18,18,100.0
kitti,000049,5,Van,44.449,yaw_deg,3.0,79,59,74.684
kitti,000049,7,Car,8.293,yaw_deg,3.0,571,464,81.261
kitti,000049,8,Car,13.412,yaw_deg,3.0,432,298,68.981
kitti,000049,9,Car,18.736,yaw_deg,3.0,198,38,19.192
kitti,000049,10,Pedestrian,32.267,yaw_deg,3.0,42,0,0.0
kitti,000049,11,Car,31.124,yaw_deg,3.0,74,62,83.784
kitti,000049,12,Car,11.024,yaw_deg,3.0,437,385,88.101
kitti,000049,13,Car,16.608,yaw_deg,3.0,312,292,93.59
kitti,000049,15,Car,21.953,yaw_deg,3.0,8,7,87.5
kitti,000049,16,Van,30.916,yaw_deg,3.0,261,168,64.368
kitti,000049,17,Car,17.648,yaw_deg,3.0,49,10,20.408
kitti,000049,0,Car,19.998,tx_m,0.02,206,206,100.0
kitti,000049,1,Car,12.867,tx_m,0.02,930,930,100.0
kitti,000049,2,Car,20.791,tx_m,0.02,140,140,100.0
kitti,000049,3,Car,24.005,tx_m,0.02,79,79,100.0
kitti,000049,4,Car,31.159,tx_m,0.02,18,18,100.0
kitti,000049,5,Van,44.449,tx_m,0.02,79,79,100.0
kitti,000049,7,Car,8.293,tx_m,0.02,571,571,100.0
kitti,000049,8,Car,13.412,tx_m,0.02,432,432,100.0
kitti,000049,9,Car,18.736,tx_m,0.02,198,198,100.0
kitti,000049,10,Pedestrian,32.267,tx_m,0.02,42,37,88.095
kitti,000049,11,Car,31.124,tx_m,0.02,74,74,100.0
kitti,000049,12,Car,11.024,tx_m,0.02,437,437,100.0
kitti,000049,13,Car,16.608,tx_m,0.02,312,312,100.0
kitti,000049,15,Car,21.953,tx_m,0.02,8,8,100.0
kitti,000049,16,Van,30.916,tx_m,0.02,261,261,100.0
kitti,000049,17,Car,17.648,tx_m,0.02,49,49,100.0
kitti,000049,0,Car,19.998,tx_m,0.05,206,206,100.0
kitti,000049,1,Car,12.867,tx_m,0.05,930,930,100.0
kitti,000049,2,Car,20.791,tx_m,0.05,140,140,100.0
kitti,000049,3,Car,24.005,tx_m,0.05,79,79,100.0
kitti,000049,4,Car,31.159,tx_m,0.05,18,18,100.0
kitti,000049,5,Van,44.449,tx_m,0.05,79,79,100.0
kitti,000049,7,Car,8.293,tx_m,0.05,571,571,100.0
kitti,000049,8,Car,13.412,tx_m,0.05,432,432,100.0
kitti,000049,9,Car,18.736,tx_m,0.05,198,198,100.0
kitti,000049,10,Pedestrian,32.267,tx_m,0.05,42,37,88.095
kitti,000049,11,Car,31.124,tx_m,0.05,74,74,100.0
kitti,000049,12,Car,11.024,tx_m,0.05,437,437,100.0
kitti,000049,13,Car,16.608,tx_m,0.05,312,312,100.0
kitti,000049,15,Car,21.953,tx_m,0.05,8,8,100.0
kitti,000049,16,Van,30.916,tx_m,0.05,261,261,100.0
kitti,000049,17,Car,17.648,tx_m,0.05,49,49,100.0
kitti,000049,0,Car,19.998,tx_m,0.1,206,206,100.0
kitti,000049,1,Car,12.867,tx_m,0.1,930,930,100.0
kitti,000049,2,Car,20.791,tx_m,0.1,140,140,100.0
kitti,000049,3,Car,24.005,tx_m,0.1,79,79,100.0
kitti,000049,4,Car,31.159,tx_m,0.1,18,18,100.0
kitti,000049,5,Van,44.449,tx_m,0.1,79,79,100.0
kitti,000049,7,Car,8.293,tx_m,0.1,571,571,100.0
kitti,000049,8,Car,13.412,tx_m,0.1,432,432,100.0
kitti,000049,9,Car,18.736,tx_m,0.1,198,198,100.0
kitti,000049,10,Pedestrian,32.267,tx_m,0.1,42,37,88.095
kitti,000049,11,Car,31.124,tx_m,0.1,74,74,100.0
kitti,000049,12,Car,11.024,tx_m,0.1,437,437,100.0
kitti,000049,13,Car,16.608,tx_m,0.1,312,312,100.0
kitti,000049,15,Car,21.953,tx_m,0.1,8,8,100.0
kitti,000049,16,Van,30.916,tx_m,0.1,261,261,100.0
kitti,000049,17,Car,17.648,tx_m,0.1,49,49,100.0
kitti,000061,0,Van,13.057,yaw_deg,0.0,989,989,100.0
kitti,000061,1,Car,10.287,yaw_deg,0.0,108,108,100.0
kitti,000061,2,Car,32.199,yaw_deg,0.0,6,6,100.0
kitti,000061,3,Car,16.036,yaw_deg,0.0,145,145,100.0
kitti,000061,4,Misc,33.545,yaw_deg,0.0,86,86,100.0
kitti,000061,5,Van,38.414,yaw_deg,0.0,14,14,100.0
kitti,000061,0,Van,13.057,yaw_deg,0.5,989,987,99.798
kitti,000061,1,Car,10.287,yaw_deg,0.5,108,73,67.593
kitti,000061,2,Car,32.199,yaw_deg,0.5,6,6,100.0
kitti,000061,3,Car,16.036,yaw_deg,0.5,145,145,100.0
kitti,000061,4,Misc,33.545,yaw_deg,0.5,86,77,89.535
kitti,000061,5,Van,38.414,yaw_deg,0.5,14,11,78.571
kitti,000061,0,Van,13.057,yaw_deg,1.0,989,959,96.967
kitti,000061,1,Car,10.287,yaw_deg,1.0,108,34,31.481
kitti,000061,2,Car,32.199,yaw_deg,1.0,6,4,66.667
kitti,000061,3,Car,16.036,yaw_deg,1.0,145,144,99.31
kitti,000061,4,Misc,33.545,yaw_deg,1.0,86,63,73.256
kitti,000061,5,Van,38.414,yaw_deg,1.0,14,9,64.286
kitti,000061,0,Van,13.057,yaw_deg,2.0,989,855,86.451
kitti,000061,1,Car,10.287,yaw_deg,2.0,108,0,0.0
kitti,000061,2,Car,32.199,yaw_deg,2.0,6,0,0.0
kitti,000061,3,Car,16.036,yaw_deg,2.0,145,121,83.448
kitti,000061,4,Misc,33.545,yaw_deg,2.0,86,41,47.674
kitti,000061,5,Van,38.414,yaw_deg,2.0,14,5,35.714
kitti,000061,0,Van,13.057,yaw_deg,3.0,989,739,74.722
kitti,000061,1,Car,10.287,yaw_deg,3.0,108,0,0.0
kitti,000061,2,Car,32.199,yaw_deg,3.0,6,0,0.0
kitti,000061,3,Car,16.036,yaw_deg,3.0,145,65,44.828
kitti,000061,4,Misc,33.545,yaw_deg,3.0,86,14,16.279
kitti,000061,5,Van,38.414,yaw_deg,3.0,14,0,0.0
kitti,000061,0,Van,13.057,tx_m,0.02,989,989,100.0
kitti,000061,1,Car,10.287,tx_m,0.02,108,108,100.0
kitti,000061,2,Car,32.199,tx_m,0.02,6,6,100.0
kitti,000061,3,Car,16.036,tx_m,0.02,145,145,100.0
kitti,000061,4,Misc,33.545,tx_m,0.02,86,86,100.0
kitti,000061,5,Van,38.414,tx_m,0.02,14,14,100.0
kitti,000061,0,Van,13.057,tx_m,0.05,989,989,100.0
kitti,000061,1,Car,10.287,tx_m,0.05,108,108,100.0
kitti,000061,2,Car,32.199,tx_m,0.05,6,6,100.0
kitti,000061,3,Car,16.036,tx_m,0.05,145,145,100.0
kitti,000061,4,Misc,33.545,tx_m,0.05,86,86,100.0
kitti,000061,5,Van,38.414,tx_m,0.05,14,14,100.0
kitti,000061,0,Van,13.057,tx_m,0.1,989,989,100.0
kitti,000061,1,Car,10.287,tx_m,0.1,108,107,99.074
kitti,000061,2,Car,32.199,tx_m,0.1,6,6,100.0
kitti,000061,3,Car,16.036,tx_m,0.1,145,145,100.0
kitti,000061,4,Misc,33.545,tx_m,0.1,86,86,100.0
kitti,000061,5,Van,38.414,tx_m,0.1,14,14,100.0
nuscenes,scene-0103_000,1,Pedestrian,16.865,yaw_deg,0.0,8,8,100.0
nuscenes,scene-0103_000,2,Pedestrian,29.02,yaw_deg,0.0,5,5,100.0
nuscenes,scene-0103_000,4,Pedestrian,18.702,yaw_deg,0.0,9,9,100.0
nuscenes,scene-0103_000,5,Pedestrian,26.456,yaw_deg,0.0,5,5,100.0
nuscenes,scene-0103_000,1,Pedestrian,16.865,yaw_deg,0.5,8,8,100.0
nuscenes,scene-0103_000,2,Pedestrian,29.02,yaw_deg,0.5,5,5,100.0
nuscenes,scene-0103_000,4,Pedestrian,18.702,yaw_deg,0.5,9,9,100.0
nuscenes,scene-0103_000,5,Pedestrian,26.456,yaw_deg,0.5,5,4,80.0
nuscenes,scene-0103_000,1,Pedestrian,16.865,yaw_deg,1.0,8,7,87.5
nuscenes,scene-0103_000,2,Pedestrian,29.02,yaw_deg,1.0,5,1,20.0
nuscenes,scene-0103_000,4,Pedestrian,18.702,yaw_deg,1.0,9,7,77.778
nuscenes,scene-0103_000,5,Pedestrian,26.456,yaw_deg,1.0,5,1,20.0
nuscenes,scene-0103_000,1,Pedestrian,16.865,yaw_deg,2.0,8,1,12.5
nuscenes,scene-0103_000,2,Pedestrian,29.02,yaw_deg,2.0,5,0,0.0
nuscenes,scene-0103_000,4,Pedestrian,18.702,yaw_deg,2.0,9,0,0.0
nuscenes,scene-0103_000,5,Pedestrian,26.456,yaw_deg,2.0,5,0,0.0
nuscenes,scene-0103_000,1,Pedestrian,16.865,yaw_deg,3.0,8,0,0.0
nuscenes,scene-0103_000,2,Pedestrian,29.02,yaw_deg,3.0,5,0,0.0
nuscenes,scene-0103_000,4,Pedestrian,18.702,yaw_deg,3.0,9,0,0.0
nuscenes,scene-0103_000,5,Pedestrian,26.456,yaw_deg,3.0,5,0,0.0
nuscenes,scene-0103_000,1,Pedestrian,16.865,tx_m,0.02,8,8,100.0
nuscenes,scene-0103_000,2,Pedestrian,29.02,tx_m,0.02,5,5,100.0
nuscenes,scene-0103_000,4,Pedestrian,18.702,tx_m,0.02,9,9,100.0
nuscenes,scene-0103_000,5,Pedestrian,26.456,tx_m,0.02,5,5,100.0
nuscenes,scene-0103_000,1,Pedestrian,16.865,tx_m,0.05,8,8,100.0
nuscenes,scene-0103_000,2,Pedestrian,29.02,tx_m,0.05,5,5,100.0
nuscenes,scene-0103_000,4,Pedestrian,18.702,tx_m,0.05,9,9,100.0
nuscenes,scene-0103_000,5,Pedestrian,26.456,tx_m,0.05,5,5,100.0
nuscenes,scene-0103_000,1,Pedestrian,16.865,tx_m,0.1,8,8,100.0
nuscenes,scene-0103_000,2,Pedestrian,29.02,tx_m,0.1,5,5,100.0
nuscenes,scene-0103_000,4,Pedestrian,18.702,tx_m,0.1,9,9,100.0
nuscenes,scene-0103_000,5,Pedestrian,26.456,tx_m,0.1,5,5,100.0
nuscenes,scene-0103_001,1,Pedestrian,11.949,yaw_deg,0.0,20,20,100.0
nuscenes,scene-0103_001,2,Pedestrian,24.203,yaw_deg,0.0,5,5,100.0
nuscenes,scene-0103_001,9,Pedestrian,26.96,yaw_deg,0.0,5,5,100.0
nuscenes,scene-0103_001,16,Pedestrian,23.238,yaw_deg,0.0,5,5,100.0
nuscenes,scene-0103_001,18,Pedestrian,25.092,yaw_deg,0.0,6,6,100.0
nuscenes,scene-0103_001,1,Pedestrian,11.949,yaw_deg,0.5,20,20,100.0
nuscenes,scene-0103_001,2,Pedestrian,24.203,yaw_deg,0.5,5,4,80.0
nuscenes,scene-0103_001,9,Pedestrian,26.96,yaw_deg,0.5,5,5,100.0
nuscenes,scene-0103_001,16,Pedestrian,23.238,yaw_deg,0.5,5,4,80.0
nuscenes,scene-0103_001,18,Pedestrian,25.092,yaw_deg,0.5,6,5,83.333
nuscenes,scene-0103_001,1,Pedestrian,11.949,yaw_deg,1.0,20,20,100.0
nuscenes,scene-0103_001,2,Pedestrian,24.203,yaw_deg,1.0,5,3,60.0
nuscenes,scene-0103_001,9,Pedestrian,26.96,yaw_deg,1.0,5,2,40.0
nuscenes,scene-0103_001,16,Pedestrian,23.238,yaw_deg,1.0,5,3,60.0
nuscenes,scene-0103_001,18,Pedestrian,25.092,yaw_deg,1.0,6,1,16.667
nuscenes,scene-0103_001,1,Pedestrian,11.949,yaw_deg,2.0,20,13,65.0
nuscenes,scene-0103_001,2,Pedestrian,24.203,yaw_deg,2.0,5,0,0.0
nuscenes,scene-0103_001,9,Pedestrian,26.96,yaw_deg,2.0,5,0,0.0
nuscenes,scene-0103_001,16,Pedestrian,23.238,yaw_deg,2.0,5,0,0.0
nuscenes,scene-0103_001,18,Pedestrian,25.092,yaw_deg,2.0,6,0,0.0
nuscenes,scene-0103_001,1,Pedestrian,11.949,yaw_deg,3.0,20,0,0.0
nuscenes,scene-0103_001,2,Pedestrian,24.203,yaw_deg,3.0,5,0,0.0
nuscenes,scene-0103_001,9,Pedestrian,26.96,yaw_deg,3.0,5,0,0.0
nuscenes,scene-0103_001,16,Pedestrian,23.238,yaw_deg,3.0,5,0,0.0
nuscenes,scene-0103_001,18,Pedestrian,25.092,yaw_deg,3.0,6,0,0.0
nuscenes,scene-0103_001,1,Pedestrian,11.949,tx_m,0.02,20,20,100.0
nuscenes,scene-0103_001,2,Pedestrian,24.203,tx_m,0.02,5,5,100.0
nuscenes,scene-0103_001,9,Pedestrian,26.96,tx_m,0.02,5,5,100.0
nuscenes,scene-0103_001,16,Pedestrian,23.238,tx_m,0.02,5,5,100.0
nuscenes,scene-0103_001,18,Pedestrian,25.092,tx_m,0.02,6,6,100.0
nuscenes,scene-0103_001,1,Pedestrian,11.949,tx_m,0.05,20,19,95.0
nuscenes,scene-0103_001,2,Pedestrian,24.203,tx_m,0.05,5,5,100.0
nuscenes,scene-0103_001,9,Pedestrian,26.96,tx_m,0.05,5,5,100.0
nuscenes,scene-0103_001,16,Pedestrian,23.238,tx_m,0.05,5,5,100.0
nuscenes,scene-0103_001,18,Pedestrian,25.092,tx_m,0.05,6,6,100.0
nuscenes,scene-0103_001,1,Pedestrian,11.949,tx_m,0.1,20,17,85.0
nuscenes,scene-0103_001,2,Pedestrian,24.203,tx_m,0.1,5,5,100.0
nuscenes,scene-0103_001,9,Pedestrian,26.96,tx_m,0.1,5,5,100.0
nuscenes,scene-0103_001,16,Pedestrian,23.238,tx_m,0.1,5,5,100.0
nuscenes,scene-0103_001,18,Pedestrian,25.092,tx_m,0.1,6,6,100.0
nuscenes,scene-0103_002,1,Pedestrian,19.408,yaw_deg,0.0,11,11,100.0
nuscenes,scene-0103_002,2,Pedestrian,27.255,yaw_deg,0.0,5,5,100.0
nuscenes,scene-0103_002,5,Pedestrian,19.937,yaw_deg,0.0,8,8,100.0
nuscenes,scene-0103_002,8,Pedestrian,22.293,yaw_deg,0.0,5,5,100.0
nuscenes,scene-0103_002,1,Pedestrian,19.408,yaw_deg,0.5,11,8,72.727
nuscenes,scene-0103_002,2,Pedestrian,27.255,yaw_deg,0.5,5,3,60.0
nuscenes,scene-0103_002,5,Pedestrian,19.937,yaw_deg,0.5,8,7,87.5
nuscenes,scene-0103_002,8,Pedestrian,22.293,yaw_deg,0.5,5,5,100.0
nuscenes,scene-0103_002,1,Pedestrian,19.408,yaw_deg,1.0,11,7,63.636
nuscenes,scene-0103_002,2,Pedestrian,27.255,yaw_deg,1.0,5,0,0.0
nuscenes,scene-0103_002,5,Pedestrian,19.937,yaw_deg,1.0,8,6,75.0
nuscenes,scene-0103_002,8,Pedestrian,22.293,yaw_deg,1.0,5,1,20.0
nuscenes,scene-0103_002,1,Pedestrian,19.408,yaw_deg,2.0,11,1,9.091
nuscenes,scene-0103_002,2,Pedestrian,27.255,yaw_deg,2.0,5,0,0.0
nuscenes,scene-0103_002,5,Pedestrian,19.937,yaw_deg,2.0,8,0,0.0
nuscenes,scene-0103_002,8,Pedestrian,22.293,yaw_deg,2.0,5,0,0.0
nuscenes,scene-0103_002,1,Pedestrian,19.408,yaw_deg,3.0,11,0,0.0
nuscenes,scene-0103_002,2,Pedestrian,27.255,yaw_deg,3.0,5,0,0.0
nuscenes,scene-0103_002,5,Pedestrian,19.937,yaw_deg,3.0,8,0,0.0
nuscenes,scene-0103_002,8,Pedestrian,22.293,yaw_deg,3.0,5,0,0.0
nuscenes,scene-0103_002,1,Pedestrian,19.408,tx_m,0.02,11,11,100.0
nuscenes,scene-0103_002,2,Pedestrian,27.255,tx_m,0.02,5,5,100.0
nuscenes,scene-0103_002,5,Pedestrian,19.937,tx_m,0.02,8,8,100.0
nuscenes,scene-0103_002,8,Pedestrian,22.293,tx_m,0.02,5,5,100.0
nuscenes,scene-0103_002,1,Pedestrian,19.408,tx_m,0.05,11,11,100.0
nuscenes,scene-0103_002,2,Pedestrian,27.255,tx_m,0.05,5,5,100.0
nuscenes,scene-0103_002,5,Pedestrian,19.937,tx_m,0.05,8,8,100.0
nuscenes,scene-0103_002,8,Pedestrian,22.293,tx_m,0.05,5,5,100.0
nuscenes,scene-0103_002,1,Pedestrian,19.408,tx_m,0.1,11,11,100.0
nuscenes,scene-0103_002,2,Pedestrian,27.255,tx_m,0.1,5,5,100.0
nuscenes,scene-0103_002,5,Pedestrian,19.937,tx_m,0.1,8,8,100.0
nuscenes,scene-0103_002,8,Pedestrian,22.293,tx_m,0.1,5,5,100.0
nuscenes,scene-0103_003,0,Pedestrian,21.571,yaw_deg,0.0,5,5,100.0
nuscenes,scene-0103_003,1,Pedestrian,14.646,yaw_deg,0.0,15,15,100.0
nuscenes,scene-0103_003,3,Car,37.758,yaw_deg,0.0,7,7,100.0
nuscenes,scene-0103_003,8,Pedestrian,17.866,yaw_deg,0.0,8,8,100.0
nuscenes,scene-0103_003,14,Car,20.631,yaw_deg,0.0,12,12,100.0
nuscenes,scene-0103_003,0,Pedestrian,21.571,yaw_deg,0.5,5,5,100.0
nuscenes,scene-0103_003,1,Pedestrian,14.646,yaw_deg,0.5,15,15,100.0
nuscenes,scene-0103_003,3,Car,37.758,yaw_deg,0.5,7,6,85.714
nuscenes,scene-0103_003,8,Pedestrian,17.866,yaw_deg,0.5,8,8,100.0
nuscenes,scene-0103_003,14,Car,20.631,yaw_deg,0.5,12,12,100.0
nuscenes,scene-0103_003,0,Pedestrian,21.571,yaw_deg,1.0,5,3,60.0
nuscenes,scene-0103_003,1,Pedestrian,14.646,yaw_deg,1.0,15,12,80.0
nuscenes,scene-0103_003,3,Car,37.758,yaw_deg,1.0,7,5,71.429
nuscenes,scene-0103_003,8,Pedestrian,17.866,yaw_deg,1.0,8,5,62.5
nuscenes,scene-0103_003,14,Car,20.631,yaw_deg,1.0,12,12,100.0
nuscenes,scene-0103_003,0,Pedestrian,21.571,yaw_deg,2.0,5,0,0.0
nuscenes,scene-0103_003,1,Pedestrian,14.646,yaw_deg,2.0,15,3,20.0
nuscenes,scene-0103_003,3,Car,37.758,yaw_deg,2.0,7,2,28.571
nuscenes,scene-0103_003,8,Pedestrian,17.866,yaw_deg,2.0,8,0,0.0
nuscenes,scene-0103_003,14,Car,20.631,yaw_deg,2.0,12,11,91.667
nuscenes,scene-0103_003,0,Pedestrian,21.571,yaw_deg,3.0,5,0,0.0
nuscenes,scene-0103_003,1,Pedestrian,14.646,yaw_deg,3.0,15,0,0.0
nuscenes,scene-0103_003,3,Car,37.758,yaw_deg,3.0,7,0,0.0
nuscenes,scene-0103_003,8,Pedestrian,17.866,yaw_deg,3.0,8,0,0.0
nuscenes,scene-0103_003,14,Car,20.631,yaw_deg,3.0,12,6,50.0
nuscenes,scene-0103_003,0,Pedestrian,21.571,tx_m,0.02,5,5,100.0
nuscenes,scene-0103_003,1,Pedestrian,14.646,tx_m,0.02,15,15,100.0
nuscenes,scene-0103_003,3,Car,37.758,tx_m,0.02,7,7,100.0
nuscenes,scene-0103_003,8,Pedestrian,17.866,tx_m,0.02,8,8,100.0
nuscenes,scene-0103_003,14,Car,20.631,tx_m,0.02,12,12,100.0
nuscenes,scene-0103_003,0,Pedestrian,21.571,tx_m,0.05,5,5,100.0
nuscenes,scene-0103_003,1,Pedestrian,14.646,tx_m,0.05,15,15,100.0
nuscenes,scene-0103_003,3,Car,37.758,tx_m,0.05,7,7,100.0
nuscenes,scene-0103_003,8,Pedestrian,17.866,tx_m,0.05,8,8,100.0
nuscenes,scene-0103_003,14,Car,20.631,tx_m,0.05,12,12,100.0
nuscenes,scene-0103_003,0,Pedestrian,21.571,tx_m,0.1,5,5,100.0
nuscenes,scene-0103_003,1,Pedestrian,14.646,tx_m,0.1,15,15,100.0
nuscenes,scene-0103_003,3,Car,37.758,tx_m,0.1,7,7,100.0
nuscenes,scene-0103_003,8,Pedestrian,17.866,tx_m,0.1,8,8,100.0
nuscenes,scene-0103_003,14,Car,20.631,tx_m,0.1,12,12,100.0
nuscenes,scene-0103_004,0,Pedestrian,16.629,yaw_deg,0.0,10,10,100.0
nuscenes,scene-0103_004,1,Pedestrian,18.602,yaw_deg,0.0,6,6,100.0
nuscenes,scene-0103_004,6,Pedestrian,19.065,yaw_deg,0.0,7,7,100.0
nuscenes,scene-0103_004,8,Pedestrian,13.407,yaw_deg,0.0,16,16,100.0
nuscenes,scene-0103_004,12,Pedestrian,15.626,yaw_deg,0.0,9,9,100.0
nuscenes,scene-0103_004,16,Car,12.172,yaw_deg,0.0,53,53,100.0
nuscenes,scene-0103_004,17,Car,46.174,yaw_deg,0.0,5,5,100.0
nuscenes,scene-0103_004,22,Pedestrian,15.516,yaw_deg,0.0,6,6,100.0
nuscenes,scene-0103_004,0,Pedestrian,16.629,yaw_deg,0.5,10,3,30.0
nuscenes,scene-0103_004,1,Pedestrian,18.602,yaw_deg,0.5,6,4,66.667
nuscenes,scene-0103_004,6,Pedestrian,19.065,yaw_deg,0.5,7,7,100.0
nuscenes,scene-0103_004,8,Pedestrian,13.407,yaw_deg,0.5,16,16,100.0
nuscenes,scene-0103_004,12,Pedestrian,15.626,yaw_deg,0.5,9,9,100.0
nuscenes,scene-0103_004,16,Car,12.172,yaw_deg,0.5,53,53,100.0
nuscenes,scene-0103_004,17,Car,46.174,yaw_deg,0.5,5,5,100.0
nuscenes,scene-0103_004,22,Pedestrian,15.516,yaw_deg,0.5,6,5,83.333
nuscenes,scene-0103_004,0,Pedestrian,16.629,yaw_deg,1.0,10,0,0.0
nuscenes,scene-0103_004,1,Pedestrian,18.602,yaw_deg,1.0,6,4,66.667
nuscenes,scene-0103_004,6,Pedestrian,19.065,yaw_deg,1.0,7,2,28.571
nuscenes,scene-0103_004,8,Pedestrian,13.407,yaw_deg,1.0,16,15,93.75
nuscenes,scene-0103_004,12,Pedestrian,15.626,yaw_deg,1.0,9,7,77.778
nuscenes,scene-0103_004,16,Car,12.172,yaw_deg,1.0,53,53,100.0
nuscenes,scene-0103_004,17,Car,46.174,yaw_deg,1.0,5,4,80.0
nuscenes,scene-0103_004,22,Pedestrian,15.516,yaw_deg,1.0,6,4,66.667
nuscenes,scene-0103_004,0,Pedestrian,16.629,yaw_deg,2.0,10,0,0.0
nuscenes,scene-0103_004,1,Pedestrian,18.602,yaw_deg,2.0,6,0,0.0
nuscenes,scene-0103_004,6,Pedestrian,19.065,yaw_deg,2.0,7,0,0.0
nuscenes,scene-0103_004,8,Pedestrian,13.407,yaw_deg,2.0,16,7,43.75
nuscenes,scene-0103_004,12,Pedestrian,15.626,yaw_deg,2.0,9,0,0.0
nuscenes,scene-0103_004,16,Car,12.172,yaw_deg,2.0,53,51,96.226
nuscenes,scene-0103_004,17,Car,46.174,yaw_deg,2.0,5,1,20.0
nuscenes,scene-0103_004,22,Pedestrian,15.516,yaw_deg,2.0,6,0,0.0
nuscenes,scene-0103_004,0,Pedestrian,16.629,yaw_deg,3.0,10,0,0.0
nuscenes,scene-0103_004,1,Pedestrian,18.602,yaw_deg,3.0,6,0,0.0
nuscenes,scene-0103_004,6,Pedestrian,19.065,yaw_deg,3.0,7,0,0.0
nuscenes,scene-0103_004,8,Pedestrian,13.407,yaw_deg,3.0,16,0,0.0
nuscenes,scene-0103_004,12,Pedestrian,15.626,yaw_deg,3.0,9,0,0.0
nuscenes,scene-0103_004,16,Car,12.172,yaw_deg,3.0,53,47,88.679
nuscenes,scene-0103_004,17,Car,46.174,yaw_deg,3.0,5,0,0.0
nuscenes,scene-0103_004,22,Pedestrian,15.516,yaw_deg,3.0,6,0,0.0
nuscenes,scene-0103_004,0,Pedestrian,16.629,tx_m,0.02,10,10,100.0
nuscenes,scene-0103_004,1,Pedestrian,18.602,tx_m,0.02,6,6,100.0
nuscenes,scene-0103_004,6,Pedestrian,19.065,tx_m,0.02,7,7,100.0
nuscenes,scene-0103_004,8,Pedestrian,13.407,tx_m,0.02,16,16,100.0
nuscenes,scene-0103_004,12,Pedestrian,15.626,tx_m,0.02,9,9,100.0
nuscenes,scene-0103_004,16,Car,12.172,tx_m,0.02,53,53,100.0
nuscenes,scene-0103_004,17,Car,46.174,tx_m,0.02,5,5,100.0
nuscenes,scene-0103_004,22,Pedestrian,15.516,tx_m,0.02,6,6,100.0
nuscenes,scene-0103_004,0,Pedestrian,16.629,tx_m,0.05,10,10,100.0
nuscenes,scene-0103_004,1,Pedestrian,18.602,tx_m,0.05,6,6,100.0
nuscenes,scene-0103_004,6,Pedestrian,19.065,tx_m,0.05,7,7,100.0
nuscenes,scene-0103_004,8,Pedestrian,13.407,tx_m,0.05,16,16,100.0
nuscenes,scene-0103_004,12,Pedestrian,15.626,tx_m,0.05,9,9,100.0
nuscenes,scene-0103_004,16,Car,12.172,tx_m,0.05,53,53,100.0
nuscenes,scene-0103_004,17,Car,46.174,tx_m,0.05,5,5,100.0
nuscenes,scene-0103_004,22,Pedestrian,15.516,tx_m,0.05,6,6,100.0
nuscenes,scene-0103_004,0,Pedestrian,16.629,tx_m,0.1,10,10,100.0
nuscenes,scene-0103_004,1,Pedestrian,18.602,tx_m,0.1,6,6,100.0
nuscenes,scene-0103_004,6,Pedestrian,19.065,tx_m,0.1,7,7,100.0
nuscenes,scene-0103_004,8,Pedestrian,13.407,tx_m,0.1,16,16,100.0
nuscenes,scene-0103_004,12,Pedestrian,15.626,tx_m,0.1,9,9,100.0
nuscenes,scene-0103_004,16,Car,12.172,tx_m,0.1,53,53,100.0
nuscenes,scene-0103_004,17,Car,46.174,tx_m,0.1,5,5,100.0
nuscenes,scene-0103_004,22,Pedestrian,15.516,tx_m,0.1,6,4,66.667
nuscenes,scene-0103_005,0,Pedestrian,14.057,yaw_deg,0.0,13,13,100.0
nuscenes,scene-0103_005,4,Pedestrian,14.638,yaw_deg,0.0,9,9,100.0
nuscenes,scene-0103_005,5,Car,44.303,yaw_deg,0.0,6,6,100.0
nuscenes,scene-0103_005,7,Car,27.797,yaw_deg,0.0,5,5,100.0
nuscenes,scene-0103_005,9,Pedestrian,16.667,yaw_deg,0.0,7,7,100.0
nuscenes,scene-0103_005,12,Car,6.079,yaw_deg,0.0,75,75,100.0
nuscenes,scene-0103_005,0,Pedestrian,14.057,yaw_deg,0.5,13,13,100.0
nuscenes,scene-0103_005,4,Pedestrian,14.638,yaw_deg,0.5,9,9,100.0
nuscenes,scene-0103_005,5,Car,44.303,yaw_deg,0.5,6,6,100.0
nuscenes,scene-0103_005,7,Car,27.797,yaw_deg,0.5,5,5,100.0
nuscenes,scene-0103_005,9,Pedestrian,16.667,yaw_deg,0.5,7,7,100.0
nuscenes,scene-0103_005,12,Car,6.079,yaw_deg,0.5,75,74,98.667
nuscenes,scene-0103_005,0,Pedestrian,14.057,yaw_deg,1.0,13,12,92.308
nuscenes,scene-0103_005,4,Pedestrian,14.638,yaw_deg,1.0,9,4,44.444
nuscenes,scene-0103_005,5,Car,44.303,yaw_deg,1.0,6,6,100.0
nuscenes,scene-0103_005,7,Car,27.797,yaw_deg,1.0,5,5,100.0
nuscenes,scene-0103_005,9,Pedestrian,16.667,yaw_deg,1.0,7,5,71.429
nuscenes,scene-0103_005,12,Car,6.079,yaw_deg,1.0,75,71,94.667
nuscenes,scene-0103_005,0,Pedestrian,14.057,yaw_deg,2.0,13,2,15.385
nuscenes,scene-0103_005,4,Pedestrian,14.638,yaw_deg,2.0,9,0,0.0
nuscenes,scene-0103_005,5,Car,44.303,yaw_deg,2.0,6,6,100.0
nuscenes,scene-0103_005,7,Car,27.797,yaw_deg,2.0,5,5,100.0
nuscenes,scene-0103_005,9,Pedestrian,16.667,yaw_deg,2.0,7,0,0.0
nuscenes,scene-0103_005,12,Car,6.079,yaw_deg,2.0,75,63,84.0
nuscenes,scene-0103_005,0,Pedestrian,14.057,yaw_deg,3.0,13,0,0.0
nuscenes,scene-0103_005,4,Pedestrian,14.638,yaw_deg,3.0,9,0,0.0
nuscenes,scene-0103_005,5,Car,44.303,yaw_deg,3.0,6,4,66.667
nuscenes,scene-0103_005,7,Car,27.797,yaw_deg,3.0,5,3,60.0
nuscenes,scene-0103_005,9,Pedestrian,16.667,yaw_deg,3.0,7,0,0.0
nuscenes,scene-0103_005,12,Car,6.079,yaw_deg,3.0,75,54,72.0
nuscenes,scene-0103_005,0,Pedestrian,14.057,tx_m,0.02,13,13,100.0
nuscenes,scene-0103_005,4,Pedestrian,14.638,tx_m,0.02,9,9,100.0
nuscenes,scene-0103_005,5,Car,44.303,tx_m,0.02,6,6,100.0
nuscenes,scene-0103_005,7,Car,27.797,tx_m,0.02,5,5,100.0
nuscenes,scene-0103_005,9,Pedestrian,16.667,tx_m,0.02,7,7,100.0
nuscenes,scene-0103_005,12,Car,6.079,tx_m,0.02,75,75,100.0
nuscenes,scene-0103_005,0,Pedestrian,14.057,tx_m,0.05,13,13,100.0
nuscenes,scene-0103_005,4,Pedestrian,14.638,tx_m,0.05,9,8,88.889
nuscenes,scene-0103_005,5,Car,44.303,tx_m,0.05,6,6,100.0
nuscenes,scene-0103_005,7,Car,27.797,tx_m,0.05,5,5,100.0
nuscenes,scene-0103_005,9,Pedestrian,16.667,tx_m,0.05,7,7,100.0
nuscenes,scene-0103_005,12,Car,6.079,tx_m,0.05,75,75,100.0
nuscenes,scene-0103_005,0,Pedestrian,14.057,tx_m,0.1,13,13,100.0
nuscenes,scene-0103_005,4,Pedestrian,14.638,tx_m,0.1,9,8,88.889
nuscenes,scene-0103_005,5,Car,44.303,tx_m,0.1,6,6,100.0
nuscenes,scene-0103_005,7,Car,27.797,tx_m,0.1,5,5,100.0
nuscenes,scene-0103_005,9,Pedestrian,16.667,tx_m,0.1,7,6,85.714
nuscenes,scene-0103_005,12,Car,6.079,tx_m,0.1,75,75,100.0
nuscenes,scene-0103_006,0,Car,37.941,yaw_deg,0.0,6,6,100.0
nuscenes,scene-0103_006,3,Car,39.628,yaw_deg,0.0,7,7,100.0
nuscenes,scene-0103_006,4,Car,20.208,yaw_deg,0.0,19,19,100.0
nuscenes,scene-0103_006,5,Car,23.194,yaw_deg,0.0,14,14,100.0
nuscenes,scene-0103_006,7,Pedestrian,12.135,yaw_deg,0.0,5,4,80.0
nuscenes,scene-0103_006,0,Car,37.941,yaw_deg,0.5,6,6,100.0
nuscenes,scene-0103_006,3,Car,39.628,yaw_deg,0.5,7,7,100.0
nuscenes,scene-0103_006,4,Car,20.208,yaw_deg,0.5,19,18,94.737
nuscenes,scene-0103_006,5,Car,23.194,yaw_deg,0.5,14,14,100.0
nuscenes,scene-0103_006,7,Pedestrian,12.135,yaw_deg,0.5,5,5,100.0
nuscenes,scene-0103_006,0,Car,37.941,yaw_deg,1.0,6,4,66.667
nuscenes,scene-0103_006,3,Car,39.628,yaw_deg,1.0,7,7,100.0
nuscenes,scene-0103_006,4,Car,20.208,yaw_deg,1.0,19,17,89.474
nuscenes,scene-0103_006,5,Car,23.194,yaw_deg,1.0,14,14,100.0
nuscenes,scene-0103_006,7,Pedestrian,12.135,yaw_deg,1.0,5,4,80.0
nuscenes,scene-0103_006,0,Car,37.941,yaw_deg,2.0,6,1,16.667
nuscenes,scene-0103_006,3,Car,39.628,yaw_deg,2.0,7,7,100.0
nuscenes,scene-0103_006,4,Car,20.208,yaw_deg,2.0,19,14,73.684
nuscenes,scene-0103_006,5,Car,23.194,yaw_deg,2.0,14,11,78.571
nuscenes,scene-0103_006,7,Pedestrian,12.135,yaw_deg,2.0,5,0,0.0
nuscenes,scene-0103_006,0,Car,37.941,yaw_deg,3.0,6,0,0.0
nuscenes,scene-0103_006,3,Car,39.628,yaw_deg,3.0,7,6,85.714
nuscenes,scene-0103_006,4,Car,20.208,yaw_deg,3.0,19,11,57.895
nuscenes,scene-0103_006,5,Car,23.194,yaw_deg,3.0,14,8,57.143
nuscenes,scene-0103_006,7,Pedestrian,12.135,yaw_deg,3.0,5,0,0.0
nuscenes,scene-0103_006,0,Car,37.941,tx_m,0.02,6,6,100.0
nuscenes,scene-0103_006,3,Car,39.628,tx_m,0.02,7,7,100.0
nuscenes,scene-0103_006,4,Car,20.208,tx_m,0.02,19,19,100.0
nuscenes,scene-0103_006,5,Car,23.194,tx_m,0.02,14,14,100.0
nuscenes,scene-0103_006,7,Pedestrian,12.135,tx_m,0.02,5,3,60.0
nuscenes,scene-0103_006,0,Car,37.941,tx_m,0.05,6,6,100.0
nuscenes,scene-0103_006,3,Car,39.628,tx_m,0.05,7,7,100.0
nuscenes,scene-0103_006,4,Car,20.208,tx_m,0.05,19,19,100.0
nuscenes,scene-0103_006,5,Car,23.194,tx_m,0.05,14,14,100.0
nuscenes,scene-0103_006,7,Pedestrian,12.135,tx_m,0.05,5,3,60.0
nuscenes,scene-0103_006,0,Car,37.941,tx_m,0.1,6,6,100.0
nuscenes,scene-0103_006,3,Car,39.628,tx_m,0.1,7,7,100.0
nuscenes,scene-0103_006,4,Car,20.208,tx_m,0.1,19,19,100.0
nuscenes,scene-0103_006,5,Car,23.194,tx_m,0.1,14,14,100.0
nuscenes,scene-0103_006,7,Pedestrian,12.135,tx_m,0.1,5,2,40.0
nuscenes,scene-0103_007,2,Car,36.389,yaw_deg,0.0,7,7,100.0
nuscenes,scene-0103_007,4,Car,11.247,yaw_deg,0.0,101,101,100.0
nuscenes,scene-0103_007,5,Car,20.529,yaw_deg,0.0,11,11,100.0
nuscenes,scene-0103_007,11,Car,33.677,yaw_deg,0.0,8,8,100.0
nuscenes,scene-0103_007,12,Pedestrian,29.657,yaw_deg,0.0,5,5,100.0
nuscenes,scene-0103_007,2,Car,36.389,yaw_deg,0.5,7,7,100.0
nuscenes,scene-0103_007,4,Car,11.247,yaw_deg,0.5,101,101,100.0
nuscenes,scene-0103_007,5,Car,20.529,yaw_deg,0.5,11,11,100.0
nuscenes,scene-0103_007,11,Car,33.677,yaw_deg,0.5,8,8,100.0
nuscenes,scene-0103_007,12,Pedestrian,29.657,yaw_deg,0.5,5,5,100.0
nuscenes,scene-0103_007,2,Car,36.389,yaw_deg,1.0,7,7,100.0
nuscenes,scene-0103_007,4,Car,11.247,yaw_deg,1.0,101,100,99.01
nuscenes,scene-0103_007,5,Car,20.529,yaw_deg,1.0,11,10,90.909
nuscenes,scene-0103_007,11,Car,33.677,yaw_deg,1.0,8,8,100.0
nuscenes,scene-0103_007,12,Pedestrian,29.657,yaw_deg,1.0,5,3,60.0
nuscenes,scene-0103_007,2,Car,36.389,yaw_deg,2.0,7,6,85.714
nuscenes,scene-0103_007,4,Car,11.247,yaw_deg,2.0,101,96,95.05
nuscenes,scene-0103_007,5,Car,20.529,yaw_deg,2.0,11,8,72.727
nuscenes,scene-0103_007,11,Car,33.677,yaw_deg,2.0,8,5,62.5
nuscenes,scene-0103_007,12,Pedestrian,29.657,yaw_deg,2.0,5,0,0.0
nuscenes,scene-0103_007,2,Car,36.389,yaw_deg,3.0,7,6,85.714
nuscenes,scene-0103_007,4,Car,11.247,yaw_deg,3.0,101,91,90.099
nuscenes,scene-0103_007,5,Car,20.529,yaw_deg,3.0,11,8,72.727
nuscenes,scene-0103_007,11,Car,33.677,yaw_deg,3.0,8,2,25.0
nuscenes,scene-0103_007,12,Pedestrian,29.657,yaw_deg,3.0,5,0,0.0
nuscenes,scene-0103_007,2,Car,36.389,tx_m,0.02,7,7,100.0
nuscenes,scene-0103_007,4,Car,11.247,tx_m,0.02,101,101,100.0
nuscenes,scene-0103_007,5,Car,20.529,tx_m,0.02,11,11,100.0
nuscenes,scene-0103_007,11,Car,33.677,tx_m,0.02,8,8,100.0
nuscenes,scene-0103_007,12,Pedestrian,29.657,tx_m,0.02,5,5,100.0
nuscenes,scene-0103_007,2,Car,36.389,tx_m,0.05,7,7,100.0
nuscenes,scene-0103_007,4,Car,11.247,tx_m,0.05,101,101,100.0
nuscenes,scene-0103_007,5,Car,20.529,tx_m,0.05,11,11,100.0
nuscenes,scene-0103_007,11,Car,33.677,tx_m,0.05,8,8,100.0
nuscenes,scene-0103_007,12,Pedestrian,29.657,tx_m,0.05,5,5,100.0
nuscenes,scene-0103_007,2,Car,36.389,tx_m,0.1,7,7,100.0
nuscenes,scene-0103_007,4,Car,11.247,tx_m,0.1,101,101,100.0
nuscenes,scene-0103_007,5,Car,20.529,tx_m,0.1,11,11,100.0
nuscenes,scene-0103_007,11,Car,33.677,tx_m,0.1,8,8,100.0
nuscenes,scene-0103_007,12,Pedestrian,29.657,tx_m,0.1,5,5,100.0
nuscenes,scene-0103_008,2,Car,31.897,yaw_deg,0.0,5,5,100.0
nuscenes,scene-0103_008,4,Car,5.161,yaw_deg,0.0,14,14,100.0
nuscenes,scene-0103_008,5,Car,14.297,yaw_deg,0.0,48,48,100.0
nuscenes,scene-0103_008,11,Car,29.279,yaw_deg,0.0,7,7,100.0
nuscenes,scene-0103_008,12,Pedestrian,26.081,yaw_deg,0.0,5,5,100.0
nuscenes,scene-0103_008,2,Car,31.897,yaw_deg,0.5,5,5,100.0
nuscenes,scene-0103_008,4,Car,5.161,yaw_deg,0.5,14,14,100.0
nuscenes,scene-0103_008,5,Car,14.297,yaw_deg,0.5,48,48,100.0
nuscenes,scene-0103_008,11,Car,29.279,yaw_deg,0.5,7,7,100.0
nuscenes,scene-0103_008,12,Pedestrian,26.081,yaw_deg,0.5,5,5,100.0
nuscenes,scene-0103_008,2,Car,31.897,yaw_deg,1.0,5,5,100.0
nuscenes,scene-0103_008,4,Car,5.161,yaw_deg,1.0,14,14,100.0
nuscenes,scene-0103_008,5,Car,14.297,yaw_deg,1.0,48,48,100.0
nuscenes,scene-0103_008,11,Car,29.279,yaw_deg,1.0,7,7,100.0
nuscenes,scene-0103_008,12,Pedestrian,26.081,yaw_deg,1.0,5,4,80.0
nuscenes,scene-0103_008,2,Car,31.897,yaw_deg,2.0,5,4,80.0
nuscenes,scene-0103_008,4,Car,5.161,yaw_deg,2.0,14,14,100.0
nuscenes,scene-0103_008,5,Car,14.297,yaw_deg,2.0,48,43,89.583
nuscenes,scene-0103_008,11,Car,29.279,yaw_deg,2.0,7,5,71.429
nuscenes,scene-0103_008,12,Pedestrian,26.081,yaw_deg,2.0,5,0,0.0
nuscenes,scene-0103_008,2,Car,31.897,yaw_deg,3.0,5,2,40.0
nuscenes,scene-0103_008,4,Car,5.161,yaw_deg,3.0,14,9,64.286
nuscenes,scene-0103_008,5,Car,14.297,yaw_deg,3.0,48,38,79.167
nuscenes,scene-0103_008,11,Car,29.279,yaw_deg,3.0,7,4,57.143
nuscenes,scene-0103_008,12,Pedestrian,26.081,yaw_deg,3.0,5,0,0.0
nuscenes,scene-0103_008,2,Car,31.897,tx_m,0.02,5,5,100.0
nuscenes,scene-0103_008,4,Car,5.161,tx_m,0.02,14,14,100.0
nuscenes,scene-0103_008,5,Car,14.297,tx_m,0.02,48,48,100.0
nuscenes,scene-0103_008,11,Car,29.279,tx_m,0.02,7,7,100.0
nuscenes,scene-0103_008,12,Pedestrian,26.081,tx_m,0.02,5,5,100.0
nuscenes,scene-0103_008,2,Car,31.897,tx_m,0.05,5,5,100.0
nuscenes,scene-0103_008,4,Car,5.161,tx_m,0.05,14,14,100.0
nuscenes,scene-0103_008,5,Car,14.297,tx_m,0.05,48,48,100.0
nuscenes,scene-0103_008,11,Car,29.279,tx_m,0.05,7,7,100.0
nuscenes,scene-0103_008,12,Pedestrian,26.081,tx_m,0.05,5,5,100.0
nuscenes,scene-0103_008,2,Car,31.897,tx_m,0.1,5,5,100.0
nuscenes,scene-0103_008,4,Car,5.161,tx_m,0.1,14,13,92.857
nuscenes,scene-0103_008,5,Car,14.297,tx_m,0.1,48,48,100.0
nuscenes,scene-0103_008,11,Car,29.279,tx_m,0.1,7,7,100.0
nuscenes,scene-0103_008,12,Pedestrian,26.081,tx_m,0.1,5,5,100.0
nuscenes,scene-0103_009,2,Car,27.545,yaw_deg,0.0,10,10,100.0
nuscenes,scene-0103_009,4,Car,26.05,yaw_deg,0.0,7,7,100.0
nuscenes,scene-0103_009,5,Car,11.269,yaw_deg,0.0,58,58,100.0
nuscenes,scene-0103_009,11,Car,24.872,yaw_deg,0.0,19,19,100.0
nuscenes,scene-0103_009,12,Pedestrian,22.205,yaw_deg,0.0,9,9,100.0
nuscenes,scene-0103_009,2,Car,27.545,yaw_deg,0.5,10,10,100.0
nuscenes,scene-0103_009,4,Car,26.05,yaw_deg,0.5,7,7,100.0
nuscenes,scene-0103_009,5,Car,11.269,yaw_deg,0.5,58,53,91.379
nuscenes,scene-0103_009,11,Car,24.872,yaw_deg,0.5,19,19,100.0
nuscenes,scene-0103_009,12,Pedestrian,22.205,yaw_deg,0.5,9,9,100.0
nuscenes,scene-0103_009,2,Car,27.545,yaw_deg,1.0,10,10,100.0
nuscenes,scene-0103_009,4,Car,26.05,yaw_deg,1.0,7,7,100.0
nuscenes,scene-0103_009,5,Car,11.269,yaw_deg,1.0,58,49,84.483
nuscenes,scene-0103_009,11,Car,24.872,yaw_deg,1.0,19,18,94.737
nuscenes,scene-0103_009,12,Pedestrian,22.205,yaw_deg,1.0,9,7,77.778
nuscenes,scene-0103_009,2,Car,27.545,yaw_deg,2.0,10,9,90.0
nuscenes,scene-0103_009,4,Car,26.05,yaw_deg,2.0,7,6,85.714
nuscenes,scene-0103_009,5,Car,11.269,yaw_deg,2.0,58,40,68.966
nuscenes,scene-0103_009,11,Car,24.872,yaw_deg,2.0,19,16,84.211
nuscenes,scene-0103_009,12,Pedestrian,22.205,yaw_deg,2.0,9,0,0.0
nuscenes,scene-0103_009,2,Car,27.545,yaw_deg,3.0,10,9,90.0
nuscenes,scene-0103_009,4,Car,26.05,yaw_deg,3.0,7,6,85.714
nuscenes,scene-0103_009,5,Car,11.269,yaw_deg,3.0,58,30,51.724
nuscenes,scene-0103_009,11,Car,24.872,yaw_deg,3.0,19,11,57.895
nuscenes,scene-0103_009,12,Pedestrian,22.205,yaw_deg,3.0,9,0,0.0
nuscenes,scene-0103_009,2,Car,27.545,tx_m,0.02,10,10,100.0
nuscenes,scene-0103_009,4,Car,26.05,tx_m,0.02,7,7,100.0
nuscenes,scene-0103_009,5,Car,11.269,tx_m,0.02,58,58,100.0
nuscenes,scene-0103_009,11,Car,24.872,tx_m,0.02,19,19,100.0
nuscenes,scene-0103_009,12,Pedestrian,22.205,tx_m,0.02,9,9,100.0
nuscenes,scene-0103_009,2,Car,27.545,tx_m,0.05,10,10,100.0
nuscenes,scene-0103_009,4,Car,26.05,tx_m,0.05,7,7,100.0
nuscenes,scene-0103_009,5,Car,11.269,tx_m,0.05,58,58,100.0
nuscenes,scene-0103_009,11,Car,24.872,tx_m,0.05,19,19,100.0
nuscenes,scene-0103_009,12,Pedestrian,22.205,tx_m,0.05,9,9,100.0
nuscenes,scene-0103_009,2,Car,27.545,tx_m,0.1,10,10,100.0
nuscenes,scene-0103_009,4,Car,26.05,tx_m,0.1,7,7,100.0
nuscenes,scene-0103_009,5,Car,11.269,tx_m,0.1,58,58,100.0
nuscenes,scene-0103_009,11,Car,24.872,tx_m,0.1,19,19,100.0
nuscenes,scene-0103_009,12,Pedestrian,22.205,tx_m,0.1,9,9,100.0
nuscenes,scene-0103_010,0,Car,39.417,yaw_deg,0.0,7,7,100.0
nuscenes,scene-0103_010,1,Car,23.304,yaw_deg,0.0,38,38,100.0
nuscenes,scene-0103_010,3,Car,21.597,yaw_deg,0.0,15,15,100.0
nuscenes,scene-0103_010,8,bicycle_rack,51.298,yaw_deg,0.0,5,5,100.0
nuscenes,scene-0103_010,9,Car,20.46,yaw_deg,0.0,25,25,100.0
nuscenes,scene-0103_010,10,Pedestrian,18.45,yaw_deg,0.0,9,9,100.0
nuscenes,scene-0103_010,0,Car,39.417,yaw_deg,0.5,7,6,85.714
nuscenes,scene-0103_010,1,Car,23.304,yaw_deg,0.5,38,38,100.0
nuscenes,scene-0103_010,3,Car,21.597,yaw_deg,0.5,15,14,93.333
nuscenes,scene-0103_010,8,bicycle_rack,51.298,yaw_deg,0.5,5,5,100.0
nuscenes,scene-0103_010,9,Car,20.46,yaw_deg,0.5,25,25,100.0
nuscenes,scene-0103_010,10,Pedestrian,18.45,yaw_deg,0.5,9,8,88.889
nuscenes,scene-0103_010,0,Car,39.417,yaw_deg,1.0,7,4,57.143
nuscenes,scene-0103_010,1,Car,23.304,yaw_deg,1.0,38,38,100.0
nuscenes,scene-0103_010,3,Car,21.597,yaw_deg,1.0,15,12,80.0
nuscenes,scene-0103_010,8,bicycle_rack,51.298,yaw_deg,1.0,5,5,100.0
nuscenes,scene-0103_010,9,Car,20.46,yaw_deg,1.0,25,24,96.0
nuscenes,scene-0103_010,10,Pedestrian,18.45,yaw_deg,1.0,9,7,77.778
nuscenes,scene-0103_010,0,Car,39.417,yaw_deg,2.0,7,1,14.286
nuscenes,scene-0103_010,1,Car,23.304,yaw_deg,2.0,38,37,97.368
nuscenes,scene-0103_010,3,Car,21.597,yaw_deg,2.0,15,7,46.667
nuscenes,scene-0103_010,8,bicycle_rack,51.298,yaw_deg,2.0,5,2,40.0
nuscenes,scene-0103_010,9,Car,20.46,yaw_deg,2.0,25,22,88.0
nuscenes,scene-0103_010,10,Pedestrian,18.45,yaw_deg,2.0,9,1,11.111
nuscenes,scene-0103_010,0,Car,39.417,yaw_deg,3.0,7,0,0.0
nuscenes,scene-0103_010,1,Car,23.304,yaw_deg,3.0,38,34,89.474
nuscenes,scene-0103_010,3,Car,21.597,yaw_deg,3.0,15,4,26.667
nuscenes,scene-0103_010,8,bicycle_rack,51.298,yaw_deg,3.0,5,0,0.0
nuscenes,scene-0103_010,9,Car,20.46,yaw_deg,3.0,25,19,76.0
nuscenes,scene-0103_010,10,Pedestrian,18.45,yaw_deg,3.0,9,0,0.0
nuscenes,scene-0103_010,0,Car,39.417,tx_m,0.02,7,7,100.0
nuscenes,scene-0103_010,1,Car,23.304,tx_m,0.02,38,38,100.0
nuscenes,scene-0103_010,3,Car,21.597,tx_m,0.02,15,15,100.0
nuscenes,scene-0103_010,8,bicycle_rack,51.298,tx_m,0.02,5,5,100.0
nuscenes,scene-0103_010,9,Car,20.46,tx_m,0.02,25,25,100.0
nuscenes,scene-0103_010,10,Pedestrian,18.45,tx_m,0.02,9,9,100.0
nuscenes,scene-0103_010,0,Car,39.417,tx_m,0.05,7,7,100.0
nuscenes,scene-0103_010,1,Car,23.304,tx_m,0.05,38,38,100.0
nuscenes,scene-0103_010,3,Car,21.597,tx_m,0.05,15,15,100.0
nuscenes,scene-0103_010,8,bicycle_rack,51.298,tx_m,0.05,5,5,100.0
nuscenes,scene-0103_010,9,Car,20.46,tx_m,0.05,25,25,100.0
nuscenes,scene-0103_010,10,Pedestrian,18.45,tx_m,0.05,9,9,100.0
nuscenes,scene-0103_010,0,Car,39.417,tx_m,0.1,7,7,100.0
nuscenes,scene-0103_010,1,Car,23.304,tx_m,0.1,38,38,100.0
nuscenes,scene-0103_010,3,Car,21.597,tx_m,0.1,15,15,100.0
nuscenes,scene-0103_010,8,bicycle_rack,51.298,tx_m,0.1,5,5,100.0
nuscenes,scene-0103_010,9,Car,20.46,tx_m,0.1,25,25,100.0
nuscenes,scene-0103_010,10,Pedestrian,18.45,tx_m,0.1,9,9,100.0
nuscenes,scene-0103_011,1,Car,19.578,yaw_deg,0.0,45,45,100.0
nuscenes,scene-0103_011,8,Car,16.556,yaw_deg,0.0,34,34,100.0
nuscenes,scene-0103_011,9,Pedestrian,15.242,yaw_deg,0.0,12,12,100.0
nuscenes,scene-0103_011,1,Car,19.578,yaw_deg,0.5,45,45,100.0
nuscenes,scene-0103_011,8,Car,16.556,yaw_deg,0.5,34,34,100.0
nuscenes,scene-0103_011,9,Pedestrian,15.242,yaw_deg,0.5,12,12,100.0
nuscenes,scene-0103_011,1,Car,19.578,yaw_deg,1.0,45,45,100.0
nuscenes,scene-0103_011,8,Car,16.556,yaw_deg,1.0,34,34,100.0
nuscenes,scene-0103_011,9,Pedestrian,15.242,yaw_deg,1.0,12,8,66.667
nuscenes,scene-0103_011,1,Car,19.578,yaw_deg,2.0,45,45,100.0
nuscenes,scene-0103_011,8,Car,16.556,yaw_deg,2.0,34,30,88.235
nuscenes,scene-0103_011,9,Pedestrian,15.242,yaw_deg,2.0,12,1,8.333
nuscenes,scene-0103_011,1,Car,19.578,yaw_deg,3.0,45,42,93.333
nuscenes,scene-0103_011,8,Car,16.556,yaw_deg,3.0,34,24,70.588
nuscenes,scene-0103_011,9,Pedestrian,15.242,yaw_deg,3.0,12,0,0.0
nuscenes,scene-0103_011,1,Car,19.578,tx_m,0.02,45,45,100.0
nuscenes,scene-0103_011,8,Car,16.556,tx_m,0.02,34,34,100.0
nuscenes,scene-0103_011,9,Pedestrian,15.242,tx_m,0.02,12,11,91.667
nuscenes,scene-0103_011,1,Car,19.578,tx_m,0.05,45,45,100.0
nuscenes,scene-0103_011,8,Car,16.556,tx_m,0.05,34,34,100.0
nuscenes,scene-0103_011,9,Pedestrian,15.242,tx_m,0.05,12,11,91.667
nuscenes,scene-0103_011,1,Car,19.578,tx_m,0.1,45,45,100.0
nuscenes,scene-0103_011,8,Car,16.556,tx_m,0.1,34,34,100.0
nuscenes,scene-0103_011,9,Pedestrian,15.242,tx_m,0.1,12,10,83.333
nuscenes,scene-0103_012,0,Car,16.435,yaw_deg,0.0,47,47,100.0
nuscenes,scene-0103_012,7,Car,13.483,yaw_deg,0.0,61,61,100.0
nuscenes,scene-0103_012,10,Car,24.745,yaw_deg,0.0,11,11,100.0
nuscenes,scene-0103_012,12,Pedestrian,21.517,yaw_deg,0.0,6,6,100.0
nuscenes,scene-0103_012,0,Car,16.435,yaw_deg,0.5,47,47,100.0
nuscenes,scene-0103_012,7,Car,13.483,yaw_deg,0.5,61,61,100.0
nuscenes,scene-0103_012,10,Car,24.745,yaw_deg,0.5,11,11,100.0
nuscenes,scene-0103_012,12,Pedestrian,21.517,yaw_deg,0.5,6,6,100.0
nuscenes,scene-0103_012,0,Car,16.435,yaw_deg,1.0,47,47,100.0
nuscenes,scene-0103_012,7,Car,13.483,yaw_deg,1.0,61,60,98.361
nuscenes,scene-0103_012,10,Car,24.745,yaw_deg,1.0,11,9,81.818
nuscenes,scene-0103_012,12,Pedestrian,21.517,yaw_deg,1.0,6,6,100.0
nuscenes,scene-0103_012,0,Car,16.435,yaw_deg,2.0,47,47,100.0
nuscenes,scene-0103_012,7,Car,13.483,yaw_deg,2.0,61,54,88.525
nuscenes,scene-0103_012,10,Car,24.745,yaw_deg,2.0,11,8,72.727
nuscenes,scene-0103_012,12,Pedestrian,21.517,yaw_deg,2.0,6,0,0.0
nuscenes,scene-0103_012,0,Car,16.435,yaw_deg,3.0,47,45,95.745
nuscenes,scene-0103_012,7,Car,13.483,yaw_deg,3.0,61,48,78.689
nuscenes,scene-0103_012,10,Car,24.745,yaw_deg,3.0,11,5,45.455
nuscenes,scene-0103_012,12,Pedestrian,21.517,yaw_deg,3.0,6,0,0.0
nuscenes,scene-0103_012,0,Car,16.435,tx_m,0.02,47,47,100.0
nuscenes,scene-0103_012,7,Car,13.483,tx_m,0.02,61,61,100.0
nuscenes,scene-0103_012,10,Car,24.745,tx_m,0.02,11,11,100.0
nuscenes,scene-0103_012,12,Pedestrian,21.517,tx_m,0.02,6,6,100.0
nuscenes,scene-0103_012,0,Car,16.435,tx_m,0.05,47,47,100.0
nuscenes,scene-0103_012,7,Car,13.483,tx_m,0.05,61,61,100.0
nuscenes,scene-0103_012,10,Car,24.745,tx_m,0.05,11,11,100.0
nuscenes,scene-0103_012,12,Pedestrian,21.517,tx_m,0.05,6,6,100.0
nuscenes,scene-0103_012,0,Car,16.435,tx_m,0.1,47,47,100.0
nuscenes,scene-0103_012,7,Car,13.483,tx_m,0.1,61,61,100.0
nuscenes,scene-0103_012,10,Car,24.745,tx_m,0.1,11,11,100.0
nuscenes,scene-0103_012,12,Pedestrian,21.517,tx_m,0.1,6,6,100.0
nuscenes,scene-0103_013,1,Car,14.386,yaw_deg,0.0,71,71,100.0
nuscenes,scene-0103_013,8,Car,11.235,yaw_deg,0.0,89,89,100.0
nuscenes,scene-0103_013,12,Car,22.693,yaw_deg,0.0,16,16,100.0
nuscenes,scene-0103_013,14,Pedestrian,18.758,yaw_deg,0.0,6,6,100.0
nuscenes,scene-0103_013,1,Car,14.386,yaw_deg,0.5,71,71,100.0
nuscenes,scene-0103_013,8,Car,11.235,yaw_deg,0.5,89,89,100.0
nuscenes,scene-0103_013,12,Car,22.693,yaw_deg,0.5,16,16,100.0
nuscenes,scene-0103_013,14,Pedestrian,18.758,yaw_deg,0.5,6,6,100.0
nuscenes,scene-0103_013,1,Car,14.386,yaw_deg,1.0,71,71,100.0
nuscenes,scene-0103_013,8,Car,11.235,yaw_deg,1.0,89,89,100.0
nuscenes,scene-0103_013,12,Car,22.693,yaw_deg,1.0,16,15,93.75
nuscenes,scene-0103_013,14,Pedestrian,18.758,yaw_deg,1.0,6,6,100.0
nuscenes,scene-0103_013,1,Car,14.386,yaw_deg,2.0,71,70,98.592
nuscenes,scene-0103_013,8,Car,11.235,yaw_deg,2.0,89,85,95.506
nuscenes,scene-0103_013,12,Car,22.693,yaw_deg,2.0,16,12,75.0
nuscenes,scene-0103_013,14,Pedestrian,18.758,yaw_deg,2.0,6,1,16.667
nuscenes,scene-0103_013,1,Car,14.386,yaw_deg,3.0,71,68,95.775
nuscenes,scene-0103_013,8,Car,11.235,yaw_deg,3.0,89,79,88.764
nuscenes,scene-0103_013,12,Car,22.693,yaw_deg,3.0,16,8,50.0
nuscenes,scene-0103_013,14,Pedestrian,18.758,yaw_deg,3.0,6,0,0.0
nuscenes,scene-0103_013,1,Car,14.386,tx_m,0.02,71,71,100.0
nuscenes,scene-0103_013,8,Car,11.235,tx_m,0.02,89,89,100.0
nuscenes,scene-0103_013,12,Car,22.693,tx_m,0.02,16,16,100.0
nuscenes,scene-0103_013,14,Pedestrian,18.758,tx_m,0.02,6,6,100.0
nuscenes,scene-0103_013,1,Car,14.386,tx_m,0.05,71,71,100.0
nuscenes,scene-0103_013,8,Car,11.235,tx_m,0.05,89,89,100.0
nuscenes,scene-0103_013,12,Car,22.693,tx_m,0.05,16,16,100.0
nuscenes,scene-0103_013,14,Pedestrian,18.758,tx_m,0.05,6,6,100.0
nuscenes,scene-0103_013,1,Car,14.386,tx_m,0.1,71,71,100.0
nuscenes,scene-0103_013,8,Car,11.235,tx_m,0.1,89,89,100.0
nuscenes,scene-0103_013,12,Car,22.693,tx_m,0.1,16,16,100.0
nuscenes,scene-0103_013,14,Pedestrian,18.758,tx_m,0.1,6,6,100.0
nuscenes,scene-0103_014,1,Car,12.563,yaw_deg,0.0,130,130,100.0
nuscenes,scene-0103_014,9,Car,9.376,yaw_deg,0.0,131,131,100.0
nuscenes,scene-0103_014,13,Car,20.516,yaw_deg,0.0,26,26,100.0
nuscenes,scene-0103_014,15,Pedestrian,15.953,yaw_deg,0.0,5,5,100.0
nuscenes,scene-0103_014,1,Car,12.563,yaw_deg,0.5,130,130,100.0
nuscenes,scene-0103_014,9,Car,9.376,yaw_deg,0.5,131,131,100.0
nuscenes,scene-0103_014,13,Car,20.516,yaw_deg,0.5,26,26,100.0
nuscenes,scene-0103_014,15,Pedestrian,15.953,yaw_deg,0.5,5,5,100.0
nuscenes,scene-0103_014,1,Car,12.563,yaw_deg,1.0,130,128,98.462
nuscenes,scene-0103_014,9,Car,9.376,yaw_deg,1.0,131,130,99.237
nuscenes,scene-0103_014,13,Car,20.516,yaw_deg,1.0,26,24,92.308
nuscenes,scene-0103_014,15,Pedestrian,15.953,yaw_deg,1.0,5,4,80.0
nuscenes,scene-0103_014,1,Car,12.563,yaw_deg,2.0,130,124,95.385
nuscenes,scene-0103_014,9,Car,9.376,yaw_deg,2.0,131,125,95.42
nuscenes,scene-0103_014,13,Car,20.516,yaw_deg,2.0,26,18,69.231
nuscenes,scene-0103_014,15,Pedestrian,15.953,yaw_deg,2.0,5,0,0.0
nuscenes,scene-0103_014,1,Car,12.563,yaw_deg,3.0,130,121,93.077
nuscenes,scene-0103_014,9,Car,9.376,yaw_deg,3.0,131,119,90.84
nuscenes,scene-0103_014,13,Car,20.516,yaw_deg,3.0,26,12,46.154
nuscenes,scene-0103_014,15,Pedestrian,15.953,yaw_deg,3.0,5,0,0.0
nuscenes,scene-0103_014,1,Car,12.563,tx_m,0.02,130,130,100.0
nuscenes,scene-0103_014,9,Car,9.376,tx_m,0.02,131,131,100.0
nuscenes,scene-0103_014,13,Car,20.516,tx_m,0.02,26,26,100.0
nuscenes,scene-0103_014,15,Pedestrian,15.953,tx_m,0.02,5,5,100.0
nuscenes,scene-0103_014,1,Car,12.563,tx_m,0.05,130,130,100.0
nuscenes,scene-0103_014,9,Car,9.376,tx_m,0.05,131,131,100.0
nuscenes,scene-0103_014,13,Car,20.516,tx_m,0.05,26,26,100.0
nuscenes,scene-0103_014,15,Pedestrian,15.953,tx_m,0.05,5,5,100.0
nuscenes,scene-0103_014,1,Car,12.563,tx_m,0.1,130,130,100.0
nuscenes,scene-0103_014,9,Car,9.376,tx_m,0.1,131,131,100.0
nuscenes,scene-0103_014,13,Car,20.516,tx_m,0.1,26,26,100.0
nuscenes,scene-0103_014,15,Pedestrian,15.953,tx_m,0.1,5,5,100.0
nuscenes,scene-0103_015,1,Car,11.546,yaw_deg,0.0,157,157,100.0
nuscenes,scene-0103_015,4,Pedestrian,19.038,yaw_deg,0.0,8,8,100.0
nuscenes,scene-0103_015,6,Car,39.832,yaw_deg,0.0,6,6,100.0
nuscenes,scene-0103_015,9,Car,8.476,yaw_deg,0.0,162,162,100.0
nuscenes,scene-0103_015,14,Car,19.294,yaw_deg,0.0,23,23,100.0
nuscenes,scene-0103_015,1,Car,11.546,yaw_deg,0.5,157,157,100.0
nuscenes,scene-0103_015,4,Pedestrian,19.038,yaw_deg,0.5,8,8,100.0
nuscenes,scene-0103_015,6,Car,39.832,yaw_deg,0.5,6,6,100.0
nuscenes,scene-0103_015,9,Car,8.476,yaw_deg,0.5,162,162,100.0
nuscenes,scene-0103_015,14,Car,19.294,yaw_deg,0.5,23,23,100.0
nuscenes,scene-0103_015,1,Car,11.546,yaw_deg,1.0,157,157,100.0
nuscenes,scene-0103_015,4,Pedestrian,19.038,yaw_deg,1.0,8,6,75.0
nuscenes,scene-0103_015,6,Car,39.832,yaw_deg,1.0,6,4,66.667
nuscenes,scene-0103_015,9,Car,8.476,yaw_deg,1.0,162,162,100.0
nuscenes,scene-0103_015,14,Car,19.294,yaw_deg,1.0,23,23,100.0
nuscenes,scene-0103_015,1,Car,11.546,yaw_deg,2.0,157,154,98.089
nuscenes,scene-0103_015,4,Pedestrian,19.038,yaw_deg,2.0,8,0,0.0
nuscenes,scene-0103_015,6,Car,39.832,yaw_deg,2.0,6,1,16.667
nuscenes,scene-0103_015,9,Car,8.476,yaw_deg,2.0,162,156,96.296
nuscenes,scene-0103_015,14,Car,19.294,yaw_deg,2.0,23,20,86.957
nuscenes,scene-0103_015,1,Car,11.546,yaw_deg,3.0,157,149,94.904
nuscenes,scene-0103_015,4,Pedestrian,19.038,yaw_deg,3.0,8,0,0.0
nuscenes,scene-0103_015,6,Car,39.832,yaw_deg,3.0,6,0,0.0
nuscenes,scene-0103_015,9,Car,8.476,yaw_deg,3.0,162,150,92.593
nuscenes,scene-0103_015,14,Car,19.294,yaw_deg,3.0,23,17,73.913
nuscenes,scene-0103_015,1,Car,11.546,tx_m,0.02,157,157,100.0
nuscenes,scene-0103_015,4,Pedestrian,19.038,tx_m,0.02,8,8,100.0
nuscenes,scene-0103_015,6,Car,39.832,tx_m,0.02,6,6,100.0
nuscenes,scene-0103_015,9,Car,8.476,tx_m,0.02,162,160,98.765
nuscenes,scene-0103_015,14,Car,19.294,tx_m,0.02,23,23,100.0
nuscenes,scene-0103_015,1,Car,11.546,tx_m,0.05,157,157,100.0
nuscenes,scene-0103_015,4,Pedestrian,19.038,tx_m,0.05,8,8,100.0
nuscenes,scene-0103_015,6,Car,39.832,tx_m,0.05,6,6,100.0
nuscenes,scene-0103_015,9,Car,8.476,tx_m,0.05,162,159,98.148
nuscenes,scene-0103_015,14,Car,19.294,tx_m,0.05,23,23,100.0
nuscenes,scene-0103_015,1,Car,11.546,tx_m,0.1,157,157,100.0
nuscenes,scene-0103_015,4,Pedestrian,19.038,tx_m,0.1,8,7,87.5
nuscenes,scene-0103_015,6,Car,39.832,tx_m,0.1,6,6,100.0
nuscenes,scene-0103_015,9,Car,8.476,tx_m,0.1,162,154,95.062
nuscenes,scene-0103_015,14,Car,19.294,tx_m,0.1,23,23,100.0
nuscenes,scene-0103_016,1,Car,11.35,yaw_deg,0.0,146,146,100.0
nuscenes,scene-0103_016,9,Car,7.946,yaw_deg,0.0,162,160,98.765
nuscenes,scene-0103_016,12,Truck,55.18,yaw_deg,0.0,7,7,100.0
nuscenes,scene-0103_016,14,Car,19.283,yaw_deg,0.0,5,5,100.0
nuscenes,scene-0103_016,1,Car,11.35,yaw_deg,0.5,146,145,99.315
nuscenes,scene-0103_016,9,Car,7.946,yaw_deg,0.5,162,162,100.0
nuscenes,scene-0103_016,12,Truck,55.18,yaw_deg,0.5,7,6,85.714
nuscenes,scene-0103_016,14,Car,19.283,yaw_deg,0.5,5,5,100.0
nuscenes,scene-0103_016,1,Car,11.35,yaw_deg,1.0,146,144,98.63
nuscenes,scene-0103_016,9,Car,7.946,yaw_deg,1.0,162,162,100.0
nuscenes,scene-0103_016,12,Truck,55.18,yaw_deg,1.0,7,5,71.429
nuscenes,scene-0103_016,14,Car,19.283,yaw_deg,1.0,5,5,100.0
nuscenes,scene-0103_016,1,Car,11.35,yaw_deg,2.0,146,140,95.89
nuscenes,scene-0103_016,9,Car,7.946,yaw_deg,2.0,162,154,95.062
nuscenes,scene-0103_016,12,Truck,55.18,yaw_deg,2.0,7,2,28.571
nuscenes,scene-0103_016,14,Car,19.283,yaw_deg,2.0,5,4,80.0
nuscenes,scene-0103_016,1,Car,11.35,yaw_deg,3.0,146,134,91.781
nuscenes,scene-0103_016,9,Car,7.946,yaw_deg,3.0,162,145,89.506
nuscenes,scene-0103_016,12,Truck,55.18,yaw_deg,3.0,7,0,0.0
nuscenes,scene-0103_016,14,Car,19.283,yaw_deg,3.0,5,4,80.0
nuscenes,scene-0103_016,1,Car,11.35,tx_m,0.02,146,146,100.0
nuscenes,scene-0103_016,9,Car,7.946,tx_m,0.02,162,158,97.531
nuscenes,scene-0103_016,12,Truck,55.18,tx_m,0.02,7,7,100.0
nuscenes,scene-0103_016,14,Car,19.283,tx_m,0.02,5,5,100.0
nuscenes,scene-0103_016,1,Car,11.35,tx_m,0.05,146,146,100.0
nuscenes,scene-0103_016,9,Car,7.946,tx_m,0.05,162,157,96.914
nuscenes,scene-0103_016,12,Truck,55.18,tx_m,0.05,7,7,100.0
nuscenes,scene-0103_016,14,Car,19.283,tx_m,0.05,5,5,100.0
nuscenes,scene-0103_016,1,Car,11.35,tx_m,0.1,146,146,100.0
nuscenes,scene-0103_016,9,Car,7.946,tx_m,0.1,162,153,94.444
nuscenes,scene-0103_016,12,Truck,55.18,tx_m,0.1,7,7,100.0
nuscenes,scene-0103_016,14,Car,19.283,tx_m,0.1,5,5,100.0
nuscenes,scene-0103_017,2,Car,11.826,yaw_deg,0.0,113,113,100.0
nuscenes,scene-0103_017,7,Car,38.276,yaw_deg,0.0,6,6,100.0
nuscenes,scene-0103_017,9,Car,20.269,yaw_deg,0.0,27,27,100.0
nuscenes,scene-0103_017,12,Car,7.205,yaw_deg,0.0,141,140,99.291
nuscenes,scene-0103_017,15,Truck,54.351,yaw_deg,0.0,9,9,100.0
nuscenes,scene-0103_017,16,Car,24.108,yaw_deg,0.0,9,9,100.0
nuscenes,scene-0103_017,2,Car,11.826,yaw_deg,0.5,113,113,100.0
nuscenes,scene-0103_017,7,Car,38.276,yaw_deg,0.5,6,6,100.0
nuscenes,scene-0103_017,9,Car,20.269,yaw_deg,0.5,27,27,100.0
nuscenes,scene-0103_017,12,Car,7.205,yaw_deg,0.5,141,141,100.0
nuscenes,scene-0103_017,15,Truck,54.351,yaw_deg,0.5,9,8,88.889
nuscenes,scene-0103_017,16,Car,24.108,yaw_deg,0.5,9,9,100.0
nuscenes,scene-0103_017,2,Car,11.826,yaw_deg,1.0,113,113,100.0
nuscenes,scene-0103_017,7,Car,38.276,yaw_deg,1.0,6,4,66.667
nuscenes,scene-0103_017,9,Car,20.269,yaw_deg,1.0,27,26,96.296
nuscenes,scene-0103_017,12,Car,7.205,yaw_deg,1.0,141,141,100.0
nuscenes,scene-0103_017,15,Truck,54.351,yaw_deg,1.0,9,7,77.778
nuscenes,scene-0103_017,16,Car,24.108,yaw_deg,1.0,9,7,77.778
nuscenes,scene-0103_017,2,Car,11.826,yaw_deg,2.0,113,110,97.345
nuscenes,scene-0103_017,7,Car,38.276,yaw_deg,2.0,6,1,16.667
nuscenes,scene-0103_017,9,Car,20.269,yaw_deg,2.0,27,21,77.778
nuscenes,scene-0103_017,12,Car,7.205,yaw_deg,2.0,141,135,95.745
nuscenes,scene-0103_017,15,Truck,54.351,yaw_deg,2.0,9,4,44.444
nuscenes,scene-0103_017,16,Car,24.108,yaw_deg,2.0,9,7,77.778
nuscenes,scene-0103_017,2,Car,11.826,yaw_deg,3.0,113,108,95.575
nuscenes,scene-0103_017,7,Car,38.276,yaw_deg,3.0,6,0,0.0
nuscenes,scene-0103_017,9,Car,20.269,yaw_deg,3.0,27,15,55.556
nuscenes,scene-0103_017,12,Car,7.205,yaw_deg,3.0,141,127,90.071
nuscenes,scene-0103_017,15,Truck,54.351,yaw_deg,3.0,9,0,0.0
nuscenes,scene-0103_017,16,Car,24.108,yaw_deg,3.0,9,6,66.667
nuscenes,scene-0103_017,2,Car,11.826,tx_m,0.02,113,113,100.0
nuscenes,scene-0103_017,7,Car,38.276,tx_m,0.02,6,6,100.0
nuscenes,scene-0103_017,9,Car,20.269,tx_m,0.02,27,27,100.0
nuscenes,scene-0103_017,12,Car,7.205,tx_m,0.02,141,138,97.872
nuscenes,scene-0103_017,15,Truck,54.351,tx_m,0.02,9,9,100.0
nuscenes,scene-0103_017,16,Car,24.108,tx_m,0.02,9,9,100.0
nuscenes,scene-0103_017,2,Car,11.826,tx_m,0.05,113,113,100.0
nuscenes,scene-0103_017,7,Car,38.276,tx_m,0.05,6,6,100.0
nuscenes,scene-0103_017,9,Car,20.269,tx_m,0.05,27,27,100.0
nuscenes,scene-0103_017,12,Car,7.205,tx_m,0.05,141,134,95.035
nuscenes,scene-0103_017,15,Truck,54.351,tx_m,0.05,9,9,100.0
nuscenes,scene-0103_017,16,Car,24.108,tx_m,0.05,9,9,100.0
nuscenes,scene-0103_017,2,Car,11.826,tx_m,0.1,113,113,100.0
nuscenes,scene-0103_017,7,Car,38.276,tx_m,0.1,6,6,100.0
nuscenes,scene-0103_017,9,Car,20.269,tx_m,0.1,27,27,100.0
nuscenes,scene-0103_017,12,Car,7.205,tx_m,0.1,141,129,91.489
nuscenes,scene-0103_017,15,Truck,54.351,tx_m,0.1,9,9,100.0
nuscenes,scene-0103_017,16,Car,24.108,tx_m,0.1,9,9,100.0
nuscenes,scene-0103_018,2,Car,12.178,yaw_deg,0.0,102,102,100.0
nuscenes,scene-0103_018,9,Car,19.798,yaw_deg,0.0,38,38,100.0
nuscenes,scene-0103_018,12,Car,7.033,yaw_deg,0.0,143,143,100.0
nuscenes,scene-0103_018,16,Truck,53.477,yaw_deg,0.0,5,5,100.0
nuscenes,scene-0103_018,17,Car,23.16,yaw_deg,0.0,7,7,100.0
nuscenes,scene-0103_018,18,Car,15.521,yaw_deg,0.0,32,32,100.0
nuscenes,scene-0103_018,2,Car,12.178,yaw_deg,0.5,102,102,100.0
nuscenes,scene-0103_018,9,Car,19.798,yaw_deg,0.5,38,38,100.0
nuscenes,scene-0103_018,12,Car,7.033,yaw_deg,0.5,143,143,100.0
nuscenes,scene-0103_018,16,Truck,53.477,yaw_deg,0.5,5,5,100.0
nuscenes,scene-0103_018,17,Car,23.16,yaw_deg,0.5,7,6,85.714
nuscenes,scene-0103_018,18,Car,15.521,yaw_deg,0.5,32,32,100.0
nuscenes,scene-0103_018,2,Car,12.178,yaw_deg,1.0,102,102,100.0
nuscenes,scene-0103_018,9,Car,19.798,yaw_deg,1.0,38,37,97.368
nuscenes,scene-0103_018,12,Car,7.033,yaw_deg,1.0,143,143,100.0
nuscenes,scene-0103_018,16,Truck,53.477,yaw_deg,1.0,5,3,60.0
nuscenes,scene-0103_018,17,Car,23.16,yaw_deg,1.0,7,5,71.429
nuscenes,scene-0103_018,18,Car,15.521,yaw_deg,1.0,32,31,96.875
nuscenes,scene-0103_018,2,Car,12.178,yaw_deg,2.0,102,98,96.078
nuscenes,scene-0103_018,9,Car,19.798,yaw_deg,2.0,38,34,89.474
nuscenes,scene-0103_018,12,Car,7.033,yaw_deg,2.0,143,135,94.406
nuscenes,scene-0103_018,16,Truck,53.477,yaw_deg,2.0,5,3,60.0
nuscenes,scene-0103_018,17,Car,23.16,yaw_deg,2.0,7,5,71.429
nuscenes,scene-0103_018,18,Car,15.521,yaw_deg,2.0,32,26,81.25
nuscenes,scene-0103_018,2,Car,12.178,yaw_deg,3.0,102,92,90.196
nuscenes,scene-0103_018,9,Car,19.798,yaw_deg,3.0,38,30,78.947
nuscenes,scene-0103_018,12,Car,7.033,yaw_deg,3.0,143,123,86.014
nuscenes,scene-0103_018,16,Truck,53.477,yaw_deg,3.0,5,1,20.0
nuscenes,scene-0103_018,17,Car,23.16,yaw_deg,3.0,7,4,57.143
nuscenes,scene-0103_018,18,Car,15.521,yaw_deg,3.0,32,20,62.5
nuscenes,scene-0103_018,2,Car,12.178,tx_m,0.02,102,102,100.0
nuscenes,scene-0103_018,9,Car,19.798,tx_m,0.02,38,38,100.0
nuscenes,scene-0103_018,12,Car,7.033,tx_m,0.02,143,139,97.203
nuscenes,scene-0103_018,16,Truck,53.477,tx_m,0.02,5,5,100.0
nuscenes,scene-0103_018,17,Car,23.16,tx_m,0.02,7,7,100.0
nuscenes,scene-0103_018,18,Car,15.521,tx_m,0.02,32,32,100.0
nuscenes,scene-0103_018,2,Car,12.178,tx_m,0.05,102,102,100.0
nuscenes,scene-0103_018,9,Car,19.798,tx_m,0.05,38,38,100.0
nuscenes,scene-0103_018,12,Car,7.033,tx_m,0.05,143,137,95.804
nuscenes,scene-0103_018,16,Truck,53.477,tx_m,0.05,5,5,100.0
nuscenes,scene-0103_018,17,Car,23.16,tx_m,0.05,7,7,100.0
nuscenes,scene-0103_018,18,Car,15.521,tx_m,0.05,32,32,100.0
nuscenes,scene-0103_018,2,Car,12.178,tx_m,0.1,102,102,100.0
nuscenes,scene-0103_018,9,Car,19.798,tx_m,0.1,38,38,100.0
nuscenes,scene-0103_018,12,Car,7.033,tx_m,0.1,143,129,90.21
nuscenes,scene-0103_018,16,Truck,53.477,tx_m,0.1,5,5,100.0
nuscenes,scene-0103_018,17,Car,23.16,tx_m,0.1,7,7,100.0
nuscenes,scene-0103_018,18,Car,15.521,tx_m,0.1,32,32,100.0
nuscenes,scene-0103_019,2,Car,13.623,yaw_deg,0.0,53,53,100.0
nuscenes,scene-0103_019,8,Car,36.259,yaw_deg,0.0,9,9,100.0
nuscenes,scene-0103_019,10,Car,18.932,yaw_deg,0.0,31,31,100.0
nuscenes,scene-0103_019,13,Car,6.699,yaw_deg,0.0,79,78,98.734
nuscenes,scene-0103_019,17,Truck,52.511,yaw_deg,0.0,5,5,100.0
nuscenes,scene-0103_019,18,Car,22.351,yaw_deg,0.0,7,7,100.0
nuscenes,scene-0103_019,19,Car,14.575,yaw_deg,0.0,73,73,100.0
nuscenes,scene-0103_019,2,Car,13.623,yaw_deg,0.5,53,53,100.0
nuscenes,scene-0103_019,8,Car,36.259,yaw_deg,0.5,9,9,100.0
nuscenes,scene-0103_019,10,Car,18.932,yaw_deg,0.5,31,31,100.0
nuscenes,scene-0103_019,13,Car,6.699,yaw_deg,0.5,79,79,100.0
nuscenes,scene-0103_019,17,Truck,52.511,yaw_deg,0.5,5,5,100.0
nuscenes,scene-0103_019,18,Car,22.351,yaw_deg,0.5,7,7,100.0
nuscenes,scene-0103_019,19,Car,14.575,yaw_deg,0.5,73,73,100.0
nuscenes,scene-0103_019,2,Car,13.623,yaw_deg,1.0,53,52,98.113
nuscenes,scene-0103_019,8,Car,36.259,yaw_deg,1.0,9,7,77.778
nuscenes,scene-0103_019,10,Car,18.932,yaw_deg,1.0,31,30,96.774
nuscenes,scene-0103_019,13,Car,6.699,yaw_deg,1.0,79,79,100.0
nuscenes,scene-0103_019,17,Truck,52.511,yaw_deg,1.0,5,5,100.0
nuscenes,scene-0103_019,18,Car,22.351,yaw_deg,1.0,7,5,71.429
nuscenes,scene-0103_019,19,Car,14.575,yaw_deg,1.0,73,73,100.0
nuscenes,scene-0103_019,2,Car,13.623,yaw_deg,2.0,53,50,94.34
nuscenes,scene-0103_019,8,Car,36.259,yaw_deg,2.0,9,4,44.444
nuscenes,scene-0103_019,10,Car,18.932,yaw_deg,2.0,31,26,83.871
nuscenes,scene-0103_019,13,Car,6.699,yaw_deg,2.0,79,74,93.671
nuscenes,scene-0103_019,17,Truck,52.511,yaw_deg,2.0,5,3,60.0
nuscenes,scene-0103_019,18,Car,22.351,yaw_deg,2.0,7,5,71.429
nuscenes,scene-0103_019,19,Car,14.575,yaw_deg,2.0,73,69,94.521
nuscenes,scene-0103_019,2,Car,13.623,yaw_deg,3.0,53,48,90.566
nuscenes,scene-0103_019,8,Car,36.259,yaw_deg,3.0,9,0,0.0
nuscenes,scene-0103_019,10,Car,18.932,yaw_deg,3.0,31,26,83.871
nuscenes,scene-0103_019,13,Car,6.699,yaw_deg,3.0,79,66,83.544
nuscenes,scene-0103_019,17,Truck,52.511,yaw_deg,3.0,5,0,0.0
nuscenes,scene-0103_019,18,Car,22.351,yaw_deg,3.0,7,4,57.143
nuscenes,scene-0103_019,19,Car,14.575,yaw_deg,3.0,73,65,89.041
nuscenes,scene-0103_019,2,Car,13.623,tx_m,0.02,53,53,100.0
nuscenes,scene-0103_019,8,Car,36.259,tx_m,0.02,9,9,100.0
nuscenes,scene-0103_019,10,Car,18.932,tx_m,0.02,31,31,100.0
nuscenes,scene-0103_019,13,Car,6.699,tx_m,0.02,79,75,94.937
nuscenes,scene-0103_019,17,Truck,52.511,tx_m,0.02,5,5,100.0
nuscenes,scene-0103_019,18,Car,22.351,tx_m,0.02,7,7,100.0
nuscenes,scene-0103_019,19,Car,14.575,tx_m,0.02,73,73,100.0
nuscenes,scene-0103_019,2,Car,13.623,tx_m,0.05,53,53,100.0
nuscenes,scene-0103_019,8,Car,36.259,tx_m,0.05,9,9,100.0
nuscenes,scene-0103_019,10,Car,18.932,tx_m,0.05,31,31,100.0
nuscenes,scene-0103_019,13,Car,6.699,tx_m,0.05,79,73,92.405
nuscenes,scene-0103_019,17,Truck,52.511,tx_m,0.05,5,5,100.0
nuscenes,scene-0103_019,18,Car,22.351,tx_m,0.05,7,7,100.0
nuscenes,scene-0103_019,19,Car,14.575,tx_m,0.05,73,73,100.0
nuscenes,scene-0103_019,2,Car,13.623,tx_m,0.1,53,53,100.0
nuscenes,scene-0103_019,8,Car,36.259,tx_m,0.1,9,9,100.0
nuscenes,scene-0103_019,10,Car,18.932,tx_m,0.1,31,31,100.0
nuscenes,scene-0103_019,13,Car,6.699,tx_m,0.1,79,69,87.342
nuscenes,scene-0103_019,17,Truck,52.511,tx_m,0.1,5,5,100.0
nuscenes,scene-0103_019,18,Car,22.351,tx_m,0.1,7,7,100.0
nuscenes,scene-0103_019,19,Car,14.575,tx_m,0.1,73,73,100.0
nuscenes,scene-0103_020,2,Car,15.271,yaw_deg,0.0,17,17,100.0
nuscenes,scene-0103_020,10,Car,35.185,yaw_deg,0.0,10,10,100.0
nuscenes,scene-0103_020,12,Car,18.088,yaw_deg,0.0,24,24,100.0
nuscenes,scene-0103_020,13,bicycle_rack,37.237,yaw_deg,0.0,8,8,100.0
nuscenes,scene-0103_020,15,Car,6.388,yaw_deg,0.0,54,54,100.0
nuscenes,scene-0103_020,19,Truck,52.533,yaw_deg,0.0,5,5,100.0
nuscenes,scene-0103_020,21,Car,13.315,yaw_deg,0.0,120,120,100.0
nuscenes,scene-0103_020,2,Car,15.271,yaw_deg,0.5,17,17,100.0
nuscenes,scene-0103_020,10,Car,35.185,yaw_deg,0.5,10,9,90.0
nuscenes,scene-0103_020,12,Car,18.088,yaw_deg,0.5,24,24,100.0
nuscenes,scene-0103_020,13,bicycle_rack,37.237,yaw_deg,0.5,8,8,100.0
nuscenes,scene-0103_020,15,Car,6.388,yaw_deg,0.5,54,54,100.0
nuscenes,scene-0103_020,19,Truck,52.533,yaw_deg,0.5,5,5,100.0
nuscenes,scene-0103_020,21,Car,13.315,yaw_deg,0.5,120,120,100.0
nuscenes,scene-0103_020,2,Car,15.271,yaw_deg,1.0,17,17,100.0
nuscenes,scene-0103_020,10,Car,35.185,yaw_deg,1.0,10,7,70.0
nuscenes,scene-0103_020,12,Car,18.088,yaw_deg,1.0,24,23,95.833
nuscenes,scene-0103_020,13,bicycle_rack,37.237,yaw_deg,1.0,8,8,100.0
nuscenes,scene-0103_020,15,Car,6.388,yaw_deg,1.0,54,54,100.0
nuscenes,scene-0103_020,19,Truck,52.533,yaw_deg,1.0,5,5,100.0
nuscenes,scene-0103_020,21,Car,13.315,yaw_deg,1.0,120,120,100.0
nuscenes,scene-0103_020,2,Car,15.271,yaw_deg,2.0,17,15,88.235
nuscenes,scene-0103_020,10,Car,35.185,yaw_deg,2.0,10,4,40.0
nuscenes,scene-0103_020,12,Car,18.088,yaw_deg,2.0,24,18,75.0
nuscenes,scene-0103_020,13,bicycle_rack,37.237,yaw_deg,2.0,8,8,100.0
nuscenes,scene-0103_020,15,Car,6.388,yaw_deg,2.0,54,49,90.741
nuscenes,scene-0103_020,19,Truck,52.533,yaw_deg,2.0,5,3,60.0
nuscenes,scene-0103_020,21,Car,13.315,yaw_deg,2.0,120,116,96.667
nuscenes,scene-0103_020,2,Car,15.271,yaw_deg,3.0,17,15,88.235
nuscenes,scene-0103_020,10,Car,35.185,yaw_deg,3.0,10,0,0.0
nuscenes,scene-0103_020,12,Car,18.088,yaw_deg,3.0,24,15,62.5
nuscenes,scene-0103_020,13,bicycle_rack,37.237,yaw_deg,3.0,8,7,87.5
nuscenes,scene-0103_020,15,Car,6.388,yaw_deg,3.0,54,40,74.074
nuscenes,scene-0103_020,19,Truck,52.533,yaw_deg,3.0,5,0,0.0
nuscenes,scene-0103_020,21,Car,13.315,yaw_deg,3.0,120,107,89.167
nuscenes,scene-0103_020,2,Car,15.271,tx_m,0.02,17,17,100.0
nuscenes,scene-0103_020,10,Car,35.185,tx_m,0.02,10,10,100.0
nuscenes,scene-0103_020,12,Car,18.088,tx_m,0.02,24,24,100.0
nuscenes,scene-0103_020,13,bicycle_rack,37.237,tx_m,0.02,8,8,100.0
nuscenes,scene-0103_020,15,Car,6.388,tx_m,0.02,54,53,98.148
nuscenes,scene-0103_020,19,Truck,52.533,tx_m,0.02,5,5,100.0
nuscenes,scene-0103_020,21,Car,13.315,tx_m,0.02,120,120,100.0
nuscenes,scene-0103_020,2,Car,15.271,tx_m,0.05,17,17,100.0
nuscenes,scene-0103_020,10,Car,35.185,tx_m,0.05,10,10,100.0
nuscenes,scene-0103_020,12,Car,18.088,tx_m,0.05,24,24,100.0
nuscenes,scene-0103_020,13,bicycle_rack,37.237,tx_m,0.05,8,8,100.0
nuscenes,scene-0103_020,15,Car,6.388,tx_m,0.05,54,49,90.741
nuscenes,scene-0103_020,19,Truck,52.533,tx_m,0.05,5,5,100.0
nuscenes,scene-0103_020,21,Car,13.315,tx_m,0.05,120,120,100.0
nuscenes,scene-0103_020,2,Car,15.271,tx_m,0.1,17,17,100.0
nuscenes,scene-0103_020,10,Car,35.185,tx_m,0.1,10,10,100.0
nuscenes,scene-0103_020,12,Car,18.088,tx_m,0.1,24,24,100.0
nuscenes,scene-0103_020,13,bicycle_rack,37.237,tx_m,0.1,8,8,100.0
nuscenes,scene-0103_020,15,Car,6.388,tx_m,0.1,54,46,85.185
nuscenes,scene-0103_020,19,Truck,52.533,tx_m,0.1,5,5,100.0
nuscenes,scene-0103_020,21,Car,13.315,tx_m,0.1,120,120,100.0
nuscenes,scene-0103_021,2,Car,16.86,yaw_deg,0.0,24,24,100.0
nuscenes,scene-0103_021,10,Car,33.816,yaw_deg,0.0,10,10,100.0
nuscenes,scene-0103_021,12,Car,16.912,yaw_deg,0.0,14,14,100.0
nuscenes,scene-0103_021,13,bicycle_rack,35.985,yaw_deg,0.0,11,11,100.0
nuscenes,scene-0103_021,16,Car,5.826,yaw_deg,0.0,5,4,80.0
nuscenes,scene-0103_021,21,Truck,52.231,yaw_deg,0.0,6,6,100.0
nuscenes,scene-0103_021,23,Car,11.88,yaw_deg,0.0,154,154,100.0
nuscenes,scene-0103_021,2,Car,16.86,yaw_deg,0.5,24,24,100.0
nuscenes,scene-0103_021,10,Car,33.816,yaw_deg,0.5,10,9,90.0
nuscenes,scene-0103_021,12,Car,16.912,yaw_deg,0.5,14,14,100.0
nuscenes,scene-0103_021,13,bicycle_rack,35.985,yaw_deg,0.5,11,11,100.0
nuscenes,scene-0103_021,16,Car,5.826,yaw_deg,0.5,5,5,100.0
nuscenes,scene-0103_021,21,Truck,52.231,yaw_deg,0.5,6,6,100.0
nuscenes,scene-0103_021,23,Car,11.88,yaw_deg,0.5,154,154,100.0
nuscenes,scene-0103_021,2,Car,16.86,yaw_deg,1.0,24,21,87.5
nuscenes,scene-0103_021,10,Car,33.816,yaw_deg,1.0,10,7,70.0
nuscenes,scene-0103_021,12,Car,16.912,yaw_deg,1.0,14,12,85.714
nuscenes,scene-0103_021,13,bicycle_rack,35.985,yaw_deg,1.0,11,11,100.0
nuscenes,scene-0103_021,16,Car,5.826,yaw_deg,1.0,5,5,100.0
nuscenes,scene-0103_021,21,Truck,52.231,yaw_deg,1.0,6,6,100.0
nuscenes,scene-0103_021,23,Car,11.88,yaw_deg,1.0,154,153,99.351
nuscenes,scene-0103_021,2,Car,16.86,yaw_deg,2.0,24,17,70.833
nuscenes,scene-0103_021,10,Car,33.816,yaw_deg,2.0,10,4,40.0
nuscenes,scene-0103_021,12,Car,16.912,yaw_deg,2.0,14,9,64.286
nuscenes,scene-0103_021,13,bicycle_rack,35.985,yaw_deg,2.0,11,11,100.0
nuscenes,scene-0103_021,16,Car,5.826,yaw_deg,2.0,5,4,80.0
nuscenes,scene-0103_021,21,Truck,52.231,yaw_deg,2.0,6,4,66.667
nuscenes,scene-0103_021,23,Car,11.88,yaw_deg,2.0,154,150,97.403
nuscenes,scene-0103_021,2,Car,16.86,yaw_deg,3.0,24,16,66.667
nuscenes,scene-0103_021,10,Car,33.816,yaw_deg,3.0,10,0,0.0
nuscenes,scene-0103_021,12,Car,16.912,yaw_deg,3.0,14,7,50.0
nuscenes,scene-0103_021,13,bicycle_rack,35.985,yaw_deg,3.0,11,10,90.909
nuscenes,scene-0103_021,16,Car,5.826,yaw_deg,3.0,5,0,0.0
nuscenes,scene-0103_021,21,Truck,52.231,yaw_deg,3.0,6,1,16.667
nuscenes,scene-0103_021,23,Car,11.88,yaw_deg,3.0,154,146,94.805
nuscenes,scene-0103_021,2,Car,16.86,tx_m,0.02,24,24,100.0
nuscenes,scene-0103_021,10,Car,33.816,tx_m,0.02,10,10,100.0
nuscenes,scene-0103_021,12,Car,16.912,tx_m,0.02,14,14,100.0
nuscenes,scene-0103_021,13,bicycle_rack,35.985,tx_m,0.02,11,11,100.0
nuscenes,scene-0103_021,16,Car,5.826,tx_m,0.02,5,4,80.0
nuscenes,scene-0103_021,21,Truck,52.231,tx_m,0.02,6,6,100.0
nuscenes,scene-0103_021,23,Car,11.88,tx_m,0.02,154,154,100.0
nuscenes,scene-0103_021,2,Car,16.86,tx_m,0.05,24,24,100.0
nuscenes,scene-0103_021,10,Car,33.816,tx_m,0.05,10,10,100.0
nuscenes,scene-0103_021,12,Car,16.912,tx_m,0.05,14,14,100.0
nuscenes,scene-0103_021,13,bicycle_rack,35.985,tx_m,0.05,11,11,100.0
nuscenes,scene-0103_021,16,Car,5.826,tx_m,0.05,5,1,20.0
nuscenes,scene-0103_021,21,Truck,52.231,tx_m,0.05,6,6,100.0
nuscenes,scene-0103_021,23,Car,11.88,tx_m,0.05,154,154,100.0
nuscenes,scene-0103_021,2,Car,16.86,tx_m,0.1,24,24,100.0
nuscenes,scene-0103_021,10,Car,33.816,tx_m,0.1,10,10,100.0
nuscenes,scene-0103_021,12,Car,16.912,tx_m,0.1,14,14,100.0
nuscenes,scene-0103_021,13,bicycle_rack,35.985,tx_m,0.1,11,11,100.0
nuscenes,scene-0103_021,16,Car,5.826,tx_m,0.1,5,0,0.0
nuscenes,scene-0103_021,21,Truck,52.231,tx_m,0.1,6,6,100.0
nuscenes,scene-0103_021,23,Car,11.88,tx_m,0.1,154,154,100.0
nuscenes,scene-0103_022,2,Car,19.044,yaw_deg,0.0,7,7,100.0
nuscenes,scene-0103_022,10,Car,32.392,yaw_deg,0.0,10,10,100.0
nuscenes,scene-0103_022,13,bicycle_rack,34.527,yaw_deg,0.0,16,16,100.0
nuscenes,scene-0103_022,20,Truck,50.892,yaw_deg,0.0,7,7,100.0
nuscenes,scene-0103_022,22,Car,10.373,yaw_deg,0.0,163,163,100.0
nuscenes,scene-0103_022,2,Car,19.044,yaw_deg,0.5,7,7,100.0
nuscenes,scene-0103_022,10,Car,32.392,yaw_deg,0.5,10,10,100.0
nuscenes,scene-0103_022,13,bicycle_rack,34.527,yaw_deg,0.5,16,16,100.0
nuscenes,scene-0103_022,20,Truck,50.892,yaw_deg,0.5,7,7,100.0
nuscenes,scene-0103_022,22,Car,10.373,yaw_deg,0.5,163,159,97.546
nuscenes,scene-0103_022,2,Car,19.044,yaw_deg,1.0,7,6,85.714
nuscenes,scene-0103_022,10,Car,32.392,yaw_deg,1.0,10,7,70.0
nuscenes,scene-0103_022,13,bicycle_rack,34.527,yaw_deg,1.0,16,16,100.0
nuscenes,scene-0103_022,20,Truck,50.892,yaw_deg,1.0,7,7,100.0
nuscenes,scene-0103_022,22,Car,10.373,yaw_deg,1.0,163,156,95.706
nuscenes,scene-0103_022,2,Car,19.044,yaw_deg,2.0,7,6,85.714
nuscenes,scene-0103_022,10,Car,32.392,yaw_deg,2.0,10,4,40.0
nuscenes,scene-0103_022,13,bicycle_rack,34.527,yaw_deg,2.0,16,14,87.5
nuscenes,scene-0103_022,20,Truck,50.892,yaw_deg,2.0,7,6,85.714
nuscenes,scene-0103_022,22,Car,10.373,yaw_deg,2.0,163,148,90.798
nuscenes,scene-0103_022,2,Car,19.044,yaw_deg,3.0,7,5,71.429
nuscenes,scene-0103_022,10,Car,32.392,yaw_deg,3.0,10,0,0.0
nuscenes,scene-0103_022,13,bicycle_rack,34.527,yaw_deg,3.0,16,11,68.75
nuscenes,scene-0103_022,20,Truck,50.892,yaw_deg,3.0,7,2,28.571
nuscenes,scene-0103_022,22,Car,10.373,yaw_deg,3.0,163,139,85.276
nuscenes,scene-0103_022,2,Car,19.044,tx_m,0.02,7,7,100.0
nuscenes,scene-0103_022,10,Car,32.392,tx_m,0.02,10,10,100.0
nuscenes,scene-0103_022,13,bicycle_rack,34.527,tx_m,0.02,16,16,100.0
nuscenes,scene-0103_022,20,Truck,50.892,tx_m,0.02,7,7,100.0
nuscenes,scene-0103_022,22,Car,10.373,tx_m,0.02,163,163,100.0
nuscenes,scene-0103_022,2,Car,19.044,tx_m,0.05,7,7,100.0
nuscenes,scene-0103_022,10,Car,32.392,tx_m,0.05,10,10,100.0
nuscenes,scene-0103_022,13,bicycle_rack,34.527,tx_m,0.05,16,16,100.0
nuscenes,scene-0103_022,20,Truck,50.892,tx_m,0.05,7,7,100.0
nuscenes,scene-0103_022,22,Car,10.373,tx_m,0.05,163,163,100.0
nuscenes,scene-0103_022,2,Car,19.044,tx_m,0.1,7,7,100.0
nuscenes,scene-0103_022,10,Car,32.392,tx_m,0.1,10,10,100.0
nuscenes,scene-0103_022,13,bicycle_rack,34.527,tx_m,0.1,16,16,100.0
nuscenes,scene-0103_022,20,Truck,50.892,tx_m,0.1,7,7,100.0
nuscenes,scene-0103_022,22,Car,10.373,tx_m,0.1,163,163,100.0
nuscenes,scene-0103_023,2,Car,21.318,yaw_deg,0.0,10,10,100.0
nuscenes,scene-0103_023,10,Car,30.743,yaw_deg,0.0,10,10,100.0
nuscenes,scene-0103_023,13,bicycle_rack,36.212,yaw_deg,0.0,12,12,100.0
nuscenes,scene-0103_023,19,Pedestrian,25.191,yaw_deg,0.0,6,6,100.0
nuscenes,scene-0103_023,20,Truck,49.117,yaw_deg,0.0,7,7,100.0
nuscenes,scene-0103_023,22,Car,9.109,yaw_deg,0.0,181,181,100.0
nuscenes,scene-0103_023,25,Car,19.867,yaw_deg,0.0,5,5,100.0
nuscenes,scene-0103_023,2,Car,21.318,yaw_deg,0.5,10,10,100.0
nuscenes,scene-0103_023,10,Car,30.743,yaw_deg,0.5,10,10,100.0
nuscenes,scene-0103_023,13,bicycle_rack,36.212,yaw_deg,0.5,12,12,100.0
nuscenes,scene-0103_023,19,Pedestrian,25.191,yaw_deg,0.5,6,6,100.0
nuscenes,scene-0103_023,20,Truck,49.117,yaw_deg,0.5,7,7,100.0
nuscenes,scene-0103_023,22,Car,9.109,yaw_deg,0.5,181,171,94.475
nuscenes,scene-0103_023,25,Car,19.867,yaw_deg,0.5,5,5,100.0
nuscenes,scene-0103_023,2,Car,21.318,yaw_deg,1.0,10,9,90.0
nuscenes,scene-0103_023,10,Car,30.743,yaw_deg,1.0,10,7,70.0
nuscenes,scene-0103_023,13,bicycle_rack,36.212,yaw_deg,1.0,12,11,91.667
nuscenes,scene-0103_023,19,Pedestrian,25.191,yaw_deg,1.0,6,2,33.333
nuscenes,scene-0103_023,20,Truck,49.117,yaw_deg,1.0,7,7,100.0
nuscenes,scene-0103_023,22,Car,9.109,yaw_deg,1.0,181,164,90.608
nuscenes,scene-0103_023,25,Car,19.867,yaw_deg,1.0,5,5,100.0
nuscenes,scene-0103_023,2,Car,21.318,yaw_deg,2.0,10,5,50.0
nuscenes,scene-0103_023,10,Car,30.743,yaw_deg,2.0,10,4,40.0
nuscenes,scene-0103_023,13,bicycle_rack,36.212,yaw_deg,2.0,12,11,91.667
nuscenes,scene-0103_023,19,Pedestrian,25.191,yaw_deg,2.0,6,0,0.0
nuscenes,scene-0103_023,20,Truck,49.117,yaw_deg,2.0,7,6,85.714
nuscenes,scene-0103_023,22,Car,9.109,yaw_deg,2.0,181,145,80.11
nuscenes,scene-0103_023,25,Car,19.867,yaw_deg,2.0,5,5,100.0
nuscenes,scene-0103_023,2,Car,21.318,yaw_deg,3.0,10,5,50.0
nuscenes,scene-0103_023,10,Car,30.743,yaw_deg,3.0,10,1,10.0
nuscenes,scene-0103_023,13,bicycle_rack,36.212,yaw_deg,3.0,12,11,91.667
nuscenes,scene-0103_023,19,Pedestrian,25.191,yaw_deg,3.0,6,0,0.0
nuscenes,scene-0103_023,20,Truck,49.117,yaw_deg,3.0,7,3,42.857
nuscenes,scene-0103_023,22,Car,9.109,yaw_deg,3.0,181,127,70.166
nuscenes,scene-0103_023,25,Car,19.867,yaw_deg,3.0,5,3,60.0
nuscenes,scene-0103_023,2,Car,21.318,tx_m,0.02,10,10,100.0
nuscenes,scene-0103_023,10,Car,30.743,tx_m,0.02,10,10,100.0
nuscenes,scene-0103_023,13,bicycle_rack,36.212,tx_m,0.02,12,12,100.0
nuscenes,scene-0103_023,19,Pedestrian,25.191,tx_m,0.02,6,6,100.0
nuscenes,scene-0103_023,20,Truck,49.117,tx_m,0.02,7,7,100.0
nuscenes,scene-0103_023,22,Car,9.109,tx_m,0.02,181,181,100.0
nuscenes,scene-0103_023,25,Car,19.867,tx_m,0.02,5,5,100.0
nuscenes,scene-0103_023,2,Car,21.318,tx_m,0.05,10,10,100.0
nuscenes,scene-0103_023,10,Car,30.743,tx_m,0.05,10,10,100.0
nuscenes,scene-0103_023,13,bicycle_rack,36.212,tx_m,0.05,12,12,100.0
nuscenes,scene-0103_023,19,Pedestrian,25.191,tx_m,0.05,6,6,100.0
nuscenes,scene-0103_023,20,Truck,49.117,tx_m,0.05,7,7,100.0
nuscenes,scene-0103_023,22,Car,9.109,tx_m,0.05,181,181,100.0
nuscenes,scene-0103_023,25,Car,19.867,tx_m,0.05,5,5,100.0
nuscenes,scene-0103_023,2,Car,21.318,tx_m,0.1,10,10,100.0
nuscenes,scene-0103_023,10,Car,30.743,tx_m,0.1,10,10,100.0
nuscenes,scene-0103_023,13,bicycle_rack,36.212,tx_m,0.1,12,12,100.0
nuscenes,scene-0103_023,19,Pedestrian,25.191,tx_m,0.1,6,6,100.0
nuscenes,scene-0103_023,20,Truck,49.117,tx_m,0.1,7,7,100.0
nuscenes,scene-0103_023,22,Car,9.109,tx_m,0.1,181,181,100.0
nuscenes,scene-0103_023,25,Car,19.867,tx_m,0.1,5,5,100.0
nuscenes,scene-0103_024,3,Car,34.208,yaw_deg,0.0,5,5,100.0
nuscenes,scene-0103_024,10,Car,28.882,yaw_deg,0.0,10,10,100.0
nuscenes,scene-0103_024,12,Car,13.535,yaw_deg,0.0,10,10,100.0
nuscenes,scene-0103_024,13,bicycle_rack,29.203,yaw_deg,0.0,19,19,100.0
nuscenes,scene-0103_024,19,Pedestrian,24.072,yaw_deg,0.0,6,6,100.0
nuscenes,scene-0103_024,20,Truck,47.641,yaw_deg,0.0,10,10,100.0
nuscenes,scene-0103_024,21,Car,7.764,yaw_deg,0.0,110,110,100.0
nuscenes,scene-0103_024,24,Car,17.948,yaw_deg,0.0,18,18,100.0
nuscenes,scene-0103_024,3,Car,34.208,yaw_deg,0.5,5,5,100.0
nuscenes,scene-0103_024,10,Car,28.882,yaw_deg,0.5,10,10,100.0
nuscenes,scene-0103_024,12,Car,13.535,yaw_deg,0.5,10,8,80.0
nuscenes,scene-0103_024,13,bicycle_rack,29.203,yaw_deg,0.5,19,19,100.0
nuscenes,scene-0103_024,19,Pedestrian,24.072,yaw_deg,0.5,6,6,100.0
nuscenes,scene-0103_024,20,Truck,47.641,yaw_deg,0.5,10,10,100.0
nuscenes,scene-0103_024,21,Car,7.764,yaw_deg,0.5,110,100,90.909
nuscenes,scene-0103_024,24,Car,17.948,yaw_deg,0.5,18,18,100.0
nuscenes,scene-0103_024,3,Car,34.208,yaw_deg,1.0,5,5,100.0
nuscenes,scene-0103_024,10,Car,28.882,yaw_deg,1.0,10,9,90.0
nuscenes,scene-0103_024,12,Car,13.535,yaw_deg,1.0,10,7,70.0
nuscenes,scene-0103_024,13,bicycle_rack,29.203,yaw_deg,1.0,19,19,100.0
nuscenes,scene-0103_024,19,Pedestrian,24.072,yaw_deg,1.0,6,3,50.0
nuscenes,scene-0103_024,20,Truck,47.641,yaw_deg,1.0,10,10,100.0
nuscenes,scene-0103_024,21,Car,7.764,yaw_deg,1.0,110,92,83.636
nuscenes,scene-0103_024,24,Car,17.948,yaw_deg,1.0,18,18,100.0
nuscenes,scene-0103_024,3,Car,34.208,yaw_deg,2.0,5,5,100.0
nuscenes,scene-0103_024,10,Car,28.882,yaw_deg,2.0,10,5,50.0
nuscenes,scene-0103_024,12,Car,13.535,yaw_deg,2.0,10,4,40.0
nuscenes,scene-0103_024,13,bicycle_rack,29.203,yaw_deg,2.0,19,16,84.211
nuscenes,scene-0103_024,19,Pedestrian,24.072,yaw_deg,2.0,6,0,0.0
nuscenes,scene-0103_024,20,Truck,47.641,yaw_deg,2.0,10,9,90.0
nuscenes,scene-0103_024,21,Car,7.764,yaw_deg,2.0,110,77,70.0
nuscenes,scene-0103_024,24,Car,17.948,yaw_deg,2.0,18,18,100.0
nuscenes,scene-0103_024,3,Car,34.208,yaw_deg,3.0,5,2,40.0
nuscenes,scene-0103_024,10,Car,28.882,yaw_deg,3.0,10,2,20.0
nuscenes,scene-0103_024,12,Car,13.535,yaw_deg,3.0,10,4,40.0
nuscenes,scene-0103_024,13,bicycle_rack,29.203,yaw_deg,3.0,19,14,73.684
nuscenes,scene-0103_024,19,Pedestrian,24.072,yaw_deg,3.0,6,0,0.0
nuscenes,scene-0103_024,20,Truck,47.641,yaw_deg,3.0,10,6,60.0
nuscenes,scene-0103_024,21,Car,7.764,yaw_deg,3.0,110,62,56.364
nuscenes,scene-0103_024,24,Car,17.948,yaw_deg,3.0,18,15,83.333
nuscenes,scene-0103_024,3,Car,34.208,tx_m,0.02,5,5,100.0
nuscenes,scene-0103_024,10,Car,28.882,tx_m,0.02,10,10,100.0
nuscenes,scene-0103_024,12,Car,13.535,tx_m,0.02,10,10,100.0
nuscenes,scene-0103_024,13,bicycle_rack,29.203,tx_m,0.02,19,19,100.0
nuscenes,scene-0103_024,19,Pedestrian,24.072,tx_m,0.02,6,6,100.0
nuscenes,scene-0103_024,20,Truck,47.641,tx_m,0.02,10,10,100.0
nuscenes,scene-0103_024,21,Car,7.764,tx_m,0.02,110,110,100.0
nuscenes,scene-0103_024,24,Car,17.948,tx_m,0.02,18,18,100.0
nuscenes,scene-0103_024,3,Car,34.208,tx_m,0.05,5,5,100.0
nuscenes,scene-0103_024,10,Car,28.882,tx_m,0.05,10,10,100.0
nuscenes,scene-0103_024,12,Car,13.535,tx_m,0.05,10,10,100.0
nuscenes,scene-0103_024,13,bicycle_rack,29.203,tx_m,0.05,19,19,100.0
nuscenes,scene-0103_024,19,Pedestrian,24.072,tx_m,0.05,6,6,100.0
nuscenes,scene-0103_024,20,Truck,47.641,tx_m,0.05,10,9,90.0
nuscenes,scene-0103_024,21,Car,7.764,tx_m,0.05,110,110,100.0
nuscenes,scene-0103_024,24,Car,17.948,tx_m,0.05,18,18,100.0
nuscenes,scene-0103_024,3,Car,34.208,tx_m,0.1,5,5,100.0
nuscenes,scene-0103_024,10,Car,28.882,tx_m,0.1,10,10,100.0
nuscenes,scene-0103_024,12,Car,13.535,tx_m,0.1,10,10,100.0
nuscenes,scene-0103_024,13,bicycle_rack,29.203,tx_m,0.1,19,19,100.0
nuscenes,scene-0103_024,19,Pedestrian,24.072,tx_m,0.1,6,5,83.333
nuscenes,scene-0103_024,20,Truck,47.641,tx_m,0.1,10,9,90.0
nuscenes,scene-0103_024,21,Car,7.764,tx_m,0.1,110,110,100.0
nuscenes,scene-0103_024,24,Car,17.948,tx_m,0.1,18,18,100.0
nuscenes,scene-0103_025,10,Car,26.886,yaw_deg,0.0,15,15,100.0
nuscenes,scene-0103_025,12,Car,12.835,yaw_deg,0.0,13,13,100.0
nuscenes,scene-0103_025,13,bicycle_rack,27.701,yaw_deg,0.0,17,17,100.0
nuscenes,scene-0103_025,20,Truck,46.182,yaw_deg,0.0,10,10,100.0
nuscenes,scene-0103_025,25,Car,15.786,yaw_deg,0.0,30,30,100.0
nuscenes,scene-0103_025,10,Car,26.886,yaw_deg,0.5,15,15,100.0
nuscenes,scene-0103_025,12,Car,12.835,yaw_deg,0.5,13,11,84.615
nuscenes,scene-0103_025,13,bicycle_rack,27.701,yaw_deg,0.5,17,17,100.0
nuscenes,scene-0103_025,20,Truck,46.182,yaw_deg,0.5,10,10,100.0
nuscenes,scene-0103_025,25,Car,15.786,yaw_deg,0.5,30,30,100.0
nuscenes,scene-0103_025,10,Car,26.886,yaw_deg,1.0,15,13,86.667
nuscenes,scene-0103_025,12,Car,12.835,yaw_deg,1.0,13,6,46.154
nuscenes,scene-0103_025,13,bicycle_rack,27.701,yaw_deg,1.0,17,16,94.118
nuscenes,scene-0103_025,20,Truck,46.182,yaw_deg,1.0,10,10,100.0
nuscenes,scene-0103_025,25,Car,15.786,yaw_deg,1.0,30,29,96.667
nuscenes,scene-0103_025,10,Car,26.886,yaw_deg,2.0,15,8,53.333
nuscenes,scene-0103_025,12,Car,12.835,yaw_deg,2.0,13,0,0.0
nuscenes,scene-0103_025,13,bicycle_rack,27.701,yaw_deg,2.0,17,14,82.353
nuscenes,scene-0103_025,20,Truck,46.182,yaw_deg,2.0,10,10,100.0
nuscenes,scene-0103_025,25,Car,15.786,yaw_deg,2.0,30,24,80.0
nuscenes,scene-0103_025,10,Car,26.886,yaw_deg,3.0,15,4,26.667
nuscenes,scene-0103_025,12,Car,12.835,yaw_deg,3.0,13,0,0.0
nuscenes,scene-0103_025,13,bicycle_rack,27.701,yaw_deg,3.0,17,11,64.706
nuscenes,scene-0103_025,20,Truck,46.182,yaw_deg,3.0,10,8,80.0
nuscenes,scene-0103_025,25,Car,15.786,yaw_deg,3.0,30,21,70.0
nuscenes,scene-0103_025,10,Car,26.886,tx_m,0.02,15,15,100.0
nuscenes,scene-0103_025,12,Car,12.835,tx_m,0.02,13,13,100.0
nuscenes,scene-0103_025,13,bicycle_rack,27.701,tx_m,0.02,17,17,100.0
nuscenes,scene-0103_025,20,Truck,46.182,tx_m,0.02,10,10,100.0
nuscenes,scene-0103_025,25,Car,15.786,tx_m,0.02,30,30,100.0
nuscenes,scene-0103_025,10,Car,26.886,tx_m,0.05,15,15,100.0
nuscenes,scene-0103_025,12,Car,12.835,tx_m,0.05,13,13,100.0
nuscenes,scene-0103_025,13,bicycle_rack,27.701,tx_m,0.05,17,17,100.0
nuscenes,scene-0103_025,20,Truck,46.182,tx_m,0.05,10,10,100.0
nuscenes,scene-0103_025,25,Car,15.786,tx_m,0.05,30,30,100.0
nuscenes,scene-0103_025,10,Car,26.886,tx_m,0.1,15,15,100.0
nuscenes,scene-0103_025,12,Car,12.835,tx_m,0.1,13,13,100.0
nuscenes,scene-0103_025,13,bicycle_rack,27.701,tx_m,0.1,17,17,100.0
nuscenes,scene-0103_025,20,Truck,46.182,tx_m,0.1,10,10,100.0
nuscenes,scene-0103_025,25,Car,15.786,tx_m,0.1,30,30,100.0
nuscenes,scene-0103_026,3,Car,29.751,yaw_deg,0.0,5,5,100.0
nuscenes,scene-0103_026,9,Car,24.849,yaw_deg,0.0,20,20,100.0
nuscenes,scene-0103_026,11,bicycle_rack,23.146,yaw_deg,0.0,28,28,100.0
nuscenes,scene-0103_026,17,Pedestrian,21.14,yaw_deg,0.0,5,5,100.0
nuscenes,scene-0103_026,18,Truck,41.614,yaw_deg,0.0,15,15,100.0
nuscenes,scene-0103_026,22,Car,13.667,yaw_deg,0.0,32,32,100.0
nuscenes,scene-0103_026,3,Car,29.751,yaw_deg,0.5,5,5,100.0
nuscenes,scene-0103_026,9,Car,24.849,yaw_deg,0.5,20,20,100.0
nuscenes,scene-0103_026,11,bicycle_rack,23.146,yaw_deg,0.5,28,28,100.0
nuscenes,scene-0103_026,17,Pedestrian,21.14,yaw_deg,0.5,5,5,100.0
nuscenes,scene-0103_026,18,Truck,41.614,yaw_deg,0.5,15,15,100.0
nuscenes,scene-0103_026,22,Car,13.667,yaw_deg,0.5,32,30,93.75
nuscenes,scene-0103_026,3,Car,29.751,yaw_deg,1.0,5,5,100.0
nuscenes,scene-0103_026,9,Car,24.849,yaw_deg,1.0,20,19,95.0
nuscenes,scene-0103_026,11,bicycle_rack,23.146,yaw_deg,1.0,28,27,96.429
nuscenes,scene-0103_026,17,Pedestrian,21.14,yaw_deg,1.0,5,4,80.0
nuscenes,scene-0103_026,18,Truck,41.614,yaw_deg,1.0,15,15,100.0
nuscenes,scene-0103_026,22,Car,13.667,yaw_deg,1.0,32,29,90.625
nuscenes,scene-0103_026,3,Car,29.751,yaw_deg,2.0,5,5,100.0
nuscenes,scene-0103_026,9,Car,24.849,yaw_deg,2.0,20,14,70.0
nuscenes,scene-0103_026,11,bicycle_rack,23.146,yaw_deg,2.0,28,24,85.714
nuscenes,scene-0103_026,17,Pedestrian,21.14,yaw_deg,2.0,5,0,0.0
nuscenes,scene-0103_026,18,Truck,41.614,yaw_deg,2.0,15,14,93.333
nuscenes,scene-0103_026,22,Car,13.667,yaw_deg,2.0,32,22,68.75
nuscenes,scene-0103_026,3,Car,29.751,yaw_deg,3.0,5,4,80.0
nuscenes,scene-0103_026,9,Car,24.849,yaw_deg,3.0,20,8,40.0
nuscenes,scene-0103_026,11,bicycle_rack,23.146,yaw_deg,3.0,28,22,78.571
nuscenes,scene-0103_026,17,Pedestrian,21.14,yaw_deg,3.0,5,0,0.0
nuscenes,scene-0103_026,18,Truck,41.614,yaw_deg,3.0,15,9,60.0
nuscenes,scene-0103_026,22,Car,13.667,yaw_deg,3.0,32,17,53.125
nuscenes,scene-0103_026,3,Car,29.751,tx_m,0.02,5,5,100.0
nuscenes,scene-0103_026,9,Car,24.849,tx_m,0.02,20,20,100.0
nuscenes,scene-0103_026,11,bicycle_rack,23.146,tx_m,0.02,28,28,100.0
nuscenes,scene-0103_026,17,Pedestrian,21.14,tx_m,0.02,5,5,100.0
nuscenes,scene-0103_026,18,Truck,41.614,tx_m,0.02,15,15,100.0
nuscenes,scene-0103_026,22,Car,13.667,tx_m,0.02,32,32,100.0
nuscenes,scene-0103_026,3,Car,29.751,tx_m,0.05,5,5,100.0
nuscenes,scene-0103_026,9,Car,24.849,tx_m,0.05,20,20,100.0
nuscenes,scene-0103_026,11,bicycle_rack,23.146,tx_m,0.05,28,28,100.0
nuscenes,scene-0103_026,17,Pedestrian,21.14,tx_m,0.05,5,5,100.0
nuscenes,scene-0103_026,18,Truck,41.614,tx_m,0.05,15,15,100.0
nuscenes,scene-0103_026,22,Car,13.667,tx_m,0.05,32,32,100.0
nuscenes,scene-0103_026,3,Car,29.751,tx_m,0.1,5,5,100.0
nuscenes,scene-0103_026,9,Car,24.849,tx_m,0.1,20,20,100.0
nuscenes,scene-0103_026,11,bicycle_rack,23.146,tx_m,0.1,28,28,100.0
nuscenes,scene-0103_026,17,Pedestrian,21.14,tx_m,0.1,5,5,100.0
nuscenes,scene-0103_026,18,Truck,41.614,tx_m,0.1,15,15,100.0
nuscenes,scene-0103_026,22,Car,13.667,tx_m,0.1,32,32,100.0
nuscenes,scene-0103_027,8,Car,22.017,yaw_deg,0.0,24,24,100.0
nuscenes,scene-0103_027,10,bicycle_rack,20.082,yaw_deg,0.0,50,50,100.0
nuscenes,scene-0103_027,16,Pedestrian,19.308,yaw_deg,0.0,6,6,100.0
nuscenes,scene-0103_027,17,Truck,39.006,yaw_deg,0.0,19,19,100.0
nuscenes,scene-0103_027,21,Car,14.225,yaw_deg,0.0,17,17,100.0
nuscenes,scene-0103_027,8,Car,22.017,yaw_deg,0.5,24,24,100.0
nuscenes,scene-0103_027,10,bicycle_rack,20.082,yaw_deg,0.5,50,50,100.0
nuscenes,scene-0103_027,16,Pedestrian,19.308,yaw_deg,0.5,6,5,83.333
nuscenes,scene-0103_027,17,Truck,39.006,yaw_deg,0.5,19,19,100.0
nuscenes,scene-0103_027,21,Car,14.225,yaw_deg,0.5,17,17,100.0
nuscenes,scene-0103_027,8,Car,22.017,yaw_deg,1.0,24,22,91.667
nuscenes,scene-0103_027,10,bicycle_rack,20.082,yaw_deg,1.0,50,49,98.0
nuscenes,scene-0103_027,16,Pedestrian,19.308,yaw_deg,1.0,6,2,33.333
nuscenes,scene-0103_027,17,Truck,39.006,yaw_deg,1.0,19,19,100.0
nuscenes,scene-0103_027,21,Car,14.225,yaw_deg,1.0,17,17,100.0
nuscenes,scene-0103_027,8,Car,22.017,yaw_deg,2.0,24,17,70.833
nuscenes,scene-0103_027,10,bicycle_rack,20.082,yaw_deg,2.0,50,46,92.0
nuscenes,scene-0103_027,16,Pedestrian,19.308,yaw_deg,2.0,6,0,0.0
nuscenes,scene-0103_027,17,Truck,39.006,yaw_deg,2.0,19,18,94.737
nuscenes,scene-0103_027,21,Car,14.225,yaw_deg,2.0,17,15,88.235
nuscenes,scene-0103_027,8,Car,22.017,yaw_deg,3.0,24,11,45.833
nuscenes,scene-0103_027,10,bicycle_rack,20.082,yaw_deg,3.0,50,43,86.0
nuscenes,scene-0103_027,16,Pedestrian,19.308,yaw_deg,3.0,6,0,0.0
nuscenes,scene-0103_027,17,Truck,39.006,yaw_deg,3.0,19,12,63.158
nuscenes,scene-0103_027,21,Car,14.225,yaw_deg,3.0,17,14,82.353
nuscenes,scene-0103_027,8,Car,22.017,tx_m,0.02,24,24,100.0
nuscenes,scene-0103_027,10,bicycle_rack,20.082,tx_m,0.02,50,50,100.0
nuscenes,scene-0103_027,16,Pedestrian,19.308,tx_m,0.02,6,6,100.0
nuscenes,scene-0103_027,17,Truck,39.006,tx_m,0.02,19,19,100.0
nuscenes,scene-0103_027,21,Car,14.225,tx_m,0.02,17,17,100.0
nuscenes,scene-0103_027,8,Car,22.017,tx_m,0.05,24,24,100.0
nuscenes,scene-0103_027,10,bicycle_rack,20.082,tx_m,0.05,50,50,100.0
nuscenes,scene-0103_027,16,Pedestrian,19.308,tx_m,0.05,6,6,100.0
nuscenes,scene-0103_027,17,Truck,39.006,tx_m,0.05,19,19,100.0
nuscenes,scene-0103_027,21,Car,14.225,tx_m,0.05,17,17,100.0
nuscenes,scene-0103_027,8,Car,22.017,tx_m,0.1,24,24,100.0
nuscenes,scene-0103_027,10,bicycle_rack,20.082,tx_m,0.1,50,50,100.0
nuscenes,scene-0103_027,16,Pedestrian,19.308,tx_m,0.1,6,6,100.0
nuscenes,scene-0103_027,17,Truck,39.006,tx_m,0.1,19,19,100.0
nuscenes,scene-0103_027,21,Car,14.225,tx_m,0.1,17,17,100.0
nuscenes,scene-0103_028,8,Car,19.602,yaw_deg,0.0,27,27,100.0
nuscenes,scene-0103_028,10,bicycle_rack,18.593,yaw_deg,0.0,61,61,100.0
nuscenes,scene-0103_028,15,Car,30.155,yaw_deg,0.0,5,5,100.0
nuscenes,scene-0103_028,16,Pedestrian,17.525,yaw_deg,0.0,9,9,100.0
nuscenes,scene-0103_028,17,Truck,35.582,yaw_deg,0.0,23,23,100.0
nuscenes,scene-0103_028,22,Car,24.432,yaw_deg,0.0,14,14,100.0
nuscenes,scene-0103_028,8,Car,19.602,yaw_deg,0.5,27,26,96.296
nuscenes,scene-0103_028,10,bicycle_rack,18.593,yaw_deg,0.5,61,61,100.0
nuscenes,scene-0103_028,15,Car,30.155,yaw_deg,0.5,5,4,80.0
nuscenes,scene-0103_028,16,Pedestrian,17.525,yaw_deg,0.5,9,8,88.889
nuscenes,scene-0103_028,17,Truck,35.582,yaw_deg,0.5,23,23,100.0
nuscenes,scene-0103_028,22,Car,24.432,yaw_deg,0.5,14,14,100.0
nuscenes,scene-0103_028,8,Car,19.602,yaw_deg,1.0,27,25,92.593
nuscenes,scene-0103_028,10,bicycle_rack,18.593,yaw_deg,1.0,61,60,98.361
nuscenes,scene-0103_028,15,Car,30.155,yaw_deg,1.0,5,3,60.0
nuscenes,scene-0103_028,16,Pedestrian,17.525,yaw_deg,1.0,9,5,55.556
nuscenes,scene-0103_028,17,Truck,35.582,yaw_deg,1.0,23,22,95.652
nuscenes,scene-0103_028,22,Car,24.432,yaw_deg,1.0,14,13,92.857
nuscenes,scene-0103_028,8,Car,19.602,yaw_deg,2.0,27,21,77.778
nuscenes,scene-0103_028,10,bicycle_rack,18.593,yaw_deg,2.0,61,58,95.082
nuscenes,scene-0103_028,15,Car,30.155,yaw_deg,2.0,5,0,0.0
nuscenes,scene-0103_028,16,Pedestrian,17.525,yaw_deg,2.0,9,0,0.0
nuscenes,scene-0103_028,17,Truck,35.582,yaw_deg,2.0,23,19,82.609
nuscenes,scene-0103_028,22,Car,24.432,yaw_deg,2.0,14,12,85.714
nuscenes,scene-0103_028,8,Car,19.602,yaw_deg,3.0,27,15,55.556
nuscenes,scene-0103_028,10,bicycle_rack,18.593,yaw_deg,3.0,61,55,90.164
nuscenes,scene-0103_028,15,Car,30.155,yaw_deg,3.0,5,0,0.0
nuscenes,scene-0103_028,16,Pedestrian,17.525,yaw_deg,3.0,9,0,0.0
nuscenes,scene-0103_028,17,Truck,35.582,yaw_deg,3.0,23,15,65.217
nuscenes,scene-0103_028,22,Car,24.432,yaw_deg,3.0,14,6,42.857
nuscenes,scene-0103_028,8,Car,19.602,tx_m,0.02,27,27,100.0
nuscenes,scene-0103_028,10,bicycle_rack,18.593,tx_m,0.02,61,61,100.0
nuscenes,scene-0103_028,15,Car,30.155,tx_m,0.02,5,5,100.0
nuscenes,scene-0103_028,16,Pedestrian,17.525,tx_m,0.02,9,9,100.0
nuscenes,scene-0103_028,17,Truck,35.582,tx_m,0.02,23,23,100.0
nuscenes,scene-0103_028,22,Car,24.432,tx_m,0.02,14,14,100.0
nuscenes,scene-0103_028,8,Car,19.602,tx_m,0.05,27,27,100.0
nuscenes,scene-0103_028,10,bicycle_rack,18.593,tx_m,0.05,61,61,100.0
nuscenes,scene-0103_028,15,Car,30.155,tx_m,0.05,5,5,100.0
nuscenes,scene-0103_028,16,Pedestrian,17.525,tx_m,0.05,9,9,100.0
nuscenes,scene-0103_028,17,Truck,35.582,tx_m,0.05,23,23,100.0
nuscenes,scene-0103_028,22,Car,24.432,tx_m,0.05,14,14,100.0
nuscenes,scene-0103_028,8,Car,19.602,tx_m,0.1,27,27,100.0
nuscenes,scene-0103_028,10,bicycle_rack,18.593,tx_m,0.1,61,61,100.0
nuscenes,scene-0103_028,15,Car,30.155,tx_m,0.1,5,5,100.0
nuscenes,scene-0103_028,16,Pedestrian,17.525,tx_m,0.1,9,9,100.0
nuscenes,scene-0103_028,17,Truck,35.582,tx_m,0.1,23,23,100.0
nuscenes,scene-0103_028,22,Car,24.432,tx_m,0.1,14,14,100.0
nuscenes,scene-0103_029,8,Car,16.257,yaw_deg,0.0,41,41,100.0
nuscenes,scene-0103_029,10,bicycle_rack,15.407,yaw_deg,0.0,80,80,100.0
nuscenes,scene-0103_029,13,Motorcycle,17.27,yaw_deg,0.0,5,5,100.0
nuscenes,scene-0103_029,14,Bicycle,34.829,yaw_deg,0.0,5,5,100.0
nuscenes,scene-0103_029,16,Pedestrian,15.007,yaw_deg,0.0,5,5,100.0
nuscenes,scene-0103_029,17,Truck,33.146,yaw_deg,0.0,26,26,100.0
nuscenes,scene-0103_029,21,Car,20.841,yaw_deg,0.0,11,11,100.0
nuscenes,scene-0103_029,8,Car,16.257,yaw_deg,0.5,41,41,100.0
nuscenes,scene-0103_029,10,bicycle_rack,15.407,yaw_deg,0.5,80,77,96.25
nuscenes,scene-0103_029,13,Motorcycle,17.27,yaw_deg,0.5,5,5,100.0
nuscenes,scene-0103_029,14,Bicycle,34.829,yaw_deg,0.5,5,3,60.0
nuscenes,scene-0103_029,16,Pedestrian,15.007,yaw_deg,0.5,5,5,100.0
nuscenes,scene-0103_029,17,Truck,33.146,yaw_deg,0.5,26,26,100.0
nuscenes,scene-0103_029,21,Car,20.841,yaw_deg,0.5,11,11,100.0
nuscenes,scene-0103_029,8,Car,16.257,yaw_deg,1.0,41,39,95.122
nuscenes,scene-0103_029,10,bicycle_rack,15.407,yaw_deg,1.0,80,73,91.25
nuscenes,scene-0103_029,13,Motorcycle,17.27,yaw_deg,1.0,5,4,80.0
nuscenes,scene-0103_029,14,Bicycle,34.829,yaw_deg,1.0,5,1,20.0
nuscenes,scene-0103_029,16,Pedestrian,15.007,yaw_deg,1.0,5,3,60.0
nuscenes,scene-0103_029,17,Truck,33.146,yaw_deg,1.0,26,26,100.0
nuscenes,scene-0103_029,21,Car,20.841,yaw_deg,1.0,11,10,90.909
nuscenes,scene-0103_029,8,Car,16.257,yaw_deg,2.0,41,33,80.488
nuscenes,scene-0103_029,10,bicycle_rack,15.407,yaw_deg,2.0,80,65,81.25
nuscenes,scene-0103_029,13,Motorcycle,17.27,yaw_deg,2.0,5,1,20.0
nuscenes,scene-0103_029,14,Bicycle,34.829,yaw_deg,2.0,5,0,0.0
nuscenes,scene-0103_029,16,Pedestrian,15.007,yaw_deg,2.0,5,0,0.0
nuscenes,scene-0103_029,17,Truck,33.146,yaw_deg,2.0,26,23,88.462
nuscenes,scene-0103_029,21,Car,20.841,yaw_deg,2.0,11,10,90.909
nuscenes,scene-0103_029,8,Car,16.257,yaw_deg,3.0,41,26,63.415
nuscenes,scene-0103_029,10,bicycle_rack,15.407,yaw_deg,3.0,80,57,71.25
nuscenes,scene-0103_029,13,Motorcycle,17.27,yaw_deg,3.0,5,0,0.0
nuscenes,scene-0103_029,14,Bicycle,34.829,yaw_deg,3.0,5,0,0.0
nuscenes,scene-0103_029,16,Pedestrian,15.007,yaw_deg,3.0,5,0,0.0
nuscenes,scene-0103_029,17,Truck,33.146,yaw_deg,3.0,26,20,76.923
nuscenes,scene-0103_029,21,Car,20.841,yaw_deg,3.0,11,5,45.455
nuscenes,scene-0103_029,8,Car,16.257,tx_m,0.02,41,41,100.0
nuscenes,scene-0103_029,10,bicycle_rack,15.407,tx_m,0.02,80,80,100.0
nuscenes,scene-0103_029,13,Motorcycle,17.27,tx_m,0.02,5,5,100.0
nuscenes,scene-0103_029,14,Bicycle,34.829,tx_m,0.02,5,5,100.0
nuscenes,scene-0103_029,16,Pedestrian,15.007,tx_m,0.02,5,5,100.0
nuscenes,scene-0103_029,17,Truck,33.146,tx_m,0.02,26,26,100.0
nuscenes,scene-0103_029,21,Car,20.841,tx_m,0.02,11,11,100.0
nuscenes,scene-0103_029,8,Car,16.257,tx_m,0.05,41,41,100.0
nuscenes,scene-0103_029,10,bicycle_rack,15.407,tx_m,0.05,80,80,100.0
nuscenes,scene-0103_029,13,Motorcycle,17.27,tx_m,0.05,5,5,100.0
nuscenes,scene-0103_029,14,Bicycle,34.829,tx_m,0.05,5,5,100.0
nuscenes,scene-0103_029,16,Pedestrian,15.007,tx_m,0.05,5,5,100.0
nuscenes,scene-0103_029,17,Truck,33.146,tx_m,0.05,26,26,100.0
nuscenes,scene-0103_029,21,Car,20.841,tx_m,0.05,11,11,100.0
nuscenes,scene-0103_029,8,Car,16.257,tx_m,0.1,41,41,100.0
nuscenes,scene-0103_029,10,bicycle_rack,15.407,tx_m,0.1,80,80,100.0
nuscenes,scene-0103_029,13,Motorcycle,17.27,tx_m,0.1,5,5,100.0
nuscenes,scene-0103_029,14,Bicycle,34.829,tx_m,0.1,5,5,100.0
nuscenes,scene-0103_029,16,Pedestrian,15.007,tx_m,0.1,5,5,100.0
nuscenes,scene-0103_029,17,Truck,33.146,tx_m,0.1,26,26,100.0
nuscenes,scene-0103_029,21,Car,20.841,tx_m,0.1,11,11,100.0
nuscenes,scene-0103_030,4,Car,23.547,yaw_deg,0.0,6,6,100.0
nuscenes,scene-0103_030,7,Car,13.098,yaw_deg,0.0,66,66,100.0
nuscenes,scene-0103_030,9,bicycle_rack,15.951,yaw_deg,0.0,59,59,100.0
nuscenes,scene-0103_030,13,Bicycle,28.895,yaw_deg,0.0,7,7,100.0
nuscenes,scene-0103_030,14,Car,23.714,yaw_deg,0.0,20,20,100.0
nuscenes,scene-0103_030,15,Truck,29.959,yaw_deg,0.0,43,43,100.0
nuscenes,scene-0103_030,19,Car,17.559,yaw_deg,0.0,30,30,100.0
nuscenes,scene-0103_030,4,Car,23.547,yaw_deg,0.5,6,6,100.0
nuscenes,scene-0103_030,7,Car,13.098,yaw_deg,0.5,66,66,100.0
nuscenes,scene-0103_030,9,bicycle_rack,15.951,yaw_deg,0.5,59,54,91.525
nuscenes,scene-0103_030,13,Bicycle,28.895,yaw_deg,0.5,7,7,100.0
nuscenes,scene-0103_030,14,Car,23.714,yaw_deg,0.5,20,19,95.0
nuscenes,scene-0103_030,15,Truck,29.959,yaw_deg,0.5,43,43,100.0
nuscenes,scene-0103_030,19,Car,17.559,yaw_deg,0.5,30,30,100.0
nuscenes,scene-0103_030,4,Car,23.547,yaw_deg,1.0,6,6,100.0
nuscenes,scene-0103_030,7,Car,13.098,yaw_deg,1.0,66,64,96.97
nuscenes,scene-0103_030,9,bicycle_rack,15.951,yaw_deg,1.0,59,52,88.136
nuscenes,scene-0103_030,13,Bicycle,28.895,yaw_deg,1.0,7,3,42.857
nuscenes,scene-0103_030,14,Car,23.714,yaw_deg,1.0,20,17,85.0
nuscenes,scene-0103_030,15,Truck,29.959,yaw_deg,1.0,43,43,100.0
nuscenes,scene-0103_030,19,Car,17.559,yaw_deg,1.0,30,28,93.333
nuscenes,scene-0103_030,4,Car,23.547,yaw_deg,2.0,6,6,100.0
nuscenes,scene-0103_030,7,Car,13.098,yaw_deg,2.0,66,58,87.879
nuscenes,scene-0103_030,9,bicycle_rack,15.951,yaw_deg,2.0,59,47,79.661
nuscenes,scene-0103_030,13,Bicycle,28.895,yaw_deg,2.0,7,0,0.0
nuscenes,scene-0103_030,14,Car,23.714,yaw_deg,2.0,20,11,55.0
nuscenes,scene-0103_030,15,Truck,29.959,yaw_deg,2.0,43,40,93.023
nuscenes,scene-0103_030,19,Car,17.559,yaw_deg,2.0,30,28,93.333
nuscenes,scene-0103_030,4,Car,23.547,yaw_deg,3.0,6,6,100.0
nuscenes,scene-0103_030,7,Car,13.098,yaw_deg,3.0,66,51,77.273
nuscenes,scene-0103_030,9,bicycle_rack,15.951,yaw_deg,3.0,59,42,71.186
nuscenes,scene-0103_030,13,Bicycle,28.895,yaw_deg,3.0,7,0,0.0
nuscenes,scene-0103_030,14,Car,23.714,yaw_deg,3.0,20,4,20.0
nuscenes,scene-0103_030,15,Truck,29.959,yaw_deg,3.0,43,37,86.047
nuscenes,scene-0103_030,19,Car,17.559,yaw_deg,3.0,30,26,86.667
nuscenes,scene-0103_030,4,Car,23.547,tx_m,0.02,6,6,100.0
nuscenes,scene-0103_030,7,Car,13.098,tx_m,0.02,66,66,100.0
nuscenes,scene-0103_030,9,bicycle_rack,15.951,tx_m,0.02,59,59,100.0
nuscenes,scene-0103_030,13,Bicycle,28.895,tx_m,0.02,7,7,100.0
nuscenes,scene-0103_030,14,Car,23.714,tx_m,0.02,20,20,100.0
nuscenes,scene-0103_030,15,Truck,29.959,tx_m,0.02,43,43,100.0
nuscenes,scene-0103_030,19,Car,17.559,tx_m,0.02,30,30,100.0
nuscenes,scene-0103_030,4,Car,23.547,tx_m,0.05,6,6,100.0
nuscenes,scene-0103_030,7,Car,13.098,tx_m,0.05,66,66,100.0
nuscenes,scene-0103_030,9,bicycle_rack,15.951,tx_m,0.05,59,59,100.0
nuscenes,scene-0103_030,13,Bicycle,28.895,tx_m,0.05,7,7,100.0
nuscenes,scene-0103_030,14,Car,23.714,tx_m,0.05,20,20,100.0
nuscenes,scene-0103_030,15,Truck,29.959,tx_m,0.05,43,43,100.0
nuscenes,scene-0103_030,19,Car,17.559,tx_m,0.05,30,30,100.0
nuscenes,scene-0103_030,4,Car,23.547,tx_m,0.1,6,6,100.0
nuscenes,scene-0103_030,7,Car,13.098,tx_m,0.1,66,66,100.0
nuscenes,scene-0103_030,9,bicycle_rack,15.951,tx_m,0.1,59,59,100.0
nuscenes,scene-0103_030,13,Bicycle,28.895,tx_m,0.1,7,7,100.0
nuscenes,scene-0103_030,14,Car,23.714,tx_m,0.1,20,20,100.0
nuscenes,scene-0103_030,15,Truck,29.959,tx_m,0.1,43,43,100.0
nuscenes,scene-0103_030,19,Car,17.559,tx_m,0.1,30,30,100.0
nuscenes,scene-0103_031,3,Car,20.232,yaw_deg,0.0,8,8,100.0
nuscenes,scene-0103_031,6,Car,10.257,yaw_deg,0.0,133,133,100.0
nuscenes,scene-0103_031,7,Car,26.269,yaw_deg,0.0,12,12,100.0
nuscenes,scene-0103_031,8,bicycle_rack,16.255,yaw_deg,0.0,31,31,100.0
nuscenes,scene-0103_031,9,Car,34.41,yaw_deg,0.0,9,9,100.0
nuscenes,scene-0103_031,11,Bicycle,22.675,yaw_deg,0.0,8,8,100.0
nuscenes,scene-0103_031,12,Car,20.394,yaw_deg,0.0,19,19,100.0
nuscenes,scene-0103_031,13,Truck,25.664,yaw_deg,0.0,49,49,100.0
nuscenes,scene-0103_031,17,Car,14.546,yaw_deg,0.0,47,47,100.0
nuscenes,scene-0103_031,3,Car,20.232,yaw_deg,0.5,8,8,100.0
nuscenes,scene-0103_031,6,Car,10.257,yaw_deg,0.5,133,133,100.0
nuscenes,scene-0103_031,7,Car,26.269,yaw_deg,0.5,12,12,100.0
nuscenes,scene-0103_031,8,bicycle_rack,16.255,yaw_deg,0.5,31,29,93.548
nuscenes,scene-0103_031,9,Car,34.41,yaw_deg,0.5,9,9,100.0
nuscenes,scene-0103_031,11,Bicycle,22.675,yaw_deg,0.5,8,8,100.0
nuscenes,scene-0103_031,12,Car,20.394,yaw_deg,0.5,19,19,100.0
nuscenes,scene-0103_031,13,Truck,25.664,yaw_deg,0.5,49,49,100.0
nuscenes,scene-0103_031,17,Car,14.546,yaw_deg,0.5,47,47,100.0
nuscenes,scene-0103_031,3,Car,20.232,yaw_deg,1.0,8,8,100.0
nuscenes,scene-0103_031,6,Car,10.257,yaw_deg,1.0,133,131,98.496
nuscenes,scene-0103_031,7,Car,26.269,yaw_deg,1.0,12,12,100.0
nuscenes,scene-0103_031,8,bicycle_rack,16.255,yaw_deg,1.0,31,28,90.323
nuscenes,scene-0103_031,9,Car,34.41,yaw_deg,1.0,9,9,100.0
nuscenes,scene-0103_031,11,Bicycle,22.675,yaw_deg,1.0,8,7,87.5
nuscenes,scene-0103_031,12,Car,20.394,yaw_deg,1.0,19,17,89.474
nuscenes,scene-0103_031,13,Truck,25.664,yaw_deg,1.0,49,49,100.0
nuscenes,scene-0103_031,17,Car,14.546,yaw_deg,1.0,47,46,97.872
nuscenes,scene-0103_031,3,Car,20.232,yaw_deg,2.0,8,7,87.5
nuscenes,scene-0103_031,6,Car,10.257,yaw_deg,2.0,133,124,93.233
nuscenes,scene-0103_031,7,Car,26.269,yaw_deg,2.0,12,10,83.333
nuscenes,scene-0103_031,8,bicycle_rack,16.255,yaw_deg,2.0,31,25,80.645
nuscenes,scene-0103_031,9,Car,34.41,yaw_deg,2.0,9,9,100.0
nuscenes,scene-0103_031,11,Bicycle,22.675,yaw_deg,2.0,8,2,25.0
nuscenes,scene-0103_031,12,Car,20.394,yaw_deg,2.0,19,11,57.895
nuscenes,scene-0103_031,13,Truck,25.664,yaw_deg,2.0,49,47,95.918
nuscenes,scene-0103_031,17,Car,14.546,yaw_deg,2.0,47,41,87.234
nuscenes,scene-0103_031,3,Car,20.232,yaw_deg,3.0,8,7,87.5
nuscenes,scene-0103_031,6,Car,10.257,yaw_deg,3.0,133,113,84.962
nuscenes,scene-0103_031,7,Car,26.269,yaw_deg,3.0,12,4,33.333
nuscenes,scene-0103_031,8,bicycle_rack,16.255,yaw_deg,3.0,31,21,67.742
nuscenes,scene-0103_031,9,Car,34.41,yaw_deg,3.0,9,6,66.667
nuscenes,scene-0103_031,11,Bicycle,22.675,yaw_deg,3.0,8,0,0.0
nuscenes,scene-0103_031,12,Car,20.394,yaw_deg,3.0,19,4,21.053
nuscenes,scene-0103_031,13,Truck,25.664,yaw_deg,3.0,49,43,87.755
nuscenes,scene-0103_031,17,Car,14.546,yaw_deg,3.0,47,35,74.468
nuscenes,scene-0103_031,3,Car,20.232,tx_m,0.02,8,8,100.0
nuscenes,scene-0103_031,6,Car,10.257,tx_m,0.02,133,131,98.496
nuscenes,scene-0103_031,7,Car,26.269,tx_m,0.02,12,12,100.0
nuscenes,scene-0103_031,8,bicycle_rack,16.255,tx_m,0.02,31,31,100.0
nuscenes,scene-0103_031,9,Car,34.41,tx_m,0.02,9,9,100.0
nuscenes,scene-0103_031,11,Bicycle,22.675,tx_m,0.02,8,8,100.0
nuscenes,scene-0103_031,12,Car,20.394,tx_m,0.02,19,19,100.0
nuscenes,scene-0103_031,13,Truck,25.664,tx_m,0.02,49,49,100.0
nuscenes,scene-0103_031,17,Car,14.546,tx_m,0.02,47,47,100.0
nuscenes,scene-0103_031,3,Car,20.232,tx_m,0.05,8,7,87.5
nuscenes,scene-0103_031,6,Car,10.257,tx_m,0.05,133,129,96.992
nuscenes,scene-0103_031,7,Car,26.269,tx_m,0.05,12,12,100.0
nuscenes,scene-0103_031,8,bicycle_rack,16.255,tx_m,0.05,31,31,100.0
nuscenes,scene-0103_031,9,Car,34.41,tx_m,0.05,9,9,100.0
nuscenes,scene-0103_031,11,Bicycle,22.675,tx_m,0.05,8,8,100.0
nuscenes,scene-0103_031,12,Car,20.394,tx_m,0.05,19,19,100.0
nuscenes,scene-0103_031,13,Truck,25.664,tx_m,0.05,49,49,100.0
nuscenes,scene-0103_031,17,Car,14.546,tx_m,0.05,47,47,100.0
nuscenes,scene-0103_031,3,Car,20.232,tx_m,0.1,8,6,75.0
nuscenes,scene-0103_031,6,Car,10.257,tx_m,0.1,133,127,95.489
nuscenes,scene-0103_031,7,Car,26.269,tx_m,0.1,12,12,100.0
nuscenes,scene-0103_031,8,bicycle_rack,16.255,tx_m,0.1,31,31,100.0
nuscenes,scene-0103_031,9,Car,34.41,tx_m,0.1,9,9,100.0
nuscenes,scene-0103_031,11,Bicycle,22.675,tx_m,0.1,8,8,100.0
nuscenes,scene-0103_031,12,Car,20.394,tx_m,0.1,19,19,100.0
nuscenes,scene-0103_031,13,Truck,25.664,tx_m,0.1,49,49,100.0
nuscenes,scene-0103_031,17,Car,14.546,tx_m,0.1,47,47,100.0
nuscenes,scene-0103_032,1,Car,43.391,yaw_deg,0.0,5,5,100.0
nuscenes,scene-0103_032,5,Car,8.265,yaw_deg,0.0,30,30,100.0
nuscenes,scene-0103_032,6,Car,22.726,yaw_deg,0.0,22,22,100.0
nuscenes,scene-0103_032,7,bicycle_rack,14.108,yaw_deg,0.0,23,23,100.0
nuscenes,scene-0103_032,8,Car,30.963,yaw_deg,0.0,10,10,100.0
nuscenes,scene-0103_032,10,Bicycle,16.385,yaw_deg,0.0,16,16,100.0
nuscenes,scene-0103_032,11,Car,17.062,yaw_deg,0.0,25,25,100.0
nuscenes,scene-0103_032,12,Truck,23.153,yaw_deg,0.0,70,70,100.0
nuscenes,scene-0103_032,16,Car,10.787,yaw_deg,0.0,123,123,100.0
nuscenes,scene-0103_032,1,Car,43.391,yaw_deg,0.5,5,5,100.0
nuscenes,scene-0103_032,5,Car,8.265,yaw_deg,0.5,30,30,100.0
nuscenes,scene-0103_032,6,Car,22.726,yaw_deg,0.5,22,22,100.0
nuscenes,scene-0103_032,7,bicycle_rack,14.108,yaw_deg,0.5,23,21,91.304
nuscenes,scene-0103_032,8,Car,30.963,yaw_deg,0.5,10,10,100.0
nuscenes,scene-0103_032,10,Bicycle,16.385,yaw_deg,0.5,16,16,100.0
nuscenes,scene-0103_032,11,Car,17.062,yaw_deg,0.5,25,24,96.0
nuscenes,scene-0103_032,12,Truck,23.153,yaw_deg,0.5,70,70,100.0
nuscenes,scene-0103_032,16,Car,10.787,yaw_deg,0.5,123,123,100.0
nuscenes,scene-0103_032,1,Car,43.391,yaw_deg,1.0,5,5,100.0
nuscenes,scene-0103_032,5,Car,8.265,yaw_deg,1.0,30,29,96.667
nuscenes,scene-0103_032,6,Car,22.726,yaw_deg,1.0,22,19,86.364
nuscenes,scene-0103_032,7,bicycle_rack,14.108,yaw_deg,1.0,23,18,78.261
nuscenes,scene-0103_032,8,Car,30.963,yaw_deg,1.0,10,10,100.0
nuscenes,scene-0103_032,10,Bicycle,16.385,yaw_deg,1.0,16,16,100.0
nuscenes,scene-0103_032,11,Car,17.062,yaw_deg,1.0,25,23,92.0
nuscenes,scene-0103_032,12,Truck,23.153,yaw_deg,1.0,70,70,100.0
nuscenes,scene-0103_032,16,Car,10.787,yaw_deg,1.0,123,121,98.374
nuscenes,scene-0103_032,1,Car,43.391,yaw_deg,2.0,5,1,20.0
nuscenes,scene-0103_032,5,Car,8.265,yaw_deg,2.0,30,21,70.0
nuscenes,scene-0103_032,6,Car,22.726,yaw_deg,2.0,22,16,72.727
nuscenes,scene-0103_032,7,bicycle_rack,14.108,yaw_deg,2.0,23,15,65.217
nuscenes,scene-0103_032,8,Car,30.963,yaw_deg,2.0,10,10,100.0
nuscenes,scene-0103_032,10,Bicycle,16.385,yaw_deg,2.0,16,13,81.25
nuscenes,scene-0103_032,11,Car,17.062,yaw_deg,2.0,25,16,64.0
nuscenes,scene-0103_032,12,Truck,23.153,yaw_deg,2.0,70,67,95.714
nuscenes,scene-0103_032,16,Car,10.787,yaw_deg,2.0,123,114,92.683
nuscenes,scene-0103_032,1,Car,43.391,yaw_deg,3.0,5,0,0.0
nuscenes,scene-0103_032,5,Car,8.265,yaw_deg,3.0,30,16,53.333
nuscenes,scene-0103_032,6,Car,22.726,yaw_deg,3.0,22,9,40.909
nuscenes,scene-0103_032,7,bicycle_rack,14.108,yaw_deg,3.0,23,12,52.174
nuscenes,scene-0103_032,8,Car,30.963,yaw_deg,3.0,10,8,80.0
nuscenes,scene-0103_032,10,Bicycle,16.385,yaw_deg,3.0,16,4,25.0
nuscenes,scene-0103_032,11,Car,17.062,yaw_deg,3.0,25,12,48.0
nuscenes,scene-0103_032,12,Truck,23.153,yaw_deg,3.0,70,61,87.143
nuscenes,scene-0103_032,16,Car,10.787,yaw_deg,3.0,123,105,85.366
nuscenes,scene-0103_032,1,Car,43.391,tx_m,0.02,5,5,100.0
nuscenes,scene-0103_032,5,Car,8.265,tx_m,0.02,30,30,100.0
nuscenes,scene-0103_032,6,Car,22.726,tx_m,0.02,22,22,100.0
nuscenes,scene-0103_032,7,bicycle_rack,14.108,tx_m,0.02,23,23,100.0
nuscenes,scene-0103_032,8,Car,30.963,tx_m,0.02,10,10,100.0
nuscenes,scene-0103_032,10,Bicycle,16.385,tx_m,0.02,16,16,100.0
nuscenes,scene-0103_032,11,Car,17.062,tx_m,0.02,25,25,100.0
nuscenes,scene-0103_032,12,Truck,23.153,tx_m,0.02,70,70,100.0
nuscenes,scene-0103_032,16,Car,10.787,tx_m,0.02,123,123,100.0
nuscenes,scene-0103_032,1,Car,43.391,tx_m,0.05,5,5,100.0
nuscenes,scene-0103_032,5,Car,8.265,tx_m,0.05,30,28,93.333
nuscenes,scene-0103_032,6,Car,22.726,tx_m,0.05,22,22,100.0
nuscenes,scene-0103_032,7,bicycle_rack,14.108,tx_m,0.05,23,23,100.0
nuscenes,scene-0103_032,8,Car,30.963,tx_m,0.05,10,10,100.0
nuscenes,scene-0103_032,10,Bicycle,16.385,tx_m,0.05,16,16,100.0
nuscenes,scene-0103_032,11,Car,17.062,tx_m,0.05,25,25,100.0
nuscenes,scene-0103_032,12,Truck,23.153,tx_m,0.05,70,70,100.0
nuscenes,scene-0103_032,16,Car,10.787,tx_m,0.05,123,123,100.0
nuscenes,scene-0103_032,1,Car,43.391,tx_m,0.1,5,5,100.0
nuscenes,scene-0103_032,5,Car,8.265,tx_m,0.1,30,27,90.0
nuscenes,scene-0103_032,6,Car,22.726,tx_m,0.1,22,22,100.0
nuscenes,scene-0103_032,7,bicycle_rack,14.108,tx_m,0.1,23,23,100.0
nuscenes,scene-0103_032,8,Car,30.963,tx_m,0.1,10,10,100.0
nuscenes,scene-0103_032,10,Bicycle,16.385,tx_m,0.1,16,16,100.0
nuscenes,scene-0103_032,11,Car,17.062,tx_m,0.1,25,25,100.0
nuscenes,scene-0103_032,12,Truck,23.153,tx_m,0.1,70,70,100.0
nuscenes,scene-0103_032,16,Car,10.787,tx_m,0.1,123,123,100.0
nuscenes,scene-0103_033,1,Car,39.635,yaw_deg,0.0,6,6,100.0
nuscenes,scene-0103_033,5,Car,18.995,yaw_deg,0.0,30,30,100.0
nuscenes,scene-0103_033,7,Car,27.319,yaw_deg,0.0,20,20,100.0
nuscenes,scene-0103_033,8,Bicycle,9.891,yaw_deg,0.0,31,31,100.0
nuscenes,scene-0103_033,9,Car,13.028,yaw_deg,0.0,64,64,100.0
nuscenes,scene-0103_033,11,Truck,19.208,yaw_deg,0.0,122,122,100.0
nuscenes,scene-0103_033,14,Car,24.877,yaw_deg,0.0,6,6,100.0
nuscenes,scene-0103_033,15,Car,8.767,yaw_deg,0.0,95,95,100.0
nuscenes,scene-0103_033,1,Car,39.635,yaw_deg,0.5,6,5,83.333
nuscenes,scene-0103_033,5,Car,18.995,yaw_deg,0.5,30,30,100.0
nuscenes,scene-0103_033,7,Car,27.319,yaw_deg,0.5,20,20,100.0
nuscenes,scene-0103_033,8,Bicycle,9.891,yaw_deg,0.5,31,26,83.871
nuscenes,scene-0103_033,9,Car,13.028,yaw_deg,0.5,64,64,100.0
nuscenes,scene-0103_033,11,Truck,19.208,yaw_deg,0.5,122,122,100.0
nuscenes,scene-0103_033,14,Car,24.877,yaw_deg,0.5,6,6,100.0
nuscenes,scene-0103_033,15,Car,8.767,yaw_deg,0.5,95,95,100.0
nuscenes,scene-0103_033,1,Car,39.635,yaw_deg,1.0,6,3,50.0
nuscenes,scene-0103_033,5,Car,18.995,yaw_deg,1.0,30,29,96.667
nuscenes,scene-0103_033,7,Car,27.319,yaw_deg,1.0,20,20,100.0
nuscenes,scene-0103_033,8,Bicycle,9.891,yaw_deg,1.0,31,21,67.742
nuscenes,scene-0103_033,9,Car,13.028,yaw_deg,1.0,64,62,96.875
nuscenes,scene-0103_033,11,Truck,19.208,yaw_deg,1.0,122,122,100.0
nuscenes,scene-0103_033,14,Car,24.877,yaw_deg,1.0,6,6,100.0
nuscenes,scene-0103_033,15,Car,8.767,yaw_deg,1.0,95,94,98.947
nuscenes,scene-0103_033,1,Car,39.635,yaw_deg,2.0,6,1,16.667
nuscenes,scene-0103_033,5,Car,18.995,yaw_deg,2.0,30,25,83.333
nuscenes,scene-0103_033,7,Car,27.319,yaw_deg,2.0,20,20,100.0
nuscenes,scene-0103_033,8,Bicycle,9.891,yaw_deg,2.0,31,8,25.806
nuscenes,scene-0103_033,9,Car,13.028,yaw_deg,2.0,64,57,89.062
nuscenes,scene-0103_033,11,Truck,19.208,yaw_deg,2.0,122,122,100.0
nuscenes,scene-0103_033,14,Car,24.877,yaw_deg,2.0,6,2,33.333
nuscenes,scene-0103_033,15,Car,8.767,yaw_deg,2.0,95,89,93.684
nuscenes,scene-0103_033,1,Car,39.635,yaw_deg,3.0,6,0,0.0
nuscenes,scene-0103_033,5,Car,18.995,yaw_deg,3.0,30,15,50.0
nuscenes,scene-0103_033,7,Car,27.319,yaw_deg,3.0,20,17,85.0
nuscenes,scene-0103_033,8,Bicycle,9.891,yaw_deg,3.0,31,0,0.0
nuscenes,scene-0103_033,9,Car,13.028,yaw_deg,3.0,64,51,79.688
nuscenes,scene-0103_033,11,Truck,19.208,yaw_deg,3.0,122,116,95.082
nuscenes,scene-0103_033,14,Car,24.877,yaw_deg,3.0,6,0,0.0
nuscenes,scene-0103_033,15,Car,8.767,yaw_deg,3.0,95,82,86.316
nuscenes,scene-0103_033,1,Car,39.635,tx_m,0.02,6,6,100.0
nuscenes,scene-0103_033,5,Car,18.995,tx_m,0.02,30,30,100.0
nuscenes,scene-0103_033,7,Car,27.319,tx_m,0.02,20,20,100.0
nuscenes,scene-0103_033,8,Bicycle,9.891,tx_m,0.02,31,31,100.0
nuscenes,scene-0103_033,9,Car,13.028,tx_m,0.02,64,64,100.0
nuscenes,scene-0103_033,11,Truck,19.208,tx_m,0.02,122,122,100.0
nuscenes,scene-0103_033,14,Car,24.877,tx_m,0.02,6,6,100.0
nuscenes,scene-0103_033,15,Car,8.767,tx_m,0.02,95,93,97.895
nuscenes,scene-0103_033,1,Car,39.635,tx_m,0.05,6,6,100.0
nuscenes,scene-0103_033,5,Car,18.995,tx_m,0.05,30,30,100.0
nuscenes,scene-0103_033,7,Car,27.319,tx_m,0.05,20,20,100.0
nuscenes,scene-0103_033,8,Bicycle,9.891,tx_m,0.05,31,31,100.0
nuscenes,scene-0103_033,9,Car,13.028,tx_m,0.05,64,64,100.0
nuscenes,scene-0103_033,11,Truck,19.208,tx_m,0.05,122,122,100.0
nuscenes,scene-0103_033,14,Car,24.877,tx_m,0.05,6,6,100.0
nuscenes,scene-0103_033,15,Car,8.767,tx_m,0.05,95,92,96.842
nuscenes,scene-0103_033,1,Car,39.635,tx_m,0.1,6,6,100.0
nuscenes,scene-0103_033,5,Car,18.995,tx_m,0.1,30,30,100.0
nuscenes,scene-0103_033,7,Car,27.319,tx_m,0.1,20,20,100.0
nuscenes,scene-0103_033,8,Bicycle,9.891,tx_m,0.1,31,31,100.0
nuscenes,scene-0103_033,9,Car,13.028,tx_m,0.1,64,64,100.0
nuscenes,scene-0103_033,11,Truck,19.208,tx_m,0.1,122,122,100.0
nuscenes,scene-0103_033,14,Car,24.877,tx_m,0.1,6,6,100.0
nuscenes,scene-0103_033,15,Car,8.767,tx_m,0.1,95,90,94.737
nuscenes,scene-0103_034,1,Car,35.803,yaw_deg,0.0,9,9,100.0
nuscenes,scene-0103_034,3,Car,31.884,yaw_deg,0.0,6,6,100.0
nuscenes,scene-0103_034,6,Car,15.531,yaw_deg,0.0,61,61,100.0
nuscenes,scene-0103_034,8,Car,23.579,yaw_deg,0.0,22,22,100.0
nuscenes,scene-0103_034,9,Car,9.544,yaw_deg,0.0,145,144,99.31
nuscenes,scene-0103_034,11,Truck,15.393,yaw_deg,0.0,168,168,100.0
nuscenes,scene-0103_034,14,Car,21.755,yaw_deg,0.0,17,17,100.0
nuscenes,scene-0103_034,1,Car,35.803,yaw_deg,0.5,9,9,100.0
nuscenes,scene-0103_034,3,Car,31.884,yaw_deg,0.5,6,6,100.0
nuscenes,scene-0103_034,6,Car,15.531,yaw_deg,0.5,61,61,100.0
nuscenes,scene-0103_034,8,Car,23.579,yaw_deg,0.5,22,22,100.0
nuscenes,scene-0103_034,9,Car,9.544,yaw_deg,0.5,145,144,99.31
nuscenes,scene-0103_034,11,Truck,15.393,yaw_deg,0.5,168,160,95.238
nuscenes,scene-0103_034,14,Car,21.755,yaw_deg,0.5,17,16,94.118
nuscenes,scene-0103_034,1,Car,35.803,yaw_deg,1.0,9,8,88.889
nuscenes,scene-0103_034,3,Car,31.884,yaw_deg,1.0,6,6,100.0
nuscenes,scene-0103_034,6,Car,15.531,yaw_deg,1.0,61,59,96.721
nuscenes,scene-0103_034,8,Car,23.579,yaw_deg,1.0,22,22,100.0
nuscenes,scene-0103_034,9,Car,9.544,yaw_deg,1.0,145,142,97.931
nuscenes,scene-0103_034,11,Truck,15.393,yaw_deg,1.0,168,156,92.857
nuscenes,scene-0103_034,14,Car,21.755,yaw_deg,1.0,17,15,88.235
nuscenes,scene-0103_034,1,Car,35.803,yaw_deg,2.0,9,3,33.333
nuscenes,scene-0103_034,3,Car,31.884,yaw_deg,2.0,6,3,50.0
nuscenes,scene-0103_034,6,Car,15.531,yaw_deg,2.0,61,52,85.246
nuscenes,scene-0103_034,8,Car,23.579,yaw_deg,2.0,22,22,100.0
nuscenes,scene-0103_034,9,Car,9.544,yaw_deg,2.0,145,135,93.103
nuscenes,scene-0103_034,11,Truck,15.393,yaw_deg,2.0,168,142,84.524
nuscenes,scene-0103_034,14,Car,21.755,yaw_deg,2.0,17,13,76.471
nuscenes,scene-0103_034,1,Car,35.803,yaw_deg,3.0,9,1,11.111
nuscenes,scene-0103_034,3,Car,31.884,yaw_deg,3.0,6,0,0.0
nuscenes,scene-0103_034,6,Car,15.531,yaw_deg,3.0,61,44,72.131
nuscenes,scene-0103_034,8,Car,23.579,yaw_deg,3.0,22,19,86.364
nuscenes,scene-0103_034,9,Car,9.544,yaw_deg,3.0,145,125,86.207
nuscenes,scene-0103_034,11,Truck,15.393,yaw_deg,3.0,168,131,77.976
nuscenes,scene-0103_034,14,Car,21.755,yaw_deg,3.0,17,4,23.529
nuscenes,scene-0103_034,1,Car,35.803,tx_m,0.02,9,9,100.0
nuscenes,scene-0103_034,3,Car,31.884,tx_m,0.02,6,6,100.0
nuscenes,scene-0103_034,6,Car,15.531,tx_m,0.02,61,61,100.0
nuscenes,scene-0103_034,8,Car,23.579,tx_m,0.02,22,22,100.0
nuscenes,scene-0103_034,9,Car,9.544,tx_m,0.02,145,144,99.31
nuscenes,scene-0103_034,11,Truck,15.393,tx_m,0.02,168,168,100.0
nuscenes,scene-0103_034,14,Car,21.755,tx_m,0.02,17,17,100.0
nuscenes,scene-0103_034,1,Car,35.803,tx_m,0.05,9,9,100.0
nuscenes,scene-0103_034,3,Car,31.884,tx_m,0.05,6,6,100.0
nuscenes,scene-0103_034,6,Car,15.531,tx_m,0.05,61,61,100.0
nuscenes,scene-0103_034,8,Car,23.579,tx_m,0.05,22,22,100.0
nuscenes,scene-0103_034,9,Car,9.544,tx_m,0.05,145,144,99.31
nuscenes,scene-0103_034,11,Truck,15.393,tx_m,0.05,168,168,100.0
nuscenes,scene-0103_034,14,Car,21.755,tx_m,0.05,17,17,100.0
nuscenes,scene-0103_034,1,Car,35.803,tx_m,0.1,9,9,100.0
nuscenes,scene-0103_034,3,Car,31.884,tx_m,0.1,6,6,100.0
nuscenes,scene-0103_034,6,Car,15.531,tx_m,0.1,61,61,100.0
nuscenes,scene-0103_034,8,Car,23.579,tx_m,0.1,22,22,100.0
nuscenes,scene-0103_034,9,Car,9.544,tx_m,0.1,145,142,97.931
nuscenes,scene-0103_034,11,Truck,15.393,tx_m,0.1,168,167,99.405
nuscenes,scene-0103_034,14,Car,21.755,tx_m,0.1,17,17,100.0
nuscenes,scene-0103_035,1,Car,31.36,yaw_deg,0.0,17,17,100.0
nuscenes,scene-0103_035,3,Car,27.245,yaw_deg,0.0,13,13,100.0
nuscenes,scene-0103_035,7,Car,10.449,yaw_deg,0.0,149,149,100.0
nuscenes,scene-0103_035,9,Car,18.152,yaw_deg,0.0,49,49,100.0
nuscenes,scene-0103_035,10,Car,7.521,yaw_deg,0.0,25,24,96.0
nuscenes,scene-0103_035,12,Truck,12.849,yaw_deg,0.0,103,103,100.0
nuscenes,scene-0103_035,15,Car,16.838,yaw_deg,0.0,26,26,100.0
nuscenes,scene-0103_035,1,Car,31.36,yaw_deg,0.5,17,16,94.118
nuscenes,scene-0103_035,3,Car,27.245,yaw_deg,0.5,13,13,100.0
nuscenes,scene-0103_035,7,Car,10.449,yaw_deg,0.5,149,149,100.0
nuscenes,scene-0103_035,9,Car,18.152,yaw_deg,0.5,49,49,100.0
nuscenes,scene-0103_035,10,Car,7.521,yaw_deg,0.5,25,25,100.0
nuscenes,scene-0103_035,12,Truck,12.849,yaw_deg,0.5,103,92,89.32
nuscenes,scene-0103_035,15,Car,16.838,yaw_deg,0.5,26,25,96.154
nuscenes,scene-0103_035,1,Car,31.36,yaw_deg,1.0,17,14,82.353
nuscenes,scene-0103_035,3,Car,27.245,yaw_deg,1.0,13,13,100.0
nuscenes,scene-0103_035,7,Car,10.449,yaw_deg,1.0,149,149,100.0
nuscenes,scene-0103_035,9,Car,18.152,yaw_deg,1.0,49,49,100.0
nuscenes,scene-0103_035,10,Car,7.521,yaw_deg,1.0,25,25,100.0
nuscenes,scene-0103_035,12,Truck,12.849,yaw_deg,1.0,103,80,77.67
nuscenes,scene-0103_035,15,Car,16.838,yaw_deg,1.0,26,23,88.462
nuscenes,scene-0103_035,1,Car,31.36,yaw_deg,2.0,17,8,47.059
nuscenes,scene-0103_035,3,Car,27.245,yaw_deg,2.0,13,9,69.231
nuscenes,scene-0103_035,7,Car,10.449,yaw_deg,2.0,149,141,94.631
nuscenes,scene-0103_035,9,Car,18.152,yaw_deg,2.0,49,49,100.0
nuscenes,scene-0103_035,10,Car,7.521,yaw_deg,2.0,25,18,72.0
nuscenes,scene-0103_035,12,Truck,12.849,yaw_deg,2.0,103,59,57.282
nuscenes,scene-0103_035,15,Car,16.838,yaw_deg,2.0,26,22,84.615
nuscenes,scene-0103_035,1,Car,31.36,yaw_deg,3.0,17,4,23.529
nuscenes,scene-0103_035,3,Car,27.245,yaw_deg,3.0,13,5,38.462
nuscenes,scene-0103_035,7,Car,10.449,yaw_deg,3.0,149,128,85.906
nuscenes,scene-0103_035,9,Car,18.152,yaw_deg,3.0,49,42,85.714
nuscenes,scene-0103_035,10,Car,7.521,yaw_deg,3.0,25,5,20.0
nuscenes,scene-0103_035,12,Truck,12.849,yaw_deg,3.0,103,41,39.806
nuscenes,scene-0103_035,15,Car,16.838,yaw_deg,3.0,26,18,69.231
nuscenes,scene-0103_035,1,Car,31.36,tx_m,0.02,17,17,100.0
nuscenes,scene-0103_035,3,Car,27.245,tx_m,0.02,13,13,100.0
nuscenes,scene-0103_035,7,Car,10.449,tx_m,0.02,149,149,100.0
nuscenes,scene-0103_035,9,Car,18.152,tx_m,0.02,49,49,100.0
nuscenes,scene-0103_035,10,Car,7.521,tx_m,0.02,25,21,84.0
nuscenes,scene-0103_035,12,Truck,12.849,tx_m,0.02,103,103,100.0
nuscenes,scene-0103_035,15,Car,16.838,tx_m,0.02,26,26,100.0
nuscenes,scene-0103_035,1,Car,31.36,tx_m,0.05,17,17,100.0
nuscenes,scene-0103_035,3,Car,27.245,tx_m,0.05,13,13,100.0
nuscenes,scene-0103_035,7,Car,10.449,tx_m,0.05,149,149,100.0
nuscenes,scene-0103_035,9,Car,18.152,tx_m,0.05,49,49,100.0
nuscenes,scene-0103_035,10,Car,7.521,tx_m,0.05,25,20,80.0
nuscenes,scene-0103_035,12,Truck,12.849,tx_m,0.05,103,103,100.0
nuscenes,scene-0103_035,15,Car,16.838,tx_m,0.05,26,26,100.0
nuscenes,scene-0103_035,1,Car,31.36,tx_m,0.1,17,17,100.0
nuscenes,scene-0103_035,3,Car,27.245,tx_m,0.1,13,13,100.0
nuscenes,scene-0103_035,7,Car,10.449,tx_m,0.1,149,149,100.0
nuscenes,scene-0103_035,9,Car,18.152,tx_m,0.1,49,49,100.0
nuscenes,scene-0103_035,10,Car,7.521,tx_m,0.1,25,16,64.0
nuscenes,scene-0103_035,12,Truck,12.849,tx_m,0.1,103,103,100.0
nuscenes,scene-0103_035,15,Car,16.838,tx_m,0.1,26,26,100.0
nuscenes,scene-0103_036,1,Car,27.932,yaw_deg,0.0,25,25,100.0
nuscenes,scene-0103_036,3,Car,24.477,yaw_deg,0.0,16,16,100.0
nuscenes,scene-0103_036,4,Car,17.575,yaw_deg,0.0,17,17,100.0
nuscenes,scene-0103_036,7,Car,8.551,yaw_deg,0.0,107,107,100.0
nuscenes,scene-0103_036,9,Car,15.225,yaw_deg,0.0,74,74,100.0
nuscenes,scene-0103_036,14,Car,13.258,yaw_deg,0.0,38,38,100.0
nuscenes,scene-0103_036,1,Car,27.932,yaw_deg,0.5,25,25,100.0
nuscenes,scene-0103_036,3,Car,24.477,yaw_deg,0.5,16,15,93.75
nuscenes,scene-0103_036,4,Car,17.575,yaw_deg,0.5,17,17,100.0
nuscenes,scene-0103_036,7,Car,8.551,yaw_deg,0.5,107,107,100.0
nuscenes,scene-0103_036,9,Car,15.225,yaw_deg,0.5,74,71,95.946
nuscenes,scene-0103_036,14,Car,13.258,yaw_deg,0.5,38,38,100.0
nuscenes,scene-0103_036,1,Car,27.932,yaw_deg,1.0,25,23,92.0
nuscenes,scene-0103_036,3,Car,24.477,yaw_deg,1.0,16,15,93.75
nuscenes,scene-0103_036,4,Car,17.575,yaw_deg,1.0,17,13,76.471
nuscenes,scene-0103_036,7,Car,8.551,yaw_deg,1.0,107,107,100.0
nuscenes,scene-0103_036,9,Car,15.225,yaw_deg,1.0,74,69,93.243
nuscenes,scene-0103_036,14,Car,13.258,yaw_deg,1.0,38,36,94.737
nuscenes,scene-0103_036,1,Car,27.932,yaw_deg,2.0,25,16,64.0
nuscenes,scene-0103_036,3,Car,24.477,yaw_deg,2.0,16,11,68.75
nuscenes,scene-0103_036,4,Car,17.575,yaw_deg,2.0,17,11,64.706
nuscenes,scene-0103_036,7,Car,8.551,yaw_deg,2.0,107,101,94.393
nuscenes,scene-0103_036,9,Car,15.225,yaw_deg,2.0,74,68,91.892
nuscenes,scene-0103_036,14,Car,13.258,yaw_deg,2.0,38,32,84.211
nuscenes,scene-0103_036,1,Car,27.932,yaw_deg,3.0,25,8,32.0
nuscenes,scene-0103_036,3,Car,24.477,yaw_deg,3.0,16,8,50.0
nuscenes,scene-0103_036,4,Car,17.575,yaw_deg,3.0,17,9,52.941
nuscenes,scene-0103_036,7,Car,8.551,yaw_deg,3.0,107,96,89.72
nuscenes,scene-0103_036,9,Car,15.225,yaw_deg,3.0,74,60,81.081
nuscenes,scene-0103_036,14,Car,13.258,yaw_deg,3.0,38,27,71.053
nuscenes,scene-0103_036,1,Car,27.932,tx_m,0.02,25,25,100.0
nuscenes,scene-0103_036,3,Car,24.477,tx_m,0.02,16,16,100.0
nuscenes,scene-0103_036,4,Car,17.575,tx_m,0.02,17,17,100.0
nuscenes,scene-0103_036,7,Car,8.551,tx_m,0.02,107,106,99.065
nuscenes,scene-0103_036,9,Car,15.225,tx_m,0.02,74,74,100.0
nuscenes,scene-0103_036,14,Car,13.258,tx_m,0.02,38,38,100.0
nuscenes,scene-0103_036,1,Car,27.932,tx_m,0.05,25,25,100.0
nuscenes,scene-0103_036,3,Car,24.477,tx_m,0.05,16,16,100.0
nuscenes,scene-0103_036,4,Car,17.575,tx_m,0.05,17,17,100.0
nuscenes,scene-0103_036,7,Car,8.551,tx_m,0.05,107,105,98.131
nuscenes,scene-0103_036,9,Car,15.225,tx_m,0.05,74,74,100.0
nuscenes,scene-0103_036,14,Car,13.258,tx_m,0.05,38,38,100.0
nuscenes,scene-0103_036,1,Car,27.932,tx_m,0.1,25,25,100.0
nuscenes,scene-0103_036,3,Car,24.477,tx_m,0.1,16,16,100.0
nuscenes,scene-0103_036,4,Car,17.575,tx_m,0.1,17,17,100.0
nuscenes,scene-0103_036,7,Car,8.551,tx_m,0.1,107,100,93.458
nuscenes,scene-0103_036,9,Car,15.225,tx_m,0.1,74,74,100.0
nuscenes,scene-0103_036,14,Car,13.258,tx_m,0.1,38,38,100.0
nuscenes,scene-0103_037,3,Car,24.83,yaw_deg,0.0,29,29,100.0
nuscenes,scene-0103_037,5,Car,19.91,yaw_deg,0.0,21,21,100.0
nuscenes,scene-0103_037,6,Car,10.602,yaw_deg,0.0,105,105,100.0
nuscenes,scene-0103_037,11,Car,13.165,yaw_deg,0.0,49,49,100.0
nuscenes,scene-0103_037,13,Car,26.212,yaw_deg,0.0,6,6,100.0
nuscenes,scene-0103_037,14,Car,9.285,yaw_deg,0.0,127,126,99.213
nuscenes,scene-0103_037,3,Car,24.83,yaw_deg,0.5,29,28,96.552
nuscenes,scene-0103_037,5,Car,19.91,yaw_deg,0.5,21,20,95.238
nuscenes,scene-0103_037,6,Car,10.602,yaw_deg,0.5,105,105,100.0
nuscenes,scene-0103_037,11,Car,13.165,yaw_deg,0.5,49,44,89.796
nuscenes,scene-0103_037,13,Car,26.212,yaw_deg,0.5,6,6,100.0
nuscenes,scene-0103_037,14,Car,9.285,yaw_deg,0.5,127,127,100.0
nuscenes,scene-0103_037,3,Car,24.83,yaw_deg,1.0,29,26,89.655
nuscenes,scene-0103_037,5,Car,19.91,yaw_deg,1.0,21,18,85.714
nuscenes,scene-0103_037,6,Car,10.602,yaw_deg,1.0,105,105,100.0
nuscenes,scene-0103_037,11,Car,13.165,yaw_deg,1.0,49,39,79.592
nuscenes,scene-0103_037,13,Car,26.212,yaw_deg,1.0,6,5,83.333
nuscenes,scene-0103_037,14,Car,9.285,yaw_deg,1.0,127,125,98.425
nuscenes,scene-0103_037,3,Car,24.83,yaw_deg,2.0,29,21,72.414
nuscenes,scene-0103_037,5,Car,19.91,yaw_deg,2.0,21,16,76.19
nuscenes,scene-0103_037,6,Car,10.602,yaw_deg,2.0,105,98,93.333
nuscenes,scene-0103_037,11,Car,13.165,yaw_deg,2.0,49,33,67.347
nuscenes,scene-0103_037,13,Car,26.212,yaw_deg,2.0,6,3,50.0
nuscenes,scene-0103_037,14,Car,9.285,yaw_deg,2.0,127,118,92.913
nuscenes,scene-0103_037,3,Car,24.83,yaw_deg,3.0,29,12,41.379
nuscenes,scene-0103_037,5,Car,19.91,yaw_deg,3.0,21,14,66.667
nuscenes,scene-0103_037,6,Car,10.602,yaw_deg,3.0,105,90,85.714
nuscenes,scene-0103_037,11,Car,13.165,yaw_deg,3.0,49,25,51.02
nuscenes,scene-0103_037,13,Car,26.212,yaw_deg,3.0,6,0,0.0
nuscenes,scene-0103_037,14,Car,9.285,yaw_deg,3.0,127,114,89.764
nuscenes,scene-0103_037,3,Car,24.83,tx_m,0.02,29,29,100.0
nuscenes,scene-0103_037,5,Car,19.91,tx_m,0.02,21,21,100.0
nuscenes,scene-0103_037,6,Car,10.602,tx_m,0.02,105,105,100.0
nuscenes,scene-0103_037,11,Car,13.165,tx_m,0.02,49,49,100.0
nuscenes,scene-0103_037,13,Car,26.212,tx_m,0.02,6,6,100.0
nuscenes,scene-0103_037,14,Car,9.285,tx_m,0.02,127,123,96.85
nuscenes,scene-0103_037,3,Car,24.83,tx_m,0.05,29,29,100.0
nuscenes,scene-0103_037,5,Car,19.91,tx_m,0.05,21,21,100.0
nuscenes,scene-0103_037,6,Car,10.602,tx_m,0.05,105,105,100.0
nuscenes,scene-0103_037,11,Car,13.165,tx_m,0.05,49,49,100.0
nuscenes,scene-0103_037,13,Car,26.212,tx_m,0.05,6,6,100.0
nuscenes,scene-0103_037,14,Car,9.285,tx_m,0.05,127,122,96.063
nuscenes,scene-0103_037,3,Car,24.83,tx_m,0.1,29,29,100.0
nuscenes,scene-0103_037,5,Car,19.91,tx_m,0.1,21,21,100.0
nuscenes,scene-0103_037,6,Car,10.602,tx_m,0.1,105,105,100.0
nuscenes,scene-0103_037,11,Car,13.165,tx_m,0.1,49,49,100.0
nuscenes,scene-0103_037,13,Car,26.212,tx_m,0.1,6,6,100.0
nuscenes,scene-0103_037,14,Car,9.285,tx_m,0.1,127,117,92.126
nuscenes,scene-0103_038,1,Bicycle,14.476,yaw_deg,0.0,11,11,100.0
nuscenes,scene-0103_038,3,Car,20.793,yaw_deg,0.0,46,46,100.0
nuscenes,scene-0103_038,5,Car,15.889,yaw_deg,0.0,56,56,100.0
nuscenes,scene-0103_038,7,Car,5.557,yaw_deg,0.0,105,105,100.0
nuscenes,scene-0103_038,8,Car,24.861,yaw_deg,0.0,11,11,100.0
nuscenes,scene-0103_038,11,Car,22.365,yaw_deg,0.0,14,14,100.0
nuscenes,scene-0103_038,12,Car,7.797,yaw_deg,0.0,26,26,100.0
nuscenes,scene-0103_038,1,Bicycle,14.476,yaw_deg,0.5,11,11,100.0
nuscenes,scene-0103_038,3,Car,20.793,yaw_deg,0.5,46,46,100.0
nuscenes,scene-0103_038,5,Car,15.889,yaw_deg,0.5,56,56,100.0
nuscenes,scene-0103_038,7,Car,5.557,yaw_deg,0.5,105,105,100.0
nuscenes,scene-0103_038,8,Car,24.861,yaw_deg,0.5,11,11,100.0
nuscenes,scene-0103_038,11,Car,22.365,yaw_deg,0.5,14,14,100.0
nuscenes,scene-0103_038,12,Car,7.797,yaw_deg,0.5,26,26,100.0
nuscenes,scene-0103_038,1,Bicycle,14.476,yaw_deg,1.0,11,10,90.909
nuscenes,scene-0103_038,3,Car,20.793,yaw_deg,1.0,46,45,97.826
nuscenes,scene-0103_038,5,Car,15.889,yaw_deg,1.0,56,54,96.429
nuscenes,scene-0103_038,7,Car,5.557,yaw_deg,1.0,105,105,100.0
nuscenes,scene-0103_038,8,Car,24.861,yaw_deg,1.0,11,11,100.0
nuscenes,scene-0103_038,11,Car,22.365,yaw_deg,1.0,14,14,100.0
nuscenes,scene-0103_038,12,Car,7.797,yaw_deg,1.0,26,26,100.0
nuscenes,scene-0103_038,1,Bicycle,14.476,yaw_deg,2.0,11,5,45.455
nuscenes,scene-0103_038,3,Car,20.793,yaw_deg,2.0,46,42,91.304
nuscenes,scene-0103_038,5,Car,15.889,yaw_deg,2.0,56,52,92.857
nuscenes,scene-0103_038,7,Car,5.557,yaw_deg,2.0,105,105,100.0
nuscenes,scene-0103_038,8,Car,24.861,yaw_deg,2.0,11,11,100.0
nuscenes,scene-0103_038,11,Car,22.365,yaw_deg,2.0,14,9,64.286
nuscenes,scene-0103_038,12,Car,7.797,yaw_deg,2.0,26,18,69.231
nuscenes,scene-0103_038,1,Bicycle,14.476,yaw_deg,3.0,11,1,9.091
nuscenes,scene-0103_038,3,Car,20.793,yaw_deg,3.0,46,37,80.435
nuscenes,scene-0103_038,5,Car,15.889,yaw_deg,3.0,56,48,85.714
nuscenes,scene-0103_038,7,Car,5.557,yaw_deg,3.0,105,104,99.048
nuscenes,scene-0103_038,8,Car,24.861,yaw_deg,3.0,11,9,81.818
nuscenes,scene-0103_038,11,Car,22.365,yaw_deg,3.0,14,6,42.857
nuscenes,scene-0103_038,12,Car,7.797,yaw_deg,3.0,26,9,34.615
nuscenes,scene-0103_038,1,Bicycle,14.476,tx_m,0.02,11,11,100.0
nuscenes,scene-0103_038,3,Car,20.793,tx_m,0.02,46,46,100.0
nuscenes,scene-0103_038,5,Car,15.889,tx_m,0.02,56,56,100.0
nuscenes,scene-0103_038,7,Car,5.557,tx_m,0.02,105,105,100.0
nuscenes,scene-0103_038,8,Car,24.861,tx_m,0.02,11,11,100.0
nuscenes,scene-0103_038,11,Car,22.365,tx_m,0.02,14,14,100.0
nuscenes,scene-0103_038,12,Car,7.797,tx_m,0.02,26,25,96.154
nuscenes,scene-0103_038,1,Bicycle,14.476,tx_m,0.05,11,11,100.0
nuscenes,scene-0103_038,3,Car,20.793,tx_m,0.05,46,46,100.0
nuscenes,scene-0103_038,5,Car,15.889,tx_m,0.05,56,56,100.0
nuscenes,scene-0103_038,7,Car,5.557,tx_m,0.05,105,105,100.0
nuscenes,scene-0103_038,8,Car,24.861,tx_m,0.05,11,11,100.0
nuscenes,scene-0103_038,11,Car,22.365,tx_m,0.05,14,14,100.0
nuscenes,scene-0103_038,12,Car,7.797,tx_m,0.05,26,24,92.308
nuscenes,scene-0103_038,1,Bicycle,14.476,tx_m,0.1,11,11,100.0
nuscenes,scene-0103_038,3,Car,20.793,tx_m,0.1,46,46,100.0
nuscenes,scene-0103_038,5,Car,15.889,tx_m,0.1,56,56,100.0
nuscenes,scene-0103_038,7,Car,5.557,tx_m,0.1,105,105,100.0
nuscenes,scene-0103_038,8,Car,24.861,tx_m,0.1,11,11,100.0
nuscenes,scene-0103_038,11,Car,22.365,tx_m,0.1,14,14,100.0
nuscenes,scene-0103_038,12,Car,7.797,tx_m,0.1,26,20,76.923
nuscenes,scene-0103_039,0,Car,24.404,yaw_deg,0.0,10,10,100.0
nuscenes,scene-0103_039,2,Car,16.27,yaw_deg,0.0,80,80,100.0
nuscenes,scene-0103_039,3,Car,12.332,yaw_deg,0.0,113,113,100.0
nuscenes,scene-0103_039,5,Car,21.26,yaw_deg,0.0,22,22,100.0
nuscenes,scene-0103_039,7,Car,18.076,yaw_deg,0.0,40,40,100.0
nuscenes,scene-0103_039,0,Car,24.404,yaw_deg,0.5,10,9,90.0
nuscenes,scene-0103_039,2,Car,16.27,yaw_deg,0.5,80,80,100.0
nuscenes,scene-0103_039,3,Car,12.332,yaw_deg,0.5,113,112,99.115
nuscenes,scene-0103_039,5,Car,21.26,yaw_deg,0.5,22,22,100.0
nuscenes,scene-0103_039,7,Car,18.076,yaw_deg,0.5,40,40,100.0
nuscenes,scene-0103_039,0,Car,24.404,yaw_deg,1.0,10,9,90.0
nuscenes,scene-0103_039,2,Car,16.27,yaw_deg,1.0,80,78,97.5
nuscenes,scene-0103_039,3,Car,12.332,yaw_deg,1.0,113,108,95.575
nuscenes,scene-0103_039,5,Car,21.26,yaw_deg,1.0,22,22,100.0
nuscenes,scene-0103_039,7,Car,18.076,yaw_deg,1.0,40,40,100.0
nuscenes,scene-0103_039,0,Car,24.404,yaw_deg,2.0,10,3,30.0
nuscenes,scene-0103_039,2,Car,16.27,yaw_deg,2.0,80,75,93.75
nuscenes,scene-0103_039,3,Car,12.332,yaw_deg,2.0,113,102,90.265
nuscenes,scene-0103_039,5,Car,21.26,yaw_deg,2.0,22,22,100.0
nuscenes,scene-0103_039,7,Car,18.076,yaw_deg,2.0,40,35,87.5
nuscenes,scene-0103_039,0,Car,24.404,yaw_deg,3.0,10,0,0.0
nuscenes,scene-0103_039,2,Car,16.27,yaw_deg,3.0,80,66,82.5
nuscenes,scene-0103_039,3,Car,12.332,yaw_deg,3.0,113,94,83.186
nuscenes,scene-0103_039,5,Car,21.26,yaw_deg,3.0,22,21,95.455
nuscenes,scene-0103_039,7,Car,18.076,yaw_deg,3.0,40,27,67.5
nuscenes,scene-0103_039,0,Car,24.404,tx_m,0.02,10,10,100.0
nuscenes,scene-0103_039,2,Car,16.27,tx_m,0.02,80,80,100.0
nuscenes,scene-0103_039,3,Car,12.332,tx_m,0.02,113,113,100.0
nuscenes,scene-0103_039,5,Car,21.26,tx_m,0.02,22,22,100.0
nuscenes,scene-0103_039,7,Car,18.076,tx_m,0.02,40,40,100.0
nuscenes,scene-0103_039,0,Car,24.404,tx_m,0.05,10,10,100.0
nuscenes,scene-0103_039,2,Car,16.27,tx_m,0.05,80,80,100.0
nuscenes,scene-0103_039,3,Car,12.332,tx_m,0.05,113,113,100.0
nuscenes,scene-0103_039,5,Car,21.26,tx_m,0.05,22,22,100.0
nuscenes,scene-0103_039,7,Car,18.076,tx_m,0.05,40,40,100.0
nuscenes,scene-0103_039,0,Car,24.404,tx_m,0.1,10,10,100.0
nuscenes,scene-0103_039,2,Car,16.27,tx_m,0.1,80,80,100.0
nuscenes,scene-0103_039,3,Car,12.332,tx_m,0.1,113,113,100.0
nuscenes,scene-0103_039,5,Car,21.26,tx_m,0.1,22,22,100.0
nuscenes,scene-0103_039,7,Car,18.076,tx_m,0.1,40,40,100.0
nuscenes,scene-1094_000,0,personal_mobility,9.142,yaw_deg,0.0,5,5,100.0
nuscenes,scene-1094_000,1,Car,21.941,yaw_deg,0.0,33,33,100.0
nuscenes,scene-1094_000,3,Car,5.451,yaw_deg,0.0,463,463,100.0
nuscenes,scene-1094_000,9,Pedestrian,12.865,yaw_deg,0.0,9,9,100.0
nuscenes,scene-1094_000,10,Car,25.139,yaw_deg,0.0,5,5,100.0
nuscenes,scene-1094_000,11,Car,27.919,yaw_deg,0.0,61,61,100.0
nuscenes,scene-1094_000,12,Pedestrian,13.382,yaw_deg,0.0,16,16,100.0
nuscenes,scene-1094_000,0,personal_mobility,9.142,yaw_deg,0.5,5,3,60.0
nuscenes,scene-1094_000,1,Car,21.941,yaw_deg,0.5,33,32,96.97
nuscenes,scene-1094_000,3,Car,5.451,yaw_deg,0.5,463,461,99.568
nuscenes,scene-1094_000,9,Pedestrian,12.865,yaw_deg,0.5,9,9,100.0
nuscenes,scene-1094_000,10,Car,25.139,yaw_deg,0.5,5,5,100.0
nuscenes,scene-1094_000,11,Car,27.919,yaw_deg,0.5,61,61,100.0
nuscenes,scene-1094_000,12,Pedestrian,13.382,yaw_deg,0.5,16,16,100.0
nuscenes,scene-1094_000,0,personal_mobility,9.142,yaw_deg,1.0,5,3,60.0
nuscenes,scene-1094_000,1,Car,21.941,yaw_deg,1.0,33,28,84.848
nuscenes,scene-1094_000,3,Car,5.451,yaw_deg,1.0,463,453,97.84
nuscenes,scene-1094_000,9,Pedestrian,12.865,yaw_deg,1.0,9,9,100.0
nuscenes,scene-1094_000,10,Car,25.139,yaw_deg,1.0,5,5,100.0
nuscenes,scene-1094_000,11,Car,27.919,yaw_deg,1.0,61,61,100.0
nuscenes,scene-1094_000,12,Pedestrian,13.382,yaw_deg,1.0,16,16,100.0
nuscenes,scene-1094_000,0,personal_mobility,9.142,yaw_deg,2.0,5,0,0.0
nuscenes,scene-1094_000,1,Car,21.941,yaw_deg,2.0,33,20,60.606
nuscenes,scene-1094_000,3,Car,5.451,yaw_deg,2.0,463,424,91.577
nuscenes,scene-1094_000,9,Pedestrian,12.865,yaw_deg,2.0,9,4,44.444
nuscenes,scene-1094_000,10,Car,25.139,yaw_deg,2.0,5,5,100.0
nuscenes,scene-1094_000,11,Car,27.919,yaw_deg,2.0,61,59,96.721
nuscenes,scene-1094_000,12,Pedestrian,13.382,yaw_deg,2.0,16,14,87.5
nuscenes,scene-1094_000,0,personal_mobility,9.142,yaw_deg,3.0,5,0,0.0
nuscenes,scene-1094_000,1,Car,21.941,yaw_deg,3.0,33,17,51.515
nuscenes,scene-1094_000,3,Car,5.451,yaw_deg,3.0,463,408,88.121
nuscenes,scene-1094_000,9,Pedestrian,12.865,yaw_deg,3.0,9,0,0.0
nuscenes,scene-1094_000,10,Car,25.139,yaw_deg,3.0,5,5,100.0
nuscenes,scene-1094_000,11,Car,27.919,yaw_deg,3.0,61,56,91.803
nuscenes,scene-1094_000,12,Pedestrian,13.382,yaw_deg,3.0,16,3,18.75
nuscenes,scene-1094_000,0,personal_mobility,9.142,tx_m,0.02,5,5,100.0
nuscenes,scene-1094_000,1,Car,21.941,tx_m,0.02,33,33,100.0
nuscenes,scene-1094_000,3,Car,5.451,tx_m,0.02,463,463,100.0
nuscenes,scene-1094_000,9,Pedestrian,12.865,tx_m,0.02,9,9,100.0
nuscenes,scene-1094_000,10,Car,25.139,tx_m,0.02,5,5,100.0
nuscenes,scene-1094_000,11,Car,27.919,tx_m,0.02,61,61,100.0
nuscenes,scene-1094_000,12,Pedestrian,13.382,tx_m,0.02,16,16,100.0
nuscenes,scene-1094_000,0,personal_mobility,9.142,tx_m,0.05,5,5,100.0
nuscenes,scene-1094_000,1,Car,21.941,tx_m,0.05,33,33,100.0
nuscenes,scene-1094_000,3,Car,5.451,tx_m,0.05,463,463,100.0
nuscenes,scene-1094_000,9,Pedestrian,12.865,tx_m,0.05,9,9,100.0
nuscenes,scene-1094_000,10,Car,25.139,tx_m,0.05,5,5,100.0
nuscenes,scene-1094_000,11,Car,27.919,tx_m,0.05,61,61,100.0
nuscenes,scene-1094_000,12,Pedestrian,13.382,tx_m,0.05,16,16,100.0
nuscenes,scene-1094_000,0,personal_mobility,9.142,tx_m,0.1,5,5,100.0
nuscenes,scene-1094_000,1,Car,21.941,tx_m,0.1,33,33,100.0
nuscenes,scene-1094_000,3,Car,5.451,tx_m,0.1,463,463,100.0
nuscenes,scene-1094_000,9,Pedestrian,12.865,tx_m,0.1,9,9,100.0
nuscenes,scene-1094_000,10,Car,25.139,tx_m,0.1,5,5,100.0
nuscenes,scene-1094_000,11,Car,27.919,tx_m,0.1,61,61,100.0
nuscenes,scene-1094_000,12,Pedestrian,13.382,tx_m,0.1,16,16,100.0
nuscenes,scene-1094_001,0,personal_mobility,8.721,yaw_deg,0.0,39,39,100.0
nuscenes,scene-1094_001,1,Car,21.532,yaw_deg,0.0,26,26,100.0
nuscenes,scene-1094_001,3,Car,5.819,yaw_deg,0.0,420,420,100.0
nuscenes,scene-1094_001,7,Car,27.23,yaw_deg,0.0,7,7,100.0
nuscenes,scene-1094_001,11,Car,24.936,yaw_deg,0.0,5,5,100.0
nuscenes,scene-1094_001,12,Car,27.845,yaw_deg,0.0,63,63,100.0
nuscenes,scene-1094_001,13,Pedestrian,13.78,yaw_deg,0.0,12,12,100.0
nuscenes,scene-1094_001,0,personal_mobility,8.721,yaw_deg,0.5,39,38,97.436
nuscenes,scene-1094_001,1,Car,21.532,yaw_deg,0.5,26,26,100.0
nuscenes,scene-1094_001,3,Car,5.819,yaw_deg,0.5,420,419,99.762
nuscenes,scene-1094_001,7,Car,27.23,yaw_deg,0.5,7,4,57.143
nuscenes,scene-1094_001,11,Car,24.936,yaw_deg,0.5,5,5,100.0
nuscenes,scene-1094_001,12,Car,27.845,yaw_deg,0.5,63,63,100.0
nuscenes,scene-1094_001,13,Pedestrian,13.78,yaw_deg,0.5,12,12,100.0
nuscenes,scene-1094_001,0,personal_mobility,8.721,yaw_deg,1.0,39,35,89.744
nuscenes,scene-1094_001,1,Car,21.532,yaw_deg,1.0,26,26,100.0
nuscenes,scene-1094_001,3,Car,5.819,yaw_deg,1.0,420,417,99.286
nuscenes,scene-1094_001,7,Car,27.23,yaw_deg,1.0,7,1,14.286
nuscenes,scene-1094_001,11,Car,24.936,yaw_deg,1.0,5,5,100.0
nuscenes,scene-1094_001,12,Car,27.845,yaw_deg,1.0,63,63,100.0
nuscenes,scene-1094_001,13,Pedestrian,13.78,yaw_deg,1.0,12,12,100.0
nuscenes,scene-1094_001,0,personal_mobility,8.721,yaw_deg,2.0,39,24,61.538
nuscenes,scene-1094_001,1,Car,21.532,yaw_deg,2.0,26,26,100.0
nuscenes,scene-1094_001,3,Car,5.819,yaw_deg,2.0,420,397,94.524
nuscenes,scene-1094_001,7,Car,27.23,yaw_deg,2.0,7,0,0.0
nuscenes,scene-1094_001,11,Car,24.936,yaw_deg,2.0,5,5,100.0
nuscenes,scene-1094_001,12,Car,27.845,yaw_deg,2.0,63,60,95.238
nuscenes,scene-1094_001,13,Pedestrian,13.78,yaw_deg,2.0,12,9,75.0
nuscenes,scene-1094_001,0,personal_mobility,8.721,yaw_deg,3.0,39,9,23.077
nuscenes,scene-1094_001,1,Car,21.532,yaw_deg,3.0,26,21,80.769
nuscenes,scene-1094_001,3,Car,5.819,yaw_deg,3.0,420,370,88.095
nuscenes,scene-1094_001,7,Car,27.23,yaw_deg,3.0,7,0,0.0
nuscenes,scene-1094_001,11,Car,24.936,yaw_deg,3.0,5,5,100.0
nuscenes,scene-1094_001,12,Car,27.845,yaw_deg,3.0,63,56,88.889
nuscenes,scene-1094_001,13,Pedestrian,13.78,yaw_deg,3.0,12,2,16.667
nuscenes,scene-1094_001,0,personal_mobility,8.721,tx_m,0.02,39,39,100.0
nuscenes,scene-1094_001,1,Car,21.532,tx_m,0.02,26,26,100.0
nuscenes,scene-1094_001,3,Car,5.819,tx_m,0.02,420,420,100.0
nuscenes,scene-1094_001,7,Car,27.23,tx_m,0.02,7,7,100.0
nuscenes,scene-1094_001,11,Car,24.936,tx_m,0.02,5,5,100.0
nuscenes,scene-1094_001,12,Car,27.845,tx_m,0.02,63,63,100.0
nuscenes,scene-1094_001,13,Pedestrian,13.78,tx_m,0.02,12,12,100.0
nuscenes,scene-1094_001,0,personal_mobility,8.721,tx_m,0.05,39,39,100.0
nuscenes,scene-1094_001,1,Car,21.532,tx_m,0.05,26,26,100.0
nuscenes,scene-1094_001,3,Car,5.819,tx_m,0.05,420,420,100.0
nuscenes,scene-1094_001,7,Car,27.23,tx_m,0.05,7,7,100.0
nuscenes,scene-1094_001,11,Car,24.936,tx_m,0.05,5,5,100.0
nuscenes,scene-1094_001,12,Car,27.845,tx_m,0.05,63,63,100.0
nuscenes,scene-1094_001,13,Pedestrian,13.78,tx_m,0.05,12,12,100.0
nuscenes,scene-1094_001,0,personal_mobility,8.721,tx_m,0.1,39,39,100.0
nuscenes,scene-1094_001,1,Car,21.532,tx_m,0.1,26,26,100.0
nuscenes,scene-1094_001,3,Car,5.819,tx_m,0.1,420,420,100.0
nuscenes,scene-1094_001,7,Car,27.23,tx_m,0.1,7,7,100.0
nuscenes,scene-1094_001,11,Car,24.936,tx_m,0.1,5,5,100.0
nuscenes,scene-1094_001,12,Car,27.845,tx_m,0.1,63,63,100.0
nuscenes,scene-1094_001,13,Pedestrian,13.78,tx_m,0.1,12,12,100.0
nuscenes,scene-1094_002,0,personal_mobility,8.505,yaw_deg,0.0,42,42,100.0
nuscenes,scene-1094_002,1,Car,21.16,yaw_deg,0.0,20,20,100.0
nuscenes,scene-1094_002,4,Car,6.148,yaw_deg,0.0,381,381,100.0
nuscenes,scene-1094_002,8,Car,26.971,yaw_deg,0.0,5,5,100.0
nuscenes,scene-1094_002,11,Pedestrian,11.409,yaw_deg,0.0,13,13,100.0
nuscenes,scene-1094_002,12,Pedestrian,23.473,yaw_deg,0.0,6,6,100.0
nuscenes,scene-1094_002,13,Car,24.908,yaw_deg,0.0,5,5,100.0
nuscenes,scene-1094_002,14,Car,27.731,yaw_deg,0.0,64,64,100.0
nuscenes,scene-1094_002,15,Pedestrian,14.064,yaw_deg,0.0,18,18,100.0
nuscenes,scene-1094_002,17,Bicycle,29.884,yaw_deg,0.0,6,6,100.0
nuscenes,scene-1094_002,0,personal_mobility,8.505,yaw_deg,0.5,42,42,100.0
nuscenes,scene-1094_002,1,Car,21.16,yaw_deg,0.5,20,20,100.0
nuscenes,scene-1094_002,4,Car,6.148,yaw_deg,0.5,381,380,99.738
nuscenes,scene-1094_002,8,Car,26.971,yaw_deg,0.5,5,4,80.0
nuscenes,scene-1094_002,11,Pedestrian,11.409,yaw_deg,0.5,13,13,100.0
nuscenes,scene-1094_002,12,Pedestrian,23.473,yaw_deg,0.5,6,6,100.0
nuscenes,scene-1094_002,13,Car,24.908,yaw_deg,0.5,5,5,100.0
nuscenes,scene-1094_002,14,Car,27.731,yaw_deg,0.5,64,64,100.0
nuscenes,scene-1094_002,15,Pedestrian,14.064,yaw_deg,0.5,18,18,100.0
nuscenes,scene-1094_002,17,Bicycle,29.884,yaw_deg,0.5,6,6,100.0
nuscenes,scene-1094_002,0,personal_mobility,8.505,yaw_deg,1.0,42,42,100.0
nuscenes,scene-1094_002,1,Car,21.16,yaw_deg,1.0,20,19,95.0
nuscenes,scene-1094_002,4,Car,6.148,yaw_deg,1.0,381,379,99.475
nuscenes,scene-1094_002,8,Car,26.971,yaw_deg,1.0,5,2,40.0
nuscenes,scene-1094_002,11,Pedestrian,11.409,yaw_deg,1.0,13,11,84.615
nuscenes,scene-1094_002,12,Pedestrian,23.473,yaw_deg,1.0,6,3,50.0
nuscenes,scene-1094_002,13,Car,24.908,yaw_deg,1.0,5,5,100.0
nuscenes,scene-1094_002,14,Car,27.731,yaw_deg,1.0,64,63,98.438
nuscenes,scene-1094_002,15,Pedestrian,14.064,yaw_deg,1.0,18,16,88.889
nuscenes,scene-1094_002,17,Bicycle,29.884,yaw_deg,1.0,6,6,100.0
nuscenes,scene-1094_002,0,personal_mobility,8.505,yaw_deg,2.0,42,39,92.857
nuscenes,scene-1094_002,1,Car,21.16,yaw_deg,2.0,20,19,95.0
nuscenes,scene-1094_002,4,Car,6.148,yaw_deg,2.0,381,363,95.276
nuscenes,scene-1094_002,8,Car,26.971,yaw_deg,2.0,5,0,0.0
nuscenes,scene-1094_002,11,Pedestrian,11.409,yaw_deg,2.0,13,4,30.769
nuscenes,scene-1094_002,12,Pedestrian,23.473,yaw_deg,2.0,6,0,0.0
nuscenes,scene-1094_002,13,Car,24.908,yaw_deg,2.0,5,5,100.0
nuscenes,scene-1094_002,14,Car,27.731,yaw_deg,2.0,64,60,93.75
nuscenes,scene-1094_002,15,Pedestrian,14.064,yaw_deg,2.0,18,10,55.556
nuscenes,scene-1094_002,17,Bicycle,29.884,yaw_deg,2.0,6,4,66.667
nuscenes,scene-1094_002,0,personal_mobility,8.505,yaw_deg,3.0,42,34,80.952
nuscenes,scene-1094_002,1,Car,21.16,yaw_deg,3.0,20,19,95.0
nuscenes,scene-1094_002,4,Car,6.148,yaw_deg,3.0,381,336,88.189
nuscenes,scene-1094_002,8,Car,26.971,yaw_deg,3.0,5,0,0.0
nuscenes,scene-1094_002,11,Pedestrian,11.409,yaw_deg,3.0,13,0,0.0
nuscenes,scene-1094_002,12,Pedestrian,23.473,yaw_deg,3.0,6,0,0.0
nuscenes,scene-1094_002,13,Car,24.908,yaw_deg,3.0,5,5,100.0
nuscenes,scene-1094_002,14,Car,27.731,yaw_deg,3.0,64,57,89.062
nuscenes,scene-1094_002,15,Pedestrian,14.064,yaw_deg,3.0,18,4,22.222
nuscenes,scene-1094_002,17,Bicycle,29.884,yaw_deg,3.0,6,1,16.667
nuscenes,scene-1094_002,0,personal_mobility,8.505,tx_m,0.02,42,42,100.0
nuscenes,scene-1094_002,1,Car,21.16,tx_m,0.02,20,20,100.0
nuscenes,scene-1094_002,4,Car,6.148,tx_m,0.02,381,381,100.0
nuscenes,scene-1094_002,8,Car,26.971,tx_m,0.02,5,5,100.0
nuscenes,scene-1094_002,11,Pedestrian,11.409,tx_m,0.02,13,13,100.0
nuscenes,scene-1094_002,12,Pedestrian,23.473,tx_m,0.02,6,6,100.0
nuscenes,scene-1094_002,13,Car,24.908,tx_m,0.02,5,5,100.0
nuscenes,scene-1094_002,14,Car,27.731,tx_m,0.02,64,64,100.0
nuscenes,scene-1094_002,15,Pedestrian,14.064,tx_m,0.02,18,18,100.0
nuscenes,scene-1094_002,17,Bicycle,29.884,tx_m,0.02,6,6,100.0
nuscenes,scene-1094_002,0,personal_mobility,8.505,tx_m,0.05,42,42,100.0
nuscenes,scene-1094_002,1,Car,21.16,tx_m,0.05,20,20,100.0
nuscenes,scene-1094_002,4,Car,6.148,tx_m,0.05,381,381,100.0
nuscenes,scene-1094_002,8,Car,26.971,tx_m,0.05,5,5,100.0
nuscenes,scene-1094_002,11,Pedestrian,11.409,tx_m,0.05,13,13,100.0
nuscenes,scene-1094_002,12,Pedestrian,23.473,tx_m,0.05,6,6,100.0
nuscenes,scene-1094_002,13,Car,24.908,tx_m,0.05,5,5,100.0
nuscenes,scene-1094_002,14,Car,27.731,tx_m,0.05,64,64,100.0
nuscenes,scene-1094_002,15,Pedestrian,14.064,tx_m,0.05,18,18,100.0
nuscenes,scene-1094_002,17,Bicycle,29.884,tx_m,0.05,6,5,83.333
nuscenes,scene-1094_002,0,personal_mobility,8.505,tx_m,0.1,42,41,97.619
nuscenes,scene-1094_002,1,Car,21.16,tx_m,0.1,20,20,100.0
nuscenes,scene-1094_002,4,Car,6.148,tx_m,0.1,381,381,100.0
nuscenes,scene-1094_002,8,Car,26.971,tx_m,0.1,5,5,100.0
nuscenes,scene-1094_002,11,Pedestrian,11.409,tx_m,0.1,13,13,100.0
nuscenes,scene-1094_002,12,Pedestrian,23.473,tx_m,0.1,6,6,100.0
nuscenes,scene-1094_002,13,Car,24.908,tx_m,0.1,5,5,100.0
nuscenes,scene-1094_002,14,Car,27.731,tx_m,0.1,64,64,100.0
nuscenes,scene-1094_002,15,Pedestrian,14.064,tx_m,0.1,18,18,100.0
nuscenes,scene-1094_002,17,Bicycle,29.884,tx_m,0.1,6,5,83.333
nuscenes,scene-1094_003,0,personal_mobility,8.239,yaw_deg,0.0,34,34,100.0
nuscenes,scene-1094_003,1,Car,21.801,yaw_deg,0.0,28,28,100.0
nuscenes,scene-1094_003,5,Car,6.438,yaw_deg,0.0,373,373,100.0
nuscenes,scene-1094_003,9,Car,26.655,yaw_deg,0.0,7,7,100.0
nuscenes,scene-1094_003,12,Car,6.723,yaw_deg,0.0,10,10,100.0
nuscenes,scene-1094_003,14,Pedestrian,23.571,yaw_deg,0.0,6,6,100.0
nuscenes,scene-1094_003,16,Car,24.567,yaw_deg,0.0,6,6,100.0
nuscenes,scene-1094_003,17,Car,27.439,yaw_deg,0.0,67,67,100.0
nuscenes,scene-1094_003,18,Pedestrian,14.224,yaw_deg,0.0,12,12,100.0
nuscenes,scene-1094_003,20,Bicycle,29.737,yaw_deg,0.0,7,7,100.0
nuscenes,scene-1094_003,0,personal_mobility,8.239,yaw_deg,0.5,34,34,100.0
nuscenes,scene-1094_003,1,Car,21.801,yaw_deg,0.5,28,27,96.429
nuscenes,scene-1094_003,5,Car,6.438,yaw_deg,0.5,373,372,99.732
nuscenes,scene-1094_003,9,Car,26.655,yaw_deg,0.5,7,7,100.0
nuscenes,scene-1094_003,12,Car,6.723,yaw_deg,0.5,10,10,100.0
nuscenes,scene-1094_003,14,Pedestrian,23.571,yaw_deg,0.5,6,6,100.0
nuscenes,scene-1094_003,16,Car,24.567,yaw_deg,0.5,6,6,100.0
nuscenes,scene-1094_003,17,Car,27.439,yaw_deg,0.5,67,67,100.0
nuscenes,scene-1094_003,18,Pedestrian,14.224,yaw_deg,0.5,12,12,100.0
nuscenes,scene-1094_003,20,Bicycle,29.737,yaw_deg,0.5,7,6,85.714
nuscenes,scene-1094_003,0,personal_mobility,8.239,yaw_deg,1.0,34,34,100.0
nuscenes,scene-1094_003,1,Car,21.801,yaw_deg,1.0,28,21,75.0
nuscenes,scene-1094_003,5,Car,6.438,yaw_deg,1.0,373,371,99.464
nuscenes,scene-1094_003,9,Car,26.655,yaw_deg,1.0,7,6,85.714
nuscenes,scene-1094_003,12,Car,6.723,yaw_deg,1.0,10,9,90.0
nuscenes,scene-1094_003,14,Pedestrian,23.571,yaw_deg,1.0,6,3,50.0
nuscenes,scene-1094_003,16,Car,24.567,yaw_deg,1.0,6,6,100.0
nuscenes,scene-1094_003,17,Car,27.439,yaw_deg,1.0,67,65,97.015
nuscenes,scene-1094_003,18,Pedestrian,14.224,yaw_deg,1.0,12,12,100.0
nuscenes,scene-1094_003,20,Bicycle,29.737,yaw_deg,1.0,7,6,85.714
nuscenes,scene-1094_003,0,personal_mobility,8.239,yaw_deg,2.0,34,30,88.235
nuscenes,scene-1094_003,1,Car,21.801,yaw_deg,2.0,28,14,50.0
nuscenes,scene-1094_003,5,Car,6.438,yaw_deg,2.0,373,357,95.71
nuscenes,scene-1094_003,9,Car,26.655,yaw_deg,2.0,7,3,42.857
nuscenes,scene-1094_003,12,Car,6.723,yaw_deg,2.0,10,2,20.0
nuscenes,scene-1094_003,14,Pedestrian,23.571,yaw_deg,2.0,6,0,0.0
nuscenes,scene-1094_003,16,Car,24.567,yaw_deg,2.0,6,6,100.0
nuscenes,scene-1094_003,17,Car,27.439,yaw_deg,2.0,67,62,92.537
nuscenes,scene-1094_003,18,Pedestrian,14.224,yaw_deg,2.0,12,7,58.333
nuscenes,scene-1094_003,20,Bicycle,29.737,yaw_deg,2.0,7,4,57.143
nuscenes,scene-1094_003,0,personal_mobility,8.239,yaw_deg,3.0,34,25,73.529
nuscenes,scene-1094_003,1,Car,21.801,yaw_deg,3.0,28,14,50.0
nuscenes,scene-1094_003,5,Car,6.438,yaw_deg,3.0,373,335,89.812
nuscenes,scene-1094_003,9,Car,26.655,yaw_deg,3.0,7,0,0.0
nuscenes,scene-1094_003,12,Car,6.723,yaw_deg,3.0,10,0,0.0
nuscenes,scene-1094_003,14,Pedestrian,23.571,yaw_deg,3.0,6,0,0.0
nuscenes,scene-1094_003,16,Car,24.567,yaw_deg,3.0,6,6,100.0
nuscenes,scene-1094_003,17,Car,27.439,yaw_deg,3.0,67,59,88.06
nuscenes,scene-1094_003,18,Pedestrian,14.224,yaw_deg,3.0,12,3,25.0
nuscenes,scene-1094_003,20,Bicycle,29.737,yaw_deg,3.0,7,1,14.286
nuscenes,scene-1094_003,0,personal_mobility,8.239,tx_m,0.02,34,34,100.0
nuscenes,scene-1094_003,1,Car,21.801,tx_m,0.02,28,28,100.0
nuscenes,scene-1094_003,5,Car,6.438,tx_m,0.02,373,373,100.0
nuscenes,scene-1094_003,9,Car,26.655,tx_m,0.02,7,7,100.0
nuscenes,scene-1094_003,12,Car,6.723,tx_m,0.02,10,8,80.0
nuscenes,scene-1094_003,14,Pedestrian,23.571,tx_m,0.02,6,6,100.0
nuscenes,scene-1094_003,16,Car,24.567,tx_m,0.02,6,6,100.0
nuscenes,scene-1094_003,17,Car,27.439,tx_m,0.02,67,67,100.0
nuscenes,scene-1094_003,18,Pedestrian,14.224,tx_m,0.02,12,12,100.0
nuscenes,scene-1094_003,20,Bicycle,29.737,tx_m,0.02,7,7,100.0
nuscenes,scene-1094_003,0,personal_mobility,8.239,tx_m,0.05,34,34,100.0
nuscenes,scene-1094_003,1,Car,21.801,tx_m,0.05,28,28,100.0
nuscenes,scene-1094_003,5,Car,6.438,tx_m,0.05,373,373,100.0
nuscenes,scene-1094_003,9,Car,26.655,tx_m,0.05,7,7,100.0
nuscenes,scene-1094_003,12,Car,6.723,tx_m,0.05,10,7,70.0
nuscenes,scene-1094_003,14,Pedestrian,23.571,tx_m,0.05,6,6,100.0
nuscenes,scene-1094_003,16,Car,24.567,tx_m,0.05,6,6,100.0
nuscenes,scene-1094_003,17,Car,27.439,tx_m,0.05,67,67,100.0
nuscenes,scene-1094_003,18,Pedestrian,14.224,tx_m,0.05,12,12,100.0
nuscenes,scene-1094_003,20,Bicycle,29.737,tx_m,0.05,7,7,100.0
nuscenes,scene-1094_003,0,personal_mobility,8.239,tx_m,0.1,34,34,100.0
nuscenes,scene-1094_003,1,Car,21.801,tx_m,0.1,28,28,100.0
nuscenes,scene-1094_003,5,Car,6.438,tx_m,0.1,373,373,100.0
nuscenes,scene-1094_003,9,Car,26.655,tx_m,0.1,7,7,100.0
nuscenes,scene-1094_003,12,Car,6.723,tx_m,0.1,10,4,40.0
nuscenes,scene-1094_003,14,Pedestrian,23.571,tx_m,0.1,6,6,100.0
nuscenes,scene-1094_003,16,Car,24.567,tx_m,0.1,6,6,100.0
nuscenes,scene-1094_003,17,Car,27.439,tx_m,0.1,67,67,100.0
nuscenes,scene-1094_003,18,Pedestrian,14.224,tx_m,0.1,12,12,100.0
nuscenes,scene-1094_003,20,Bicycle,29.737,tx_m,0.1,7,7,100.0
nuscenes,scene-1094_004,0,personal_mobility,7.909,yaw_deg,0.0,37,37,100.0
nuscenes,scene-1094_004,1,Car,20.436,yaw_deg,0.0,27,27,100.0
nuscenes,scene-1094_004,5,Car,6.688,yaw_deg,0.0,367,367,100.0
nuscenes,scene-1094_004,6,Pedestrian,30.216,yaw_deg,0.0,5,5,100.0
nuscenes,scene-1094_004,9,Car,26.215,yaw_deg,0.0,6,6,100.0
nuscenes,scene-1094_004,12,Car,7.936,yaw_deg,0.0,11,11,100.0
nuscenes,scene-1094_004,13,Pedestrian,23.419,yaw_deg,0.0,6,6,100.0
nuscenes,scene-1094_004,15,Car,24.099,yaw_deg,0.0,5,5,100.0
nuscenes,scene-1094_004,16,Car,26.947,yaw_deg,0.0,68,68,100.0
nuscenes,scene-1094_004,19,Bicycle,29.261,yaw_deg,0.0,6,6,100.0
nuscenes,scene-1094_004,0,personal_mobility,7.909,yaw_deg,0.5,37,36,97.297
nuscenes,scene-1094_004,1,Car,20.436,yaw_deg,0.5,27,26,96.296
nuscenes,scene-1094_004,5,Car,6.688,yaw_deg,0.5,367,367,100.0
nuscenes,scene-1094_004,6,Pedestrian,30.216,yaw_deg,0.5,5,3,60.0
nuscenes,scene-1094_004,9,Car,26.215,yaw_deg,0.5,6,5,83.333
nuscenes,scene-1094_004,12,Car,7.936,yaw_deg,0.5,11,9,81.818
nuscenes,scene-1094_004,13,Pedestrian,23.419,yaw_deg,0.5,6,6,100.0
nuscenes,scene-1094_004,15,Car,24.099,yaw_deg,0.5,5,5,100.0
nuscenes,scene-1094_004,16,Car,26.947,yaw_deg,0.5,68,68,100.0
nuscenes,scene-1094_004,19,Bicycle,29.261,yaw_deg,0.5,6,6,100.0
nuscenes,scene-1094_004,0,personal_mobility,7.909,yaw_deg,1.0,37,36,97.297
nuscenes,scene-1094_004,1,Car,20.436,yaw_deg,1.0,27,22,81.481
nuscenes,scene-1094_004,5,Car,6.688,yaw_deg,1.0,367,362,98.638
nuscenes,scene-1094_004,6,Pedestrian,30.216,yaw_deg,1.0,5,0,0.0
nuscenes,scene-1094_004,9,Car,26.215,yaw_deg,1.0,6,3,50.0
nuscenes,scene-1094_004,12,Car,7.936,yaw_deg,1.0,11,5,45.455
nuscenes,scene-1094_004,13,Pedestrian,23.419,yaw_deg,1.0,6,4,66.667
nuscenes,scene-1094_004,15,Car,24.099,yaw_deg,1.0,5,5,100.0
nuscenes,scene-1094_004,16,Car,26.947,yaw_deg,1.0,68,66,97.059
nuscenes,scene-1094_004,19,Bicycle,29.261,yaw_deg,1.0,6,5,83.333
nuscenes,scene-1094_004,0,personal_mobility,7.909,yaw_deg,2.0,37,36,97.297
nuscenes,scene-1094_004,1,Car,20.436,yaw_deg,2.0,27,21,77.778
nuscenes,scene-1094_004,5,Car,6.688,yaw_deg,2.0,367,347,94.55
nuscenes,scene-1094_004,6,Pedestrian,30.216,yaw_deg,2.0,5,0,0.0
nuscenes,scene-1094_004,9,Car,26.215,yaw_deg,2.0,6,1,16.667
nuscenes,scene-1094_004,12,Car,7.936,yaw_deg,2.0,11,0,0.0
nuscenes,scene-1094_004,13,Pedestrian,23.419,yaw_deg,2.0,6,0,0.0
nuscenes,scene-1094_004,15,Car,24.099,yaw_deg,2.0,5,5,100.0
nuscenes,scene-1094_004,16,Car,26.947,yaw_deg,2.0,68,63,92.647
nuscenes,scene-1094_004,19,Bicycle,29.261,yaw_deg,2.0,6,3,50.0
nuscenes,scene-1094_004,0,personal_mobility,7.909,yaw_deg,3.0,37,36,97.297
nuscenes,scene-1094_004,1,Car,20.436,yaw_deg,3.0,27,21,77.778
nuscenes,scene-1094_004,5,Car,6.688,yaw_deg,3.0,367,322,87.738
nuscenes,scene-1094_004,6,Pedestrian,30.216,yaw_deg,3.0,5,0,0.0
nuscenes,scene-1094_004,9,Car,26.215,yaw_deg,3.0,6,0,0.0
nuscenes,scene-1094_004,12,Car,7.936,yaw_deg,3.0,11,0,0.0
nuscenes,scene-1094_004,13,Pedestrian,23.419,yaw_deg,3.0,6,0,0.0
nuscenes,scene-1094_004,15,Car,24.099,yaw_deg,3.0,5,5,100.0
nuscenes,scene-1094_004,16,Car,26.947,yaw_deg,3.0,68,60,88.235
nuscenes,scene-1094_004,19,Bicycle,29.261,yaw_deg,3.0,6,1,16.667
nuscenes,scene-1094_004,0,personal_mobility,7.909,tx_m,0.02,37,37,100.0
nuscenes,scene-1094_004,1,Car,20.436,tx_m,0.02,27,27,100.0
nuscenes,scene-1094_004,5,Car,6.688,tx_m,0.02,367,367,100.0
nuscenes,scene-1094_004,6,Pedestrian,30.216,tx_m,0.02,5,5,100.0
nuscenes,scene-1094_004,9,Car,26.215,tx_m,0.02,6,6,100.0
nuscenes,scene-1094_004,12,Car,7.936,tx_m,0.02,11,9,81.818
nuscenes,scene-1094_004,13,Pedestrian,23.419,tx_m,0.02,6,6,100.0
nuscenes,scene-1094_004,15,Car,24.099,tx_m,0.02,5,5,100.0
nuscenes,scene-1094_004,16,Car,26.947,tx_m,0.02,68,68,100.0
nuscenes,scene-1094_004,19,Bicycle,29.261,tx_m,0.02,6,6,100.0
nuscenes,scene-1094_004,0,personal_mobility,7.909,tx_m,0.05,37,37,100.0
nuscenes,scene-1094_004,1,Car,20.436,tx_m,0.05,27,27,100.0
nuscenes,scene-1094_004,5,Car,6.688,tx_m,0.05,367,367,100.0
nuscenes,scene-1094_004,6,Pedestrian,30.216,tx_m,0.05,5,5,100.0
nuscenes,scene-1094_004,9,Car,26.215,tx_m,0.05,6,6,100.0
nuscenes,scene-1094_004,12,Car,7.936,tx_m,0.05,11,9,81.818
nuscenes,scene-1094_004,13,Pedestrian,23.419,tx_m,0.05,6,6,100.0
nuscenes,scene-1094_004,15,Car,24.099,tx_m,0.05,5,5,100.0
nuscenes,scene-1094_004,16,Car,26.947,tx_m,0.05,68,68,100.0
nuscenes,scene-1094_004,19,Bicycle,29.261,tx_m,0.05,6,6,100.0
nuscenes,scene-1094_004,0,personal_mobility,7.909,tx_m,0.1,37,37,100.0
nuscenes,scene-1094_004,1,Car,20.436,tx_m,0.1,27,27,100.0
nuscenes,scene-1094_004,5,Car,6.688,tx_m,0.1,367,367,100.0
nuscenes,scene-1094_004,6,Pedestrian,30.216,tx_m,0.1,5,5,100.0
nuscenes,scene-1094_004,9,Car,26.215,tx_m,0.1,6,6,100.0
nuscenes,scene-1094_004,12,Car,7.936,tx_m,0.1,11,6,54.545
nuscenes,scene-1094_004,13,Pedestrian,23.419,tx_m,0.1,6,6,100.0
nuscenes,scene-1094_004,15,Car,24.099,tx_m,0.1,5,5,100.0
nuscenes,scene-1094_004,16,Car,26.947,tx_m,0.1,68,68,100.0
nuscenes,scene-1094_004,19,Bicycle,29.261,tx_m,0.1,6,6,100.0
nuscenes,scene-1094_005,0,personal_mobility,7.168,yaw_deg,0.0,50,50,100.0
nuscenes,scene-1094_005,1,Car,19.752,yaw_deg,0.0,30,30,100.0
nuscenes,scene-1094_005,5,Car,6.664,yaw_deg,0.0,379,379,100.0
nuscenes,scene-1094_005,6,Pedestrian,29.419,yaw_deg,0.0,5,5,100.0
nuscenes,scene-1094_005,13,Pedestrian,23.063,yaw_deg,0.0,6,6,100.0
nuscenes,scene-1094_005,15,Car,23.491,yaw_deg,0.0,15,15,100.0
nuscenes,scene-1094_005,16,Car,26.231,yaw_deg,0.0,74,74,100.0
nuscenes,scene-1094_005,19,Bicycle,28.649,yaw_deg,0.0,6,6,100.0
nuscenes,scene-1094_005,0,personal_mobility,7.168,yaw_deg,0.5,50,45,90.0
nuscenes,scene-1094_005,1,Car,19.752,yaw_deg,0.5,30,30,100.0
nuscenes,scene-1094_005,5,Car,6.664,yaw_deg,0.5,379,377,99.472
nuscenes,scene-1094_005,6,Pedestrian,29.419,yaw_deg,0.5,5,3,60.0
nuscenes,scene-1094_005,13,Pedestrian,23.063,yaw_deg,0.5,6,6,100.0
nuscenes,scene-1094_005,15,Car,23.491,yaw_deg,0.5,15,15,100.0
nuscenes,scene-1094_005,16,Car,26.231,yaw_deg,0.5,74,74,100.0
nuscenes,scene-1094_005,19,Bicycle,28.649,yaw_deg,0.5,6,6,100.0
nuscenes,scene-1094_005,0,personal_mobility,7.168,yaw_deg,1.0,50,38,76.0
nuscenes,scene-1094_005,1,Car,19.752,yaw_deg,1.0,30,30,100.0
nuscenes,scene-1094_005,5,Car,6.664,yaw_deg,1.0,379,370,97.625
nuscenes,scene-1094_005,6,Pedestrian,29.419,yaw_deg,1.0,5,0,0.0
nuscenes,scene-1094_005,13,Pedestrian,23.063,yaw_deg,1.0,6,3,50.0
nuscenes,scene-1094_005,15,Car,23.491,yaw_deg,1.0,15,15,100.0
nuscenes,scene-1094_005,16,Car,26.231,yaw_deg,1.0,74,73,98.649
nuscenes,scene-1094_005,19,Bicycle,28.649,yaw_deg,1.0,6,5,83.333
nuscenes,scene-1094_005,0,personal_mobility,7.168,yaw_deg,2.0,50,20,40.0
nuscenes,scene-1094_005,1,Car,19.752,yaw_deg,2.0,30,30,100.0
nuscenes,scene-1094_005,5,Car,6.664,yaw_deg,2.0,379,352,92.876
nuscenes,scene-1094_005,6,Pedestrian,29.419,yaw_deg,2.0,5,0,0.0
nuscenes,scene-1094_005,13,Pedestrian,23.063,yaw_deg,2.0,6,0,0.0
nuscenes,scene-1094_005,15,Car,23.491,yaw_deg,2.0,15,15,100.0
nuscenes,scene-1094_005,16,Car,26.231,yaw_deg,2.0,74,70,94.595
nuscenes,scene-1094_005,19,Bicycle,28.649,yaw_deg,2.0,6,2,33.333
nuscenes,scene-1094_005,0,personal_mobility,7.168,yaw_deg,3.0,50,9,18.0
nuscenes,scene-1094_005,1,Car,19.752,yaw_deg,3.0,30,30,100.0
nuscenes,scene-1094_005,5,Car,6.664,yaw_deg,3.0,379,332,87.599
nuscenes,scene-1094_005,6,Pedestrian,29.419,yaw_deg,3.0,5,0,0.0
nuscenes,scene-1094_005,13,Pedestrian,23.063,yaw_deg,3.0,6,0,0.0
nuscenes,scene-1094_005,15,Car,23.491,yaw_deg,3.0,15,15,100.0
nuscenes,scene-1094_005,16,Car,26.231,yaw_deg,3.0,74,65,87.838
nuscenes,scene-1094_005,19,Bicycle,28.649,yaw_deg,3.0,6,0,0.0
nuscenes,scene-1094_005,0,personal_mobility,7.168,tx_m,0.02,50,50,100.0
nuscenes,scene-1094_005,1,Car,19.752,tx_m,0.02,30,30,100.0
nuscenes,scene-1094_005,5,Car,6.664,tx_m,0.02,379,379,100.0
nuscenes,scene-1094_005,6,Pedestrian,29.419,tx_m,0.02,5,5,100.0
nuscenes,scene-1094_005,13,Pedestrian,23.063,tx_m,0.02,6,6,100.0
nuscenes,scene-1094_005,15,Car,23.491,tx_m,0.02,15,15,100.0
nuscenes,scene-1094_005,16,Car,26.231,tx_m,0.02,74,74,100.0
nuscenes,scene-1094_005,19,Bicycle,28.649,tx_m,0.02,6,6,100.0
nuscenes,scene-1094_005,0,personal_mobility,7.168,tx_m,0.05,50,50,100.0
nuscenes,scene-1094_005,1,Car,19.752,tx_m,0.05,30,30,100.0
nuscenes,scene-1094_005,5,Car,6.664,tx_m,0.05,379,379,100.0
nuscenes,scene-1094_005,6,Pedestrian,29.419,tx_m,0.05,5,5,100.0
nuscenes,scene-1094_005,13,Pedestrian,23.063,tx_m,0.05,6,6,100.0
nuscenes,scene-1094_005,15,Car,23.491,tx_m,0.05,15,15,100.0
nuscenes,scene-1094_005,16,Car,26.231,tx_m,0.05,74,74,100.0
nuscenes,scene-1094_005,19,Bicycle,28.649,tx_m,0.05,6,6,100.0
nuscenes,scene-1094_005,0,personal_mobility,7.168,tx_m,0.1,50,50,100.0
nuscenes,scene-1094_005,1,Car,19.752,tx_m,0.1,30,30,100.0
nuscenes,scene-1094_005,5,Car,6.664,tx_m,0.1,379,379,100.0
nuscenes,scene-1094_005,6,Pedestrian,29.419,tx_m,0.1,5,5,100.0
nuscenes,scene-1094_005,13,Pedestrian,23.063,tx_m,0.1,6,6,100.0
nuscenes,scene-1094_005,15,Car,23.491,tx_m,0.1,15,15,100.0
nuscenes,scene-1094_005,16,Car,26.231,tx_m,0.1,74,74,100.0
nuscenes,scene-1094_005,19,Bicycle,28.649,tx_m,0.1,6,6,100.0
nuscenes,scene-1094_006,1,Car,18.826,yaw_deg,0.0,50,50,100.0
nuscenes,scene-1094_006,5,Car,6.506,yaw_deg,0.0,415,415,100.0
nuscenes,scene-1094_006,6,Pedestrian,28.251,yaw_deg,0.0,5,5,100.0
nuscenes,scene-1094_006,11,Pedestrian,23.57,yaw_deg,0.0,6,6,100.0
nuscenes,scene-1094_006,12,Pedestrian,22.34,yaw_deg,0.0,6,6,100.0
nuscenes,scene-1094_006,14,Car,22.452,yaw_deg,0.0,10,10,100.0
nuscenes,scene-1094_006,15,Car,25.167,yaw_deg,0.0,64,64,100.0
nuscenes,scene-1094_006,18,Bicycle,27.513,yaw_deg,0.0,11,11,100.0
nuscenes,scene-1094_006,1,Car,18.826,yaw_deg,0.5,50,50,100.0
nuscenes,scene-1094_006,5,Car,6.506,yaw_deg,0.5,415,413,99.518
nuscenes,scene-1094_006,6,Pedestrian,28.251,yaw_deg,0.5,5,3,60.0
nuscenes,scene-1094_006,11,Pedestrian,23.57,yaw_deg,0.5,6,6,100.0
nuscenes,scene-1094_006,12,Pedestrian,22.34,yaw_deg,0.5,6,6,100.0
nuscenes,scene-1094_006,14,Car,22.452,yaw_deg,0.5,10,10,100.0
nuscenes,scene-1094_006,15,Car,25.167,yaw_deg,0.5,64,64,100.0
nuscenes,scene-1094_006,18,Bicycle,27.513,yaw_deg,0.5,11,10,90.909
nuscenes,scene-1094_006,1,Car,18.826,yaw_deg,1.0,50,49,98.0
nuscenes,scene-1094_006,5,Car,6.506,yaw_deg,1.0,415,407,98.072
nuscenes,scene-1094_006,6,Pedestrian,28.251,yaw_deg,1.0,5,1,20.0
nuscenes,scene-1094_006,11,Pedestrian,23.57,yaw_deg,1.0,6,2,33.333
nuscenes,scene-1094_006,12,Pedestrian,22.34,yaw_deg,1.0,6,4,66.667
nuscenes,scene-1094_006,14,Car,22.452,yaw_deg,1.0,10,10,100.0
nuscenes,scene-1094_006,15,Car,25.167,yaw_deg,1.0,64,63,98.438
nuscenes,scene-1094_006,18,Bicycle,27.513,yaw_deg,1.0,11,9,81.818
nuscenes,scene-1094_006,1,Car,18.826,yaw_deg,2.0,50,43,86.0
nuscenes,scene-1094_006,5,Car,6.506,yaw_deg,2.0,415,391,94.217
nuscenes,scene-1094_006,6,Pedestrian,28.251,yaw_deg,2.0,5,0,0.0
nuscenes,scene-1094_006,11,Pedestrian,23.57,yaw_deg,2.0,6,0,0.0
nuscenes,scene-1094_006,12,Pedestrian,22.34,yaw_deg,2.0,6,0,0.0
nuscenes,scene-1094_006,14,Car,22.452,yaw_deg,2.0,10,10,100.0
nuscenes,scene-1094_006,15,Car,25.167,yaw_deg,2.0,64,61,95.312
nuscenes,scene-1094_006,18,Bicycle,27.513,yaw_deg,2.0,11,7,63.636
nuscenes,scene-1094_006,1,Car,18.826,yaw_deg,3.0,50,35,70.0
nuscenes,scene-1094_006,5,Car,6.506,yaw_deg,3.0,415,370,89.157
nuscenes,scene-1094_006,6,Pedestrian,28.251,yaw_deg,3.0,5,0,0.0
nuscenes,scene-1094_006,11,Pedestrian,23.57,yaw_deg,3.0,6,0,0.0
nuscenes,scene-1094_006,12,Pedestrian,22.34,yaw_deg,3.0,6,0,0.0
nuscenes,scene-1094_006,14,Car,22.452,yaw_deg,3.0,10,10,100.0
nuscenes,scene-1094_006,15,Car,25.167,yaw_deg,3.0,64,58,90.625
nuscenes,scene-1094_006,18,Bicycle,27.513,yaw_deg,3.0,11,3,27.273
nuscenes,scene-1094_006,1,Car,18.826,tx_m,0.02,50,50,100.0
nuscenes,scene-1094_006,5,Car,6.506,tx_m,0.02,415,415,100.0
nuscenes,scene-1094_006,6,Pedestrian,28.251,tx_m,0.02,5,5,100.0
nuscenes,scene-1094_006,11,Pedestrian,23.57,tx_m,0.02,6,6,100.0
nuscenes,scene-1094_006,12,Pedestrian,22.34,tx_m,0.02,6,6,100.0
nuscenes,scene-1094_006,14,Car,22.452,tx_m,0.02,10,10,100.0
nuscenes,scene-1094_006,15,Car,25.167,tx_m,0.02,64,64,100.0
nuscenes,scene-1094_006,18,Bicycle,27.513,tx_m,0.02,11,11,100.0
nuscenes,scene-1094_006,1,Car,18.826,tx_m,0.05,50,50,100.0
nuscenes,scene-1094_006,5,Car,6.506,tx_m,0.05,415,415,100.0
nuscenes,scene-1094_006,6,Pedestrian,28.251,tx_m,0.05,5,5,100.0
nuscenes,scene-1094_006,11,Pedestrian,23.57,tx_m,0.05,6,6,100.0
nuscenes,scene-1094_006,12,Pedestrian,22.34,tx_m,0.05,6,6,100.0
nuscenes,scene-1094_006,14,Car,22.452,tx_m,0.05,10,10,100.0
nuscenes,scene-1094_006,15,Car,25.167,tx_m,0.05,64,64,100.0
nuscenes,scene-1094_006,18,Bicycle,27.513,tx_m,0.05,11,11,100.0
nuscenes,scene-1094_006,1,Car,18.826,tx_m,0.1,50,50,100.0
nuscenes,scene-1094_006,5,Car,6.506,tx_m,0.1,415,415,100.0
nuscenes,scene-1094_006,6,Pedestrian,28.251,tx_m,0.1,5,5,100.0
nuscenes,scene-1094_006,11,Pedestrian,23.57,tx_m,0.1,6,6,100.0
nuscenes,scene-1094_006,12,Pedestrian,22.34,tx_m,0.1,6,6,100.0
nuscenes,scene-1094_006,14,Car,22.452,tx_m,0.1,10,10,100.0
nuscenes,scene-1094_006,15,Car,25.167,tx_m,0.1,64,64,100.0
nuscenes,scene-1094_006,18,Bicycle,27.513,tx_m,0.1,11,11,100.0
nuscenes,scene-1094_007,0,Car,17.604,yaw_deg,0.0,48,48,100.0
nuscenes,scene-1094_007,2,Pedestrian,24.086,yaw_deg,0.0,6,6,100.0
nuscenes,scene-1094_007,4,Car,6.268,yaw_deg,0.0,462,462,100.0
nuscenes,scene-1094_007,9,Car,29.263,yaw_deg,0.0,9,9,100.0
nuscenes,scene-1094_007,11,Pedestrian,21.583,yaw_deg,0.0,9,9,100.0
nuscenes,scene-1094_007,12,Car,21.046,yaw_deg,0.0,6,6,100.0
nuscenes,scene-1094_007,13,Car,24.048,yaw_deg,0.0,62,62,100.0
nuscenes,scene-1094_007,15,Pedestrian,20.919,yaw_deg,0.0,7,7,100.0
nuscenes,scene-1094_007,0,Car,17.604,yaw_deg,0.5,48,44,91.667
nuscenes,scene-1094_007,2,Pedestrian,24.086,yaw_deg,0.5,6,6,100.0
nuscenes,scene-1094_007,4,Car,6.268,yaw_deg,0.5,462,460,99.567
nuscenes,scene-1094_007,9,Car,29.263,yaw_deg,0.5,9,9,100.0
nuscenes,scene-1094_007,11,Pedestrian,21.583,yaw_deg,0.5,9,9,100.0
nuscenes,scene-1094_007,12,Car,21.046,yaw_deg,0.5,6,6,100.0
nuscenes,scene-1094_007,13,Car,24.048,yaw_deg,0.5,62,62,100.0
nuscenes,scene-1094_007,15,Pedestrian,20.919,yaw_deg,0.5,7,7,100.0
nuscenes,scene-1094_007,0,Car,17.604,yaw_deg,1.0,48,38,79.167
nuscenes,scene-1094_007,2,Pedestrian,24.086,yaw_deg,1.0,6,5,83.333
nuscenes,scene-1094_007,4,Car,6.268,yaw_deg,1.0,462,454,98.268
nuscenes,scene-1094_007,9,Car,29.263,yaw_deg,1.0,9,9,100.0
nuscenes,scene-1094_007,11,Pedestrian,21.583,yaw_deg,1.0,9,5,55.556
nuscenes,scene-1094_007,12,Car,21.046,yaw_deg,1.0,6,6,100.0
nuscenes,scene-1094_007,13,Car,24.048,yaw_deg,1.0,62,59,95.161
nuscenes,scene-1094_007,15,Pedestrian,20.919,yaw_deg,1.0,7,2,28.571
nuscenes,scene-1094_007,0,Car,17.604,yaw_deg,2.0,48,31,64.583
nuscenes,scene-1094_007,2,Pedestrian,24.086,yaw_deg,2.0,6,0,0.0
nuscenes,scene-1094_007,4,Car,6.268,yaw_deg,2.0,462,434,93.939
nuscenes,scene-1094_007,9,Car,29.263,yaw_deg,2.0,9,9,100.0
nuscenes,scene-1094_007,11,Pedestrian,21.583,yaw_deg,2.0,9,0,0.0
nuscenes,scene-1094_007,12,Car,21.046,yaw_deg,2.0,6,6,100.0
nuscenes,scene-1094_007,13,Car,24.048,yaw_deg,2.0,62,53,85.484
nuscenes,scene-1094_007,15,Pedestrian,20.919,yaw_deg,2.0,7,0,0.0
nuscenes,scene-1094_007,0,Car,17.604,yaw_deg,3.0,48,25,52.083
nuscenes,scene-1094_007,2,Pedestrian,24.086,yaw_deg,3.0,6,0,0.0
nuscenes,scene-1094_007,4,Car,6.268,yaw_deg,3.0,462,414,89.61
nuscenes,scene-1094_007,9,Car,29.263,yaw_deg,3.0,9,8,88.889
nuscenes,scene-1094_007,11,Pedestrian,21.583,yaw_deg,3.0,9,0,0.0
nuscenes,scene-1094_007,12,Car,21.046,yaw_deg,3.0,6,6,100.0
nuscenes,scene-1094_007,13,Car,24.048,yaw_deg,3.0,62,47,75.806
nuscenes,scene-1094_007,15,Pedestrian,20.919,yaw_deg,3.0,7,0,0.0
nuscenes,scene-1094_007,0,Car,17.604,tx_m,0.02,48,48,100.0
nuscenes,scene-1094_007,2,Pedestrian,24.086,tx_m,0.02,6,6,100.0
nuscenes,scene-1094_007,4,Car,6.268,tx_m,0.02,462,462,100.0
nuscenes,scene-1094_007,9,Car,29.263,tx_m,0.02,9,9,100.0
nuscenes,scene-1094_007,11,Pedestrian,21.583,tx_m,0.02,9,9,100.0
nuscenes,scene-1094_007,12,Car,21.046,tx_m,0.02,6,6,100.0
nuscenes,scene-1094_007,13,Car,24.048,tx_m,0.02,62,62,100.0
nuscenes,scene-1094_007,15,Pedestrian,20.919,tx_m,0.02,7,7,100.0
nuscenes,scene-1094_007,0,Car,17.604,tx_m,0.05,48,48,100.0
nuscenes,scene-1094_007,2,Pedestrian,24.086,tx_m,0.05,6,6,100.0
nuscenes,scene-1094_007,4,Car,6.268,tx_m,0.05,462,462,100.0
nuscenes,scene-1094_007,9,Car,29.263,tx_m,0.05,9,9,100.0
nuscenes,scene-1094_007,11,Pedestrian,21.583,tx_m,0.05,9,9,100.0
nuscenes,scene-1094_007,12,Car,21.046,tx_m,0.05,6,6,100.0
nuscenes,scene-1094_007,13,Car,24.048,tx_m,0.05,62,62,100.0
nuscenes,scene-1094_007,15,Pedestrian,20.919,tx_m,0.05,7,7,100.0
nuscenes,scene-1094_007,0,Car,17.604,tx_m,0.1,48,48,100.0
nuscenes,scene-1094_007,2,Pedestrian,24.086,tx_m,0.1,6,6,100.0
nuscenes,scene-1094_007,4,Car,6.268,tx_m,0.1,462,462,100.0
nuscenes,scene-1094_007,9,Car,29.263,tx_m,0.1,9,9,100.0
nuscenes,scene-1094_007,11,Pedestrian,21.583,tx_m,0.1,9,9,100.0
nuscenes,scene-1094_007,12,Car,21.046,tx_m,0.1,6,6,100.0
nuscenes,scene-1094_007,13,Car,24.048,tx_m,0.1,62,62,100.0
nuscenes,scene-1094_007,15,Pedestrian,20.919,tx_m,0.1,7,7,100.0
nuscenes,scene-1094_008,0,Car,16.124,yaw_deg,0.0,31,31,100.0
nuscenes,scene-1094_008,1,Pedestrian,20.147,yaw_deg,0.0,8,8,100.0
nuscenes,scene-1094_008,4,Car,5.953,yaw_deg,0.0,481,481,100.0
nuscenes,scene-1094_008,8,Car,28.509,yaw_deg,0.0,18,18,100.0
nuscenes,scene-1094_008,10,Pedestrian,20.518,yaw_deg,0.0,6,6,100.0
nuscenes,scene-1094_008,12,Car,22.798,yaw_deg,0.0,62,62,100.0
nuscenes,scene-1094_008,13,Pedestrian,11.929,yaw_deg,0.0,20,20,100.0
nuscenes,scene-1094_008,14,Pedestrian,20.111,yaw_deg,0.0,7,7,100.0
nuscenes,scene-1094_008,0,Car,16.124,yaw_deg,0.5,31,26,83.871
nuscenes,scene-1094_008,1,Pedestrian,20.147,yaw_deg,0.5,8,7,87.5
nuscenes,scene-1094_008,4,Car,5.953,yaw_deg,0.5,481,480,99.792
nuscenes,scene-1094_008,8,Car,28.509,yaw_deg,0.5,18,18,100.0
nuscenes,scene-1094_008,10,Pedestrian,20.518,yaw_deg,0.5,6,6,100.0
nuscenes,scene-1094_008,12,Car,22.798,yaw_deg,0.5,62,62,100.0
nuscenes,scene-1094_008,13,Pedestrian,11.929,yaw_deg,0.5,20,20,100.0
nuscenes,scene-1094_008,14,Pedestrian,20.111,yaw_deg,0.5,7,6,85.714
nuscenes,scene-1094_008,0,Car,16.124,yaw_deg,1.0,31,23,74.194
nuscenes,scene-1094_008,1,Pedestrian,20.147,yaw_deg,1.0,8,6,75.0
nuscenes,scene-1094_008,4,Car,5.953,yaw_deg,1.0,481,474,98.545
nuscenes,scene-1094_008,8,Car,28.509,yaw_deg,1.0,18,16,88.889
nuscenes,scene-1094_008,10,Pedestrian,20.518,yaw_deg,1.0,6,4,66.667
nuscenes,scene-1094_008,12,Car,22.798,yaw_deg,1.0,62,61,98.387
nuscenes,scene-1094_008,13,Pedestrian,11.929,yaw_deg,1.0,20,20,100.0
nuscenes,scene-1094_008,14,Pedestrian,20.111,yaw_deg,1.0,7,3,42.857
nuscenes,scene-1094_008,0,Car,16.124,yaw_deg,2.0,31,14,45.161
nuscenes,scene-1094_008,1,Pedestrian,20.147,yaw_deg,2.0,8,0,0.0
nuscenes,scene-1094_008,4,Car,5.953,yaw_deg,2.0,481,455,94.595
nuscenes,scene-1094_008,8,Car,28.509,yaw_deg,2.0,18,11,61.111
nuscenes,scene-1094_008,10,Pedestrian,20.518,yaw_deg,2.0,6,0,0.0
nuscenes,scene-1094_008,12,Car,22.798,yaw_deg,2.0,62,58,93.548
nuscenes,scene-1094_008,13,Pedestrian,11.929,yaw_deg,2.0,20,18,90.0
nuscenes,scene-1094_008,14,Pedestrian,20.111,yaw_deg,2.0,7,0,0.0
nuscenes,scene-1094_008,0,Car,16.124,yaw_deg,3.0,31,7,22.581
nuscenes,scene-1094_008,1,Pedestrian,20.147,yaw_deg,3.0,8,0,0.0
nuscenes,scene-1094_008,4,Car,5.953,yaw_deg,3.0,481,436,90.644
nuscenes,scene-1094_008,8,Car,28.509,yaw_deg,3.0,18,6,33.333
nuscenes,scene-1094_008,10,Pedestrian,20.518,yaw_deg,3.0,6,0,0.0
nuscenes,scene-1094_008,12,Car,22.798,yaw_deg,3.0,62,52,83.871
nuscenes,scene-1094_008,13,Pedestrian,11.929,yaw_deg,3.0,20,8,40.0
nuscenes,scene-1094_008,14,Pedestrian,20.111,yaw_deg,3.0,7,0,0.0
nuscenes,scene-1094_008,0,Car,16.124,tx_m,0.02,31,31,100.0
nuscenes,scene-1094_008,1,Pedestrian,20.147,tx_m,0.02,8,8,100.0
nuscenes,scene-1094_008,4,Car,5.953,tx_m,0.02,481,481,100.0
nuscenes,scene-1094_008,8,Car,28.509,tx_m,0.02,18,18,100.0
nuscenes,scene-1094_008,10,Pedestrian,20.518,tx_m,0.02,6,6,100.0
nuscenes,scene-1094_008,12,Car,22.798,tx_m,0.02,62,62,100.0
nuscenes,scene-1094_008,13,Pedestrian,11.929,tx_m,0.02,20,20,100.0
nuscenes,scene-1094_008,14,Pedestrian,20.111,tx_m,0.02,7,7,100.0
nuscenes,scene-1094_008,0,Car,16.124,tx_m,0.05,31,31,100.0
nuscenes,scene-1094_008,1,Pedestrian,20.147,tx_m,0.05,8,8,100.0
nuscenes,scene-1094_008,4,Car,5.953,tx_m,0.05,481,481,100.0
nuscenes,scene-1094_008,8,Car,28.509,tx_m,0.05,18,18,100.0
nuscenes,scene-1094_008,10,Pedestrian,20.518,tx_m,0.05,6,6,100.0
nuscenes,scene-1094_008,12,Car,22.798,tx_m,0.05,62,62,100.0
nuscenes,scene-1094_008,13,Pedestrian,11.929,tx_m,0.05,20,20,100.0
nuscenes,scene-1094_008,14,Pedestrian,20.111,tx_m,0.05,7,7,100.0
nuscenes,scene-1094_008,0,Car,16.124,tx_m,0.1,31,31,100.0
nuscenes,scene-1094_008,1,Pedestrian,20.147,tx_m,0.1,8,6,75.0
nuscenes,scene-1094_008,4,Car,5.953,tx_m,0.1,481,481,100.0
nuscenes,scene-1094_008,8,Car,28.509,tx_m,0.1,18,18,100.0
nuscenes,scene-1094_008,10,Pedestrian,20.518,tx_m,0.1,6,6,100.0
nuscenes,scene-1094_008,12,Car,22.798,tx_m,0.1,62,62,100.0
nuscenes,scene-1094_008,13,Pedestrian,11.929,tx_m,0.1,20,20,100.0
nuscenes,scene-1094_008,14,Pedestrian,20.111,tx_m,0.1,7,7,100.0
nuscenes,scene-1094_009,1,Pedestrian,19.225,yaw_deg,0.0,6,6,100.0
nuscenes,scene-1094_009,4,Car,5.699,yaw_deg,0.0,300,300,100.0
nuscenes,scene-1094_009,5,Pedestrian,23.776,yaw_deg,0.0,6,6,100.0
nuscenes,scene-1094_009,7,Pedestrian,25.066,yaw_deg,0.0,5,5,100.0
nuscenes,scene-1094_009,9,Car,27.337,yaw_deg,0.0,11,11,100.0
nuscenes,scene-1094_009,11,Pedestrian,19.21,yaw_deg,0.0,7,7,100.0
nuscenes,scene-1094_009,13,Car,21.673,yaw_deg,0.0,84,84,100.0
nuscenes,scene-1094_009,14,Pedestrian,11.046,yaw_deg,0.0,26,26,100.0
nuscenes,scene-1094_009,15,Pedestrian,19.327,yaw_deg,0.0,9,9,100.0
nuscenes,scene-1094_009,1,Pedestrian,19.225,yaw_deg,0.5,6,5,83.333
nuscenes,scene-1094_009,4,Car,5.699,yaw_deg,0.5,300,288,96.0
nuscenes,scene-1094_009,5,Pedestrian,23.776,yaw_deg,0.5,6,5,83.333
nuscenes,scene-1094_009,7,Pedestrian,25.066,yaw_deg,0.5,5,5,100.0
nuscenes,scene-1094_009,9,Car,27.337,yaw_deg,0.5,11,11,100.0
nuscenes,scene-1094_009,11,Pedestrian,19.21,yaw_deg,0.5,7,7,100.0
nuscenes,scene-1094_009,13,Car,21.673,yaw_deg,0.5,84,84,100.0
nuscenes,scene-1094_009,14,Pedestrian,11.046,yaw_deg,0.5,26,26,100.0
nuscenes,scene-1094_009,15,Pedestrian,19.327,yaw_deg,0.5,9,8,88.889
nuscenes,scene-1094_009,1,Pedestrian,19.225,yaw_deg,1.0,6,4,66.667
nuscenes,scene-1094_009,4,Car,5.699,yaw_deg,1.0,300,279,93.0
nuscenes,scene-1094_009,5,Pedestrian,23.776,yaw_deg,1.0,6,3,50.0
nuscenes,scene-1094_009,7,Pedestrian,25.066,yaw_deg,1.0,5,4,80.0
nuscenes,scene-1094_009,9,Car,27.337,yaw_deg,1.0,11,10,90.909
nuscenes,scene-1094_009,11,Pedestrian,19.21,yaw_deg,1.0,7,6,85.714
nuscenes,scene-1094_009,13,Car,21.673,yaw_deg,1.0,84,83,98.81
nuscenes,scene-1094_009,14,Pedestrian,11.046,yaw_deg,1.0,26,26,100.0
nuscenes,scene-1094_009,15,Pedestrian,19.327,yaw_deg,1.0,9,2,22.222
nuscenes,scene-1094_009,1,Pedestrian,19.225,yaw_deg,2.0,6,0,0.0
nuscenes,scene-1094_009,4,Car,5.699,yaw_deg,2.0,300,248,82.667
nuscenes,scene-1094_009,5,Pedestrian,23.776,yaw_deg,2.0,6,0,0.0
nuscenes,scene-1094_009,7,Pedestrian,25.066,yaw_deg,2.0,5,0,0.0
nuscenes,scene-1094_009,9,Car,27.337,yaw_deg,2.0,11,7,63.636
nuscenes,scene-1094_009,11,Pedestrian,19.21,yaw_deg,2.0,7,2,28.571
nuscenes,scene-1094_009,13,Car,21.673,yaw_deg,2.0,84,77,91.667
nuscenes,scene-1094_009,14,Pedestrian,11.046,yaw_deg,2.0,26,24,92.308
nuscenes,scene-1094_009,15,Pedestrian,19.327,yaw_deg,2.0,9,0,0.0
nuscenes,scene-1094_009,1,Pedestrian,19.225,yaw_deg,3.0,6,0,0.0
nuscenes,scene-1094_009,4,Car,5.699,yaw_deg,3.0,300,217,72.333
nuscenes,scene-1094_009,5,Pedestrian,23.776,yaw_deg,3.0,6,0,0.0
nuscenes,scene-1094_009,7,Pedestrian,25.066,yaw_deg,3.0,5,0,0.0
nuscenes,scene-1094_009,9,Car,27.337,yaw_deg,3.0,11,4,36.364
nuscenes,scene-1094_009,11,Pedestrian,19.21,yaw_deg,3.0,7,0,0.0
nuscenes,scene-1094_009,13,Car,21.673,yaw_deg,3.0,84,71,84.524
nuscenes,scene-1094_009,14,Pedestrian,11.046,yaw_deg,3.0,26,10,38.462
nuscenes,scene-1094_009,15,Pedestrian,19.327,yaw_deg,3.0,9,0,0.0
nuscenes,scene-1094_009,1,Pedestrian,19.225,tx_m,0.02,6,6,100.0
nuscenes,scene-1094_009,4,Car,5.699,tx_m,0.02,300,300,100.0
nuscenes,scene-1094_009,5,Pedestrian,23.776,tx_m,0.02,6,6,100.0
nuscenes,scene-1094_009,7,Pedestrian,25.066,tx_m,0.02,5,5,100.0
nuscenes,scene-1094_009,9,Car,27.337,tx_m,0.02,11,11,100.0
nuscenes,scene-1094_009,11,Pedestrian,19.21,tx_m,0.02,7,7,100.0
nuscenes,scene-1094_009,13,Car,21.673,tx_m,0.02,84,84,100.0
nuscenes,scene-1094_009,14,Pedestrian,11.046,tx_m,0.02,26,26,100.0
nuscenes,scene-1094_009,15,Pedestrian,19.327,tx_m,0.02,9,9,100.0
nuscenes,scene-1094_009,1,Pedestrian,19.225,tx_m,0.05,6,6,100.0
nuscenes,scene-1094_009,4,Car,5.699,tx_m,0.05,300,300,100.0
nuscenes,scene-1094_009,5,Pedestrian,23.776,tx_m,0.05,6,6,100.0
nuscenes,scene-1094_009,7,Pedestrian,25.066,tx_m,0.05,5,5,100.0
nuscenes,scene-1094_009,9,Car,27.337,tx_m,0.05,11,11,100.0
nuscenes,scene-1094_009,11,Pedestrian,19.21,tx_m,0.05,7,7,100.0
nuscenes,scene-1094_009,13,Car,21.673,tx_m,0.05,84,84,100.0
nuscenes,scene-1094_009,14,Pedestrian,11.046,tx_m,0.05,26,26,100.0
nuscenes,scene-1094_009,15,Pedestrian,19.327,tx_m,0.05,9,9,100.0
nuscenes,scene-1094_009,1,Pedestrian,19.225,tx_m,0.1,6,6,100.0
nuscenes,scene-1094_009,4,Car,5.699,tx_m,0.1,300,300,100.0
nuscenes,scene-1094_009,5,Pedestrian,23.776,tx_m,0.1,6,6,100.0
nuscenes,scene-1094_009,7,Pedestrian,25.066,tx_m,0.1,5,5,100.0
nuscenes,scene-1094_009,9,Car,27.337,tx_m,0.1,11,11,100.0
nuscenes,scene-1094_009,11,Pedestrian,19.21,tx_m,0.1,7,6,85.714
nuscenes,scene-1094_009,13,Car,21.673,tx_m,0.1,84,84,100.0
nuscenes,scene-1094_009,14,Pedestrian,11.046,tx_m,0.1,26,26,100.0
nuscenes,scene-1094_009,15,Pedestrian,19.327,tx_m,0.1,9,9,100.0
nuscenes,scene-1094_010,4,Car,6.101,yaw_deg,0.0,114,114,100.0
nuscenes,scene-1094_010,5,Pedestrian,18.706,yaw_deg,0.0,7,7,100.0
nuscenes,scene-1094_010,7,Pedestrian,27.734,yaw_deg,0.0,5,5,100.0
nuscenes,scene-1094_010,8,Car,26.036,yaw_deg,0.0,24,24,100.0
nuscenes,scene-1094_010,9,Pedestrian,17.836,yaw_deg,0.0,11,11,100.0
nuscenes,scene-1094_010,10,Car,18.147,yaw_deg,0.0,32,32,100.0
nuscenes,scene-1094_010,11,Car,20.539,yaw_deg,0.0,115,115,100.0
nuscenes,scene-1094_010,12,Pedestrian,10.221,yaw_deg,0.0,36,36,100.0
nuscenes,scene-1094_010,13,Pedestrian,18.589,yaw_deg,0.0,6,6,100.0
nuscenes,scene-1094_010,15,Bicycle,22.006,yaw_deg,0.0,5,5,100.0
nuscenes,scene-1094_010,4,Car,6.101,yaw_deg,0.5,114,102,89.474
nuscenes,scene-1094_010,5,Pedestrian,18.706,yaw_deg,0.5,7,7,100.0
nuscenes,scene-1094_010,7,Pedestrian,27.734,yaw_deg,0.5,5,5,100.0
nuscenes,scene-1094_010,8,Car,26.036,yaw_deg,0.5,24,24,100.0
nuscenes,scene-1094_010,9,Pedestrian,17.836,yaw_deg,0.5,11,11,100.0
nuscenes,scene-1094_010,10,Car,18.147,yaw_deg,0.5,32,32,100.0
nuscenes,scene-1094_010,11,Car,20.539,yaw_deg,0.5,115,115,100.0
nuscenes,scene-1094_010,12,Pedestrian,10.221,yaw_deg,0.5,36,36,100.0
nuscenes,scene-1094_010,13,Pedestrian,18.589,yaw_deg,0.5,6,6,100.0
nuscenes,scene-1094_010,15,Bicycle,22.006,yaw_deg,0.5,5,5,100.0
nuscenes,scene-1094_010,4,Car,6.101,yaw_deg,1.0,114,90,78.947
nuscenes,scene-1094_010,5,Pedestrian,18.706,yaw_deg,1.0,7,5,71.429
nuscenes,scene-1094_010,7,Pedestrian,27.734,yaw_deg,1.0,5,2,40.0
nuscenes,scene-1094_010,8,Car,26.036,yaw_deg,1.0,24,24,100.0
nuscenes,scene-1094_010,9,Pedestrian,17.836,yaw_deg,1.0,11,11,100.0
nuscenes,scene-1094_010,10,Car,18.147,yaw_deg,1.0,32,32,100.0
nuscenes,scene-1094_010,11,Car,20.539,yaw_deg,1.0,115,115,100.0
nuscenes,scene-1094_010,12,Pedestrian,10.221,yaw_deg,1.0,36,36,100.0
nuscenes,scene-1094_010,13,Pedestrian,18.589,yaw_deg,1.0,6,3,50.0
nuscenes,scene-1094_010,15,Bicycle,22.006,yaw_deg,1.0,5,5,100.0
nuscenes,scene-1094_010,4,Car,6.101,yaw_deg,2.0,114,66,57.895
nuscenes,scene-1094_010,5,Pedestrian,18.706,yaw_deg,2.0,7,0,0.0
nuscenes,scene-1094_010,7,Pedestrian,27.734,yaw_deg,2.0,5,0,0.0
nuscenes,scene-1094_010,8,Car,26.036,yaw_deg,2.0,24,22,91.667
nuscenes,scene-1094_010,9,Pedestrian,17.836,yaw_deg,2.0,11,4,36.364
nuscenes,scene-1094_010,10,Car,18.147,yaw_deg,2.0,32,32,100.0
nuscenes,scene-1094_010,11,Car,20.539,yaw_deg,2.0,115,110,95.652
nuscenes,scene-1094_010,12,Pedestrian,10.221,yaw_deg,2.0,36,33,91.667
nuscenes,scene-1094_010,13,Pedestrian,18.589,yaw_deg,2.0,6,0,0.0
nuscenes,scene-1094_010,15,Bicycle,22.006,yaw_deg,2.0,5,2,40.0
nuscenes,scene-1094_010,4,Car,6.101,yaw_deg,3.0,114,43,37.719
nuscenes,scene-1094_010,5,Pedestrian,18.706,yaw_deg,3.0,7,0,0.0
nuscenes,scene-1094_010,7,Pedestrian,27.734,yaw_deg,3.0,5,0,0.0
nuscenes,scene-1094_010,8,Car,26.036,yaw_deg,3.0,24,16,66.667
nuscenes,scene-1094_010,9,Pedestrian,17.836,yaw_deg,3.0,11,0,0.0
nuscenes,scene-1094_010,10,Car,18.147,yaw_deg,3.0,32,32,100.0
nuscenes,scene-1094_010,11,Car,20.539,yaw_deg,3.0,115,105,91.304
nuscenes,scene-1094_010,12,Pedestrian,10.221,yaw_deg,3.0,36,19,52.778
nuscenes,scene-1094_010,13,Pedestrian,18.589,yaw_deg,3.0,6,0,0.0
nuscenes,scene-1094_010,15,Bicycle,22.006,yaw_deg,3.0,5,2,40.0
nuscenes,scene-1094_010,4,Car,6.101,tx_m,0.02,114,114,100.0
nuscenes,scene-1094_010,5,Pedestrian,18.706,tx_m,0.02,7,7,100.0
nuscenes,scene-1094_010,7,Pedestrian,27.734,tx_m,0.02,5,5,100.0
nuscenes,scene-1094_010,8,Car,26.036,tx_m,0.02,24,24,100.0
nuscenes,scene-1094_010,9,Pedestrian,17.836,tx_m,0.02,11,11,100.0
nuscenes,scene-1094_010,10,Car,18.147,tx_m,0.02,32,32,100.0
nuscenes,scene-1094_010,11,Car,20.539,tx_m,0.02,115,115,100.0
nuscenes,scene-1094_010,12,Pedestrian,10.221,tx_m,0.02,36,36,100.0
nuscenes,scene-1094_010,13,Pedestrian,18.589,tx_m,0.02,6,6,100.0
nuscenes,scene-1094_010,15,Bicycle,22.006,tx_m,0.02,5,5,100.0
nuscenes,scene-1094_010,4,Car,6.101,tx_m,0.05,114,114,100.0
nuscenes,scene-1094_010,5,Pedestrian,18.706,tx_m,0.05,7,7,100.0
nuscenes,scene-1094_010,7,Pedestrian,27.734,tx_m,0.05,5,5,100.0
nuscenes,scene-1094_010,8,Car,26.036,tx_m,0.05,24,24,100.0
nuscenes,scene-1094_010,9,Pedestrian,17.836,tx_m,0.05,11,11,100.0
nuscenes,scene-1094_010,10,Car,18.147,tx_m,0.05,32,32,100.0
nuscenes,scene-1094_010,11,Car,20.539,tx_m,0.05,115,115,100.0
nuscenes,scene-1094_010,12,Pedestrian,10.221,tx_m,0.05,36,36,100.0
nuscenes,scene-1094_010,13,Pedestrian,18.589,tx_m,0.05,6,6,100.0
nuscenes,scene-1094_010,15,Bicycle,22.006,tx_m,0.05,5,5,100.0
nuscenes,scene-1094_010,4,Car,6.101,tx_m,0.1,114,113,99.123
nuscenes,scene-1094_010,5,Pedestrian,18.706,tx_m,0.1,7,7,100.0
nuscenes,scene-1094_010,7,Pedestrian,27.734,tx_m,0.1,5,5,100.0
nuscenes,scene-1094_010,8,Car,26.036,tx_m,0.1,24,24,100.0
nuscenes,scene-1094_010,9,Pedestrian,17.836,tx_m,0.1,11,11,100.0
nuscenes,scene-1094_010,10,Car,18.147,tx_m,0.1,32,32,100.0
nuscenes,scene-1094_010,11,Car,20.539,tx_m,0.1,115,115,100.0
nuscenes,scene-1094_010,12,Pedestrian,10.221,tx_m,0.1,36,36,100.0
nuscenes,scene-1094_010,13,Pedestrian,18.589,tx_m,0.1,6,6,100.0
nuscenes,scene-1094_010,15,Bicycle,22.006,tx_m,0.1,5,5,100.0
nuscenes,scene-1094_011,0,Car,13.899,yaw_deg,0.0,88,88,100.0
nuscenes,scene-1094_011,1,Pedestrian,17.78,yaw_deg,0.0,7,7,100.0
nuscenes,scene-1094_011,4,Car,6.714,yaw_deg,0.0,8,8,100.0
nuscenes,scene-1094_011,5,Pedestrian,17.869,yaw_deg,0.0,8,8,100.0
nuscenes,scene-1094_011,9,Car,24.803,yaw_deg,0.0,33,33,100.0
nuscenes,scene-1094_011,10,Car,17.556,yaw_deg,0.0,25,25,100.0
nuscenes,scene-1094_011,11,Car,19.939,yaw_deg,0.0,121,121,100.0
nuscenes,scene-1094_011,12,Pedestrian,9.321,yaw_deg,0.0,40,40,100.0
nuscenes,scene-1094_011,14,Bicycle,19.829,yaw_deg,0.0,6,6,100.0
nuscenes,scene-1094_011,0,Car,13.899,yaw_deg,0.5,88,84,95.455
nuscenes,scene-1094_011,1,Pedestrian,17.78,yaw_deg,0.5,7,5,71.429
nuscenes,scene-1094_011,4,Car,6.714,yaw_deg,0.5,8,1,12.5
nuscenes,scene-1094_011,5,Pedestrian,17.869,yaw_deg,0.5,8,8,100.0
nuscenes,scene-1094_011,9,Car,24.803,yaw_deg,0.5,33,33,100.0
nuscenes,scene-1094_011,10,Car,17.556,yaw_deg,0.5,25,25,100.0
nuscenes,scene-1094_011,11,Car,19.939,yaw_deg,0.5,121,121,100.0
nuscenes,scene-1094_011,12,Pedestrian,9.321,yaw_deg,0.5,40,40,100.0
nuscenes,scene-1094_011,14,Bicycle,19.829,yaw_deg,0.5,6,6,100.0
nuscenes,scene-1094_011,0,Car,13.899,yaw_deg,1.0,88,79,89.773
nuscenes,scene-1094_011,1,Pedestrian,17.78,yaw_deg,1.0,7,4,57.143
nuscenes,scene-1094_011,4,Car,6.714,yaw_deg,1.0,8,0,0.0
nuscenes,scene-1094_011,5,Pedestrian,17.869,yaw_deg,1.0,8,8,100.0
nuscenes,scene-1094_011,9,Car,24.803,yaw_deg,1.0,33,33,100.0
nuscenes,scene-1094_011,10,Car,17.556,yaw_deg,1.0,25,25,100.0
nuscenes,scene-1094_011,11,Car,19.939,yaw_deg,1.0,121,119,98.347
nuscenes,scene-1094_011,12,Pedestrian,9.321,yaw_deg,1.0,40,39,97.5
nuscenes,scene-1094_011,14,Bicycle,19.829,yaw_deg,1.0,6,4,66.667
nuscenes,scene-1094_011,0,Car,13.899,yaw_deg,2.0,88,68,77.273
nuscenes,scene-1094_011,1,Pedestrian,17.78,yaw_deg,2.0,7,0,0.0
nuscenes,scene-1094_011,4,Car,6.714,yaw_deg,2.0,8,0,0.0
nuscenes,scene-1094_011,5,Pedestrian,17.869,yaw_deg,2.0,8,0,0.0
nuscenes,scene-1094_011,9,Car,24.803,yaw_deg,2.0,33,29,87.879
nuscenes,scene-1094_011,10,Car,17.556,yaw_deg,2.0,25,25,100.0
nuscenes,scene-1094_011,11,Car,19.939,yaw_deg,2.0,121,114,94.215
nuscenes,scene-1094_011,12,Pedestrian,9.321,yaw_deg,2.0,40,32,80.0
nuscenes,scene-1094_011,14,Bicycle,19.829,yaw_deg,2.0,6,4,66.667
nuscenes,scene-1094_011,0,Car,13.899,yaw_deg,3.0,88,61,69.318
nuscenes,scene-1094_011,1,Pedestrian,17.78,yaw_deg,3.0,7,0,0.0
nuscenes,scene-1094_011,4,Car,6.714,yaw_deg,3.0,8,0,0.0
nuscenes,scene-1094_011,5,Pedestrian,17.869,yaw_deg,3.0,8,0,0.0
nuscenes,scene-1094_011,9,Car,24.803,yaw_deg,3.0,33,24,72.727
nuscenes,scene-1094_011,10,Car,17.556,yaw_deg,3.0,25,25,100.0
nuscenes,scene-1094_011,11,Car,19.939,yaw_deg,3.0,121,108,89.256
nuscenes,scene-1094_011,12,Pedestrian,9.321,yaw_deg,3.0,40,15,37.5
nuscenes,scene-1094_011,14,Bicycle,19.829,yaw_deg,3.0,6,2,33.333
nuscenes,scene-1094_011,0,Car,13.899,tx_m,0.02,88,88,100.0
nuscenes,scene-1094_011,1,Pedestrian,17.78,tx_m,0.02,7,7,100.0
nuscenes,scene-1094_011,4,Car,6.714,tx_m,0.02,8,8,100.0
nuscenes,scene-1094_011,5,Pedestrian,17.869,tx_m,0.02,8,8,100.0
nuscenes,scene-1094_011,9,Car,24.803,tx_m,0.02,33,33,100.0
nuscenes,scene-1094_011,10,Car,17.556,tx_m,0.02,25,25,100.0
nuscenes,scene-1094_011,11,Car,19.939,tx_m,0.02,121,121,100.0
nuscenes,scene-1094_011,12,Pedestrian,9.321,tx_m,0.02,40,40,100.0
nuscenes,scene-1094_011,14,Bicycle,19.829,tx_m,0.02,6,6,100.0
nuscenes,scene-1094_011,0,Car,13.899,tx_m,0.05,88,88,100.0
nuscenes,scene-1094_011,1,Pedestrian,17.78,tx_m,0.05,7,7,100.0
nuscenes,scene-1094_011,4,Car,6.714,tx_m,0.05,8,8,100.0
nuscenes,scene-1094_011,5,Pedestrian,17.869,tx_m,0.05,8,8,100.0
nuscenes,scene-1094_011,9,Car,24.803,tx_m,0.05,33,33,100.0
nuscenes,scene-1094_011,10,Car,17.556,tx_m,0.05,25,25,100.0
nuscenes,scene-1094_011,11,Car,19.939,tx_m,0.05,121,121,100.0
nuscenes,scene-1094_011,12,Pedestrian,9.321,tx_m,0.05,40,40,100.0
nuscenes,scene-1094_011,14,Bicycle,19.829,tx_m,0.05,6,6,100.0
nuscenes,scene-1094_011,0,Car,13.899,tx_m,0.1,88,88,100.0
nuscenes,scene-1094_011,1,Pedestrian,17.78,tx_m,0.1,7,7,100.0
nuscenes,scene-1094_011,4,Car,6.714,tx_m,0.1,8,8,100.0
nuscenes,scene-1094_011,5,Pedestrian,17.869,tx_m,0.1,8,8,100.0
nuscenes,scene-1094_011,9,Car,24.803,tx_m,0.1,33,33,100.0
nuscenes,scene-1094_011,10,Car,17.556,tx_m,0.1,25,25,100.0
nuscenes,scene-1094_011,11,Car,19.939,tx_m,0.1,121,121,100.0
nuscenes,scene-1094_011,12,Pedestrian,9.321,tx_m,0.1,40,40,100.0
nuscenes,scene-1094_011,14,Bicycle,19.829,tx_m,0.1,6,6,100.0
nuscenes,scene-1094_012,0,Car,13.816,yaw_deg,0.0,137,137,100.0
nuscenes,scene-1094_012,3,Pedestrian,16.34,yaw_deg,0.0,8,8,100.0
nuscenes,scene-1094_012,6,Car,7.621,yaw_deg,0.0,20,20,100.0
nuscenes,scene-1094_012,7,Pedestrian,16.676,yaw_deg,0.0,6,6,100.0
nuscenes,scene-1094_012,9,Car,21.768,yaw_deg,0.0,15,15,100.0
nuscenes,scene-1094_012,10,Car,22.82,yaw_deg,0.0,31,31,100.0
nuscenes,scene-1094_012,11,Car,16.892,yaw_deg,0.0,34,34,100.0
nuscenes,scene-1094_012,12,Car,19.414,yaw_deg,0.0,121,121,100.0
nuscenes,scene-1094_012,13,Pedestrian,7.991,yaw_deg,0.0,49,49,100.0
nuscenes,scene-1094_012,14,Pedestrian,16.162,yaw_deg,0.0,8,8,100.0
nuscenes,scene-1094_012,0,Car,13.816,yaw_deg,0.5,137,136,99.27
nuscenes,scene-1094_012,3,Pedestrian,16.34,yaw_deg,0.5,8,8,100.0
nuscenes,scene-1094_012,6,Car,7.621,yaw_deg,0.5,20,11,55.0
nuscenes,scene-1094_012,7,Pedestrian,16.676,yaw_deg,0.5,6,6,100.0
nuscenes,scene-1094_012,9,Car,21.768,yaw_deg,0.5,15,15,100.0
nuscenes,scene-1094_012,10,Car,22.82,yaw_deg,0.5,31,31,100.0
nuscenes,scene-1094_012,11,Car,16.892,yaw_deg,0.5,34,34,100.0
nuscenes,scene-1094_012,12,Car,19.414,yaw_deg,0.5,121,121,100.0
nuscenes,scene-1094_012,13,Pedestrian,7.991,yaw_deg,0.5,49,49,100.0
nuscenes,scene-1094_012,14,Pedestrian,16.162,yaw_deg,0.5,8,7,87.5
nuscenes,scene-1094_012,0,Car,13.816,yaw_deg,1.0,137,133,97.08
nuscenes,scene-1094_012,3,Pedestrian,16.34,yaw_deg,1.0,8,6,75.0
nuscenes,scene-1094_012,6,Car,7.621,yaw_deg,1.0,20,5,25.0
nuscenes,scene-1094_012,7,Pedestrian,16.676,yaw_deg,1.0,6,5,83.333
nuscenes,scene-1094_012,9,Car,21.768,yaw_deg,1.0,15,14,93.333
nuscenes,scene-1094_012,10,Car,22.82,yaw_deg,1.0,31,31,100.0
nuscenes,scene-1094_012,11,Car,16.892,yaw_deg,1.0,34,34,100.0
nuscenes,scene-1094_012,12,Car,19.414,yaw_deg,1.0,121,121,100.0
nuscenes,scene-1094_012,13,Pedestrian,7.991,yaw_deg,1.0,49,49,100.0
nuscenes,scene-1094_012,14,Pedestrian,16.162,yaw_deg,1.0,8,3,37.5
nuscenes,scene-1094_012,0,Car,13.816,yaw_deg,2.0,137,119,86.861
nuscenes,scene-1094_012,3,Pedestrian,16.34,yaw_deg,2.0,8,0,0.0
nuscenes,scene-1094_012,6,Car,7.621,yaw_deg,2.0,20,0,0.0
nuscenes,scene-1094_012,7,Pedestrian,16.676,yaw_deg,2.0,6,1,16.667
nuscenes,scene-1094_012,9,Car,21.768,yaw_deg,2.0,15,9,60.0
nuscenes,scene-1094_012,10,Car,22.82,yaw_deg,2.0,31,29,93.548
nuscenes,scene-1094_012,11,Car,16.892,yaw_deg,2.0,34,34,100.0
nuscenes,scene-1094_012,12,Car,19.414,yaw_deg,2.0,121,118,97.521
nuscenes,scene-1094_012,13,Pedestrian,7.991,yaw_deg,2.0,49,45,91.837
nuscenes,scene-1094_012,14,Pedestrian,16.162,yaw_deg,2.0,8,0,0.0
nuscenes,scene-1094_012,0,Car,13.816,yaw_deg,3.0,137,101,73.723
nuscenes,scene-1094_012,3,Pedestrian,16.34,yaw_deg,3.0,8,0,0.0
nuscenes,scene-1094_012,6,Car,7.621,yaw_deg,3.0,20,0,0.0
nuscenes,scene-1094_012,7,Pedestrian,16.676,yaw_deg,3.0,6,0,0.0
nuscenes,scene-1094_012,9,Car,21.768,yaw_deg,3.0,15,6,40.0
nuscenes,scene-1094_012,10,Car,22.82,yaw_deg,3.0,31,24,77.419
nuscenes,scene-1094_012,11,Car,16.892,yaw_deg,3.0,34,34,100.0
nuscenes,scene-1094_012,12,Car,19.414,yaw_deg,3.0,121,111,91.736
nuscenes,scene-1094_012,13,Pedestrian,7.991,yaw_deg,3.0,49,33,67.347
nuscenes,scene-1094_012,14,Pedestrian,16.162,yaw_deg,3.0,8,0,0.0
nuscenes,scene-1094_012,0,Car,13.816,tx_m,0.02,137,137,100.0
nuscenes,scene-1094_012,3,Pedestrian,16.34,tx_m,0.02,8,8,100.0
nuscenes,scene-1094_012,6,Car,7.621,tx_m,0.02,20,20,100.0
nuscenes,scene-1094_012,7,Pedestrian,16.676,tx_m,0.02,6,6,100.0
nuscenes,scene-1094_012,9,Car,21.768,tx_m,0.02,15,15,100.0
nuscenes,scene-1094_012,10,Car,22.82,tx_m,0.02,31,31,100.0
nuscenes,scene-1094_012,11,Car,16.892,tx_m,0.02,34,34,100.0
nuscenes,scene-1094_012,12,Car,19.414,tx_m,0.02,121,121,100.0
nuscenes,scene-1094_012,13,Pedestrian,7.991,tx_m,0.02,49,49,100.0
nuscenes,scene-1094_012,14,Pedestrian,16.162,tx_m,0.02,8,8,100.0
nuscenes,scene-1094_012,0,Car,13.816,tx_m,0.05,137,137,100.0
nuscenes,scene-1094_012,3,Pedestrian,16.34,tx_m,0.05,8,8,100.0
nuscenes,scene-1094_012,6,Car,7.621,tx_m,0.05,20,20,100.0
nuscenes,scene-1094_012,7,Pedestrian,16.676,tx_m,0.05,6,6,100.0
nuscenes,scene-1094_012,9,Car,21.768,tx_m,0.05,15,15,100.0
nuscenes,scene-1094_012,10,Car,22.82,tx_m,0.05,31,31,100.0
nuscenes,scene-1094_012,11,Car,16.892,tx_m,0.05,34,34,100.0
nuscenes,scene-1094_012,12,Car,19.414,tx_m,0.05,121,121,100.0
nuscenes,scene-1094_012,13,Pedestrian,7.991,tx_m,0.05,49,49,100.0
nuscenes,scene-1094_012,14,Pedestrian,16.162,tx_m,0.05,8,8,100.0
nuscenes,scene-1094_012,0,Car,13.816,tx_m,0.1,137,137,100.0
nuscenes,scene-1094_012,3,Pedestrian,16.34,tx_m,0.1,8,8,100.0
nuscenes,scene-1094_012,6,Car,7.621,tx_m,0.1,20,20,100.0
nuscenes,scene-1094_012,7,Pedestrian,16.676,tx_m,0.1,6,6,100.0
nuscenes,scene-1094_012,9,Car,21.768,tx_m,0.1,15,15,100.0
nuscenes,scene-1094_012,10,Car,22.82,tx_m,0.1,31,31,100.0
nuscenes,scene-1094_012,11,Car,16.892,tx_m,0.1,34,34,100.0
nuscenes,scene-1094_012,12,Car,19.414,tx_m,0.1,121,121,100.0
nuscenes,scene-1094_012,13,Pedestrian,7.991,tx_m,0.1,49,49,100.0
nuscenes,scene-1094_012,14,Pedestrian,16.162,tx_m,0.1,8,8,100.0
nuscenes,scene-1094_013,0,Car,12.677,yaw_deg,0.0,126,126,100.0
nuscenes,scene-1094_013,1,Car,26.03,yaw_deg,0.0,6,6,100.0
nuscenes,scene-1094_013,2,Car,32.057,yaw_deg,0.0,10,10,100.0
nuscenes,scene-1094_013,4,Car,36.277,yaw_deg,0.0,15,15,100.0
nuscenes,scene-1094_013,5,Car,8.746,yaw_deg,0.0,75,75,100.0
nuscenes,scene-1094_013,6,Pedestrian,14.314,yaw_deg,0.0,5,5,100.0
nuscenes,scene-1094_013,8,Car,22.296,yaw_deg,0.0,14,14,100.0
nuscenes,scene-1094_013,10,Car,20.319,yaw_deg,0.0,28,28,100.0
nuscenes,scene-1094_013,11,Car,15.977,yaw_deg,0.0,35,35,100.0
nuscenes,scene-1094_013,12,Car,18.022,yaw_deg,0.0,168,168,100.0
nuscenes,scene-1094_013,0,Car,12.677,yaw_deg,0.5,126,126,100.0
nuscenes,scene-1094_013,1,Car,26.03,yaw_deg,0.5,6,6,100.0
nuscenes,scene-1094_013,2,Car,32.057,yaw_deg,0.5,10,10,100.0
nuscenes,scene-1094_013,4,Car,36.277,yaw_deg,0.5,15,15,100.0
nuscenes,scene-1094_013,5,Car,8.746,yaw_deg,0.5,75,68,90.667
nuscenes,scene-1094_013,6,Pedestrian,14.314,yaw_deg,0.5,5,5,100.0
nuscenes,scene-1094_013,8,Car,22.296,yaw_deg,0.5,14,14,100.0
nuscenes,scene-1094_013,10,Car,20.319,yaw_deg,0.5,28,28,100.0
nuscenes,scene-1094_013,11,Car,15.977,yaw_deg,0.5,35,35,100.0
nuscenes,scene-1094_013,12,Car,18.022,yaw_deg,0.5,168,168,100.0
nuscenes,scene-1094_013,0,Car,12.677,yaw_deg,1.0,126,123,97.619
nuscenes,scene-1094_013,1,Car,26.03,yaw_deg,1.0,6,6,100.0
nuscenes,scene-1094_013,2,Car,32.057,yaw_deg,1.0,10,10,100.0
nuscenes,scene-1094_013,4,Car,36.277,yaw_deg,1.0,15,14,93.333
nuscenes,scene-1094_013,5,Car,8.746,yaw_deg,1.0,75,61,81.333
nuscenes,scene-1094_013,6,Pedestrian,14.314,yaw_deg,1.0,5,5,100.0
nuscenes,scene-1094_013,8,Car,22.296,yaw_deg,1.0,14,13,92.857
nuscenes,scene-1094_013,10,Car,20.319,yaw_deg,1.0,28,28,100.0
nuscenes,scene-1094_013,11,Car,15.977,yaw_deg,1.0,35,35,100.0
nuscenes,scene-1094_013,12,Car,18.022,yaw_deg,1.0,168,168,100.0
nuscenes,scene-1094_013,0,Car,12.677,yaw_deg,2.0,126,110,87.302
nuscenes,scene-1094_013,1,Car,26.03,yaw_deg,2.0,6,6,100.0
nuscenes,scene-1094_013,2,Car,32.057,yaw_deg,2.0,10,8,80.0
nuscenes,scene-1094_013,4,Car,36.277,yaw_deg,2.0,15,8,53.333
nuscenes,scene-1094_013,5,Car,8.746,yaw_deg,2.0,75,47,62.667
nuscenes,scene-1094_013,6,Pedestrian,14.314,yaw_deg,2.0,5,2,40.0
nuscenes,scene-1094_013,8,Car,22.296,yaw_deg,2.0,14,9,64.286
nuscenes,scene-1094_013,10,Car,20.319,yaw_deg,2.0,28,25,89.286
nuscenes,scene-1094_013,11,Car,15.977,yaw_deg,2.0,35,35,100.0
nuscenes,scene-1094_013,12,Car,18.022,yaw_deg,2.0,168,165,98.214
nuscenes,scene-1094_013,0,Car,12.677,yaw_deg,3.0,126,96,76.19
nuscenes,scene-1094_013,1,Car,26.03,yaw_deg,3.0,6,6,100.0
nuscenes,scene-1094_013,2,Car,32.057,yaw_deg,3.0,10,2,20.0
nuscenes,scene-1094_013,4,Car,36.277,yaw_deg,3.0,15,5,33.333
nuscenes,scene-1094_013,5,Car,8.746,yaw_deg,3.0,75,33,44.0
nuscenes,scene-1094_013,6,Pedestrian,14.314,yaw_deg,3.0,5,0,0.0
nuscenes,scene-1094_013,8,Car,22.296,yaw_deg,3.0,14,5,35.714
nuscenes,scene-1094_013,10,Car,20.319,yaw_deg,3.0,28,20,71.429
nuscenes,scene-1094_013,11,Car,15.977,yaw_deg,3.0,35,35,100.0
nuscenes,scene-1094_013,12,Car,18.022,yaw_deg,3.0,168,156,92.857
nuscenes,scene-1094_013,0,Car,12.677,tx_m,0.02,126,126,100.0
nuscenes,scene-1094_013,1,Car,26.03,tx_m,0.02,6,6,100.0
nuscenes,scene-1094_013,2,Car,32.057,tx_m,0.02,10,10,100.0
nuscenes,scene-1094_013,4,Car,36.277,tx_m,0.02,15,15,100.0
nuscenes,scene-1094_013,5,Car,8.746,tx_m,0.02,75,75,100.0
nuscenes,scene-1094_013,6,Pedestrian,14.314,tx_m,0.02,5,5,100.0
nuscenes,scene-1094_013,8,Car,22.296,tx_m,0.02,14,14,100.0
nuscenes,scene-1094_013,10,Car,20.319,tx_m,0.02,28,28,100.0
nuscenes,scene-1094_013,11,Car,15.977,tx_m,0.02,35,35,100.0
nuscenes,scene-1094_013,12,Car,18.022,tx_m,0.02,168,168,100.0
nuscenes,scene-1094_013,0,Car,12.677,tx_m,0.05,126,126,100.0
nuscenes,scene-1094_013,1,Car,26.03,tx_m,0.05,6,6,100.0
nuscenes,scene-1094_013,2,Car,32.057,tx_m,0.05,10,10,100.0
nuscenes,scene-1094_013,4,Car,36.277,tx_m,0.05,15,15,100.0
nuscenes,scene-1094_013,5,Car,8.746,tx_m,0.05,75,75,100.0
nuscenes,scene-1094_013,6,Pedestrian,14.314,tx_m,0.05,5,5,100.0
nuscenes,scene-1094_013,8,Car,22.296,tx_m,0.05,14,14,100.0
nuscenes,scene-1094_013,10,Car,20.319,tx_m,0.05,28,28,100.0
nuscenes,scene-1094_013,11,Car,15.977,tx_m,0.05,35,35,100.0
nuscenes,scene-1094_013,12,Car,18.022,tx_m,0.05,168,168,100.0
nuscenes,scene-1094_013,0,Car,12.677,tx_m,0.1,126,126,100.0
nuscenes,scene-1094_013,1,Car,26.03,tx_m,0.1,6,6,100.0
nuscenes,scene-1094_013,2,Car,32.057,tx_m,0.1,10,10,100.0
nuscenes,scene-1094_013,4,Car,36.277,tx_m,0.1,15,15,100.0
nuscenes,scene-1094_013,5,Car,8.746,tx_m,0.1,75,73,97.333
nuscenes,scene-1094_013,6,Pedestrian,14.314,tx_m,0.1,5,3,60.0
nuscenes,scene-1094_013,8,Car,22.296,tx_m,0.1,14,14,100.0
nuscenes,scene-1094_013,10,Car,20.319,tx_m,0.1,28,28,100.0
nuscenes,scene-1094_013,11,Car,15.977,tx_m,0.1,35,35,100.0
nuscenes,scene-1094_013,12,Car,18.022,tx_m,0.1,168,168,100.0
nuscenes,scene-1094_014,0,Car,11.106,yaw_deg,0.0,180,180,100.0
nuscenes,scene-1094_014,1,Car,26.099,yaw_deg,0.0,14,14,100.0
nuscenes,scene-1094_014,2,Car,32.179,yaw_deg,0.0,11,11,100.0
nuscenes,scene-1094_014,3,Car,37.404,yaw_deg,0.0,16,16,100.0
nuscenes,scene-1094_014,4,Car,10.639,yaw_deg,0.0,99,99,100.0
nuscenes,scene-1094_014,6,Car,21.154,yaw_deg,0.0,11,11,100.0
nuscenes,scene-1094_014,8,Car,14.021,yaw_deg,0.0,48,48,100.0
nuscenes,scene-1094_014,9,Car,15.28,yaw_deg,0.0,199,199,100.0
nuscenes,scene-1094_014,0,Car,11.106,yaw_deg,0.5,180,180,100.0
nuscenes,scene-1094_014,1,Car,26.099,yaw_deg,0.5,14,14,100.0
nuscenes,scene-1094_014,2,Car,32.179,yaw_deg,0.5,11,11,100.0
nuscenes,scene-1094_014,3,Car,37.404,yaw_deg,0.5,16,16,100.0
nuscenes,scene-1094_014,4,Car,10.639,yaw_deg,0.5,99,99,100.0
nuscenes,scene-1094_014,6,Car,21.154,yaw_deg,0.5,11,11,100.0
nuscenes,scene-1094_014,8,Car,14.021,yaw_deg,0.5,48,48,100.0
nuscenes,scene-1094_014,9,Car,15.28,yaw_deg,0.5,199,199,100.0
nuscenes,scene-1094_014,0,Car,11.106,yaw_deg,1.0,180,176,97.778
nuscenes,scene-1094_014,1,Car,26.099,yaw_deg,1.0,14,14,100.0
nuscenes,scene-1094_014,2,Car,32.179,yaw_deg,1.0,11,11,100.0
nuscenes,scene-1094_014,3,Car,37.404,yaw_deg,1.0,16,15,93.75
nuscenes,scene-1094_014,4,Car,10.639,yaw_deg,1.0,99,95,95.96
nuscenes,scene-1094_014,6,Car,21.154,yaw_deg,1.0,11,10,90.909
nuscenes,scene-1094_014,8,Car,14.021,yaw_deg,1.0,48,48,100.0
nuscenes,scene-1094_014,9,Car,15.28,yaw_deg,1.0,199,199,100.0
nuscenes,scene-1094_014,0,Car,11.106,yaw_deg,2.0,180,161,89.444
nuscenes,scene-1094_014,1,Car,26.099,yaw_deg,2.0,14,13,92.857
nuscenes,scene-1094_014,2,Car,32.179,yaw_deg,2.0,11,7,63.636
nuscenes,scene-1094_014,3,Car,37.404,yaw_deg,2.0,16,8,50.0
nuscenes,scene-1094_014,4,Car,10.639,yaw_deg,2.0,99,82,82.828
nuscenes,scene-1094_014,6,Car,21.154,yaw_deg,2.0,11,8,72.727
nuscenes,scene-1094_014,8,Car,14.021,yaw_deg,2.0,48,48,100.0
nuscenes,scene-1094_014,9,Car,15.28,yaw_deg,2.0,199,195,97.99
nuscenes,scene-1094_014,0,Car,11.106,yaw_deg,3.0,180,143,79.444
nuscenes,scene-1094_014,1,Car,26.099,yaw_deg,3.0,14,11,78.571
nuscenes,scene-1094_014,2,Car,32.179,yaw_deg,3.0,11,1,9.091
nuscenes,scene-1094_014,3,Car,37.404,yaw_deg,3.0,16,5,31.25
nuscenes,scene-1094_014,4,Car,10.639,yaw_deg,3.0,99,74,74.747
nuscenes,scene-1094_014,6,Car,21.154,yaw_deg,3.0,11,5,45.455
nuscenes,scene-1094_014,8,Car,14.021,yaw_deg,3.0,48,48,100.0
nuscenes,scene-1094_014,9,Car,15.28,yaw_deg,3.0,199,187,93.97
nuscenes,scene-1094_014,0,Car,11.106,tx_m,0.02,180,180,100.0
nuscenes,scene-1094_014,1,Car,26.099,tx_m,0.02,14,14,100.0
nuscenes,scene-1094_014,2,Car,32.179,tx_m,0.02,11,11,100.0
nuscenes,scene-1094_014,3,Car,37.404,tx_m,0.02,16,16,100.0
nuscenes,scene-1094_014,4,Car,10.639,tx_m,0.02,99,99,100.0
nuscenes,scene-1094_014,6,Car,21.154,tx_m,0.02,11,11,100.0
nuscenes,scene-1094_014,8,Car,14.021,tx_m,0.02,48,48,100.0
nuscenes,scene-1094_014,9,Car,15.28,tx_m,0.02,199,199,100.0
nuscenes,scene-1094_014,0,Car,11.106,tx_m,0.05,180,180,100.0
nuscenes,scene-1094_014,1,Car,26.099,tx_m,0.05,14,14,100.0
nuscenes,scene-1094_014,2,Car,32.179,tx_m,0.05,11,11,100.0
nuscenes,scene-1094_014,3,Car,37.404,tx_m,0.05,16,16,100.0
nuscenes,scene-1094_014,4,Car,10.639,tx_m,0.05,99,99,100.0
nuscenes,scene-1094_014,6,Car,21.154,tx_m,0.05,11,11,100.0
nuscenes,scene-1094_014,8,Car,14.021,tx_m,0.05,48,48,100.0
nuscenes,scene-1094_014,9,Car,15.28,tx_m,0.05,199,199,100.0
nuscenes,scene-1094_014,0,Car,11.106,tx_m,0.1,180,180,100.0
nuscenes,scene-1094_014,1,Car,26.099,tx_m,0.1,14,14,100.0
nuscenes,scene-1094_014,2,Car,32.179,tx_m,0.1,11,11,100.0
nuscenes,scene-1094_014,3,Car,37.404,tx_m,0.1,16,16,100.0
nuscenes,scene-1094_014,4,Car,10.639,tx_m,0.1,99,98,98.99
nuscenes,scene-1094_014,6,Car,21.154,tx_m,0.1,11,11,100.0
nuscenes,scene-1094_014,8,Car,14.021,tx_m,0.1,48,48,100.0
nuscenes,scene-1094_014,9,Car,15.28,tx_m,0.1,199,199,100.0
nuscenes,scene-1094_015,0,Car,8.559,yaw_deg,0.0,275,275,100.0
nuscenes,scene-1094_015,1,Car,24.22,yaw_deg,0.0,18,18,100.0
nuscenes,scene-1094_015,2,Car,29.86,yaw_deg,0.0,13,13,100.0
nuscenes,scene-1094_015,3,Car,35.733,yaw_deg,0.0,16,16,100.0
nuscenes,scene-1094_015,4,Car,12.532,yaw_deg,0.0,86,86,100.0
nuscenes,scene-1094_015,5,Car,19.25,yaw_deg,0.0,28,28,100.0
nuscenes,scene-1094_015,9,Car,14.556,yaw_deg,0.0,43,43,100.0
nuscenes,scene-1094_015,0,Car,8.559,yaw_deg,0.5,275,275,100.0
nuscenes,scene-1094_015,1,Car,24.22,yaw_deg,0.5,18,18,100.0
nuscenes,scene-1094_015,2,Car,29.86,yaw_deg,0.5,13,13,100.0
nuscenes,scene-1094_015,3,Car,35.733,yaw_deg,0.5,16,16,100.0
nuscenes,scene-1094_015,4,Car,12.532,yaw_deg,0.5,86,84,97.674
nuscenes,scene-1094_015,5,Car,19.25,yaw_deg,0.5,28,26,92.857
nuscenes,scene-1094_015,9,Car,14.556,yaw_deg,0.5,43,43,100.0
nuscenes,scene-1094_015,0,Car,8.559,yaw_deg,1.0,275,272,98.909
nuscenes,scene-1094_015,1,Car,24.22,yaw_deg,1.0,18,18,100.0
nuscenes,scene-1094_015,2,Car,29.86,yaw_deg,1.0,13,13,100.0
nuscenes,scene-1094_015,3,Car,35.733,yaw_deg,1.0,16,15,93.75
nuscenes,scene-1094_015,4,Car,12.532,yaw_deg,1.0,86,78,90.698
nuscenes,scene-1094_015,5,Car,19.25,yaw_deg,1.0,28,24,85.714
nuscenes,scene-1094_015,9,Car,14.556,yaw_deg,1.0,43,43,100.0
nuscenes,scene-1094_015,0,Car,8.559,yaw_deg,2.0,275,259,94.182
nuscenes,scene-1094_015,1,Car,24.22,yaw_deg,2.0,18,16,88.889
nuscenes,scene-1094_015,2,Car,29.86,yaw_deg,2.0,13,12,92.308
nuscenes,scene-1094_015,3,Car,35.733,yaw_deg,2.0,16,9,56.25
nuscenes,scene-1094_015,4,Car,12.532,yaw_deg,2.0,86,76,88.372
nuscenes,scene-1094_015,5,Car,19.25,yaw_deg,2.0,28,20,71.429
nuscenes,scene-1094_015,9,Car,14.556,yaw_deg,2.0,43,37,86.047
nuscenes,scene-1094_015,0,Car,8.559,yaw_deg,3.0,275,241,87.636
nuscenes,scene-1094_015,1,Car,24.22,yaw_deg,3.0,18,15,83.333
nuscenes,scene-1094_015,2,Car,29.86,yaw_deg,3.0,13,6,46.154
nuscenes,scene-1094_015,3,Car,35.733,yaw_deg,3.0,16,6,37.5
nuscenes,scene-1094_015,4,Car,12.532,yaw_deg,3.0,86,64,74.419
nuscenes,scene-1094_015,5,Car,19.25,yaw_deg,3.0,28,14,50.0
nuscenes,scene-1094_015,9,Car,14.556,yaw_deg,3.0,43,29,67.442
nuscenes,scene-1094_015,0,Car,8.559,tx_m,0.02,275,274,99.636
nuscenes,scene-1094_015,1,Car,24.22,tx_m,0.02,18,18,100.0
nuscenes,scene-1094_015,2,Car,29.86,tx_m,0.02,13,13,100.0
nuscenes,scene-1094_015,3,Car,35.733,tx_m,0.02,16,16,100.0
nuscenes,scene-1094_015,4,Car,12.532,tx_m,0.02,86,86,100.0
nuscenes,scene-1094_015,5,Car,19.25,tx_m,0.02,28,28,100.0
nuscenes,scene-1094_015,9,Car,14.556,tx_m,0.02,43,43,100.0
nuscenes,scene-1094_015,0,Car,8.559,tx_m,0.05,275,270,98.182
nuscenes,scene-1094_015,1,Car,24.22,tx_m,0.05,18,18,100.0
nuscenes,scene-1094_015,2,Car,29.86,tx_m,0.05,13,13,100.0
nuscenes,scene-1094_015,3,Car,35.733,tx_m,0.05,16,16,100.0
nuscenes,scene-1094_015,4,Car,12.532,tx_m,0.05,86,86,100.0
nuscenes,scene-1094_015,5,Car,19.25,tx_m,0.05,28,28,100.0
nuscenes,scene-1094_015,9,Car,14.556,tx_m,0.05,43,43,100.0
nuscenes,scene-1094_015,0,Car,8.559,tx_m,0.1,275,268,97.455
nuscenes,scene-1094_015,1,Car,24.22,tx_m,0.1,18,18,100.0
nuscenes,scene-1094_015,2,Car,29.86,tx_m,0.1,13,13,100.0
nuscenes,scene-1094_015,3,Car,35.733,tx_m,0.1,16,16,100.0
nuscenes,scene-1094_015,4,Car,12.532,tx_m,0.1,86,86,100.0
nuscenes,scene-1094_015,5,Car,19.25,tx_m,0.1,28,28,100.0
nuscenes,scene-1094_015,9,Car,14.556,tx_m,0.1,43,39,90.698
nuscenes,scene-1094_016,0,Car,9.031,yaw_deg,0.0,16,15,93.75
nuscenes,scene-1094_016,1,Car,21.343,yaw_deg,0.0,22,22,100.0
nuscenes,scene-1094_016,2,Car,24.727,yaw_deg,0.0,20,20,100.0
nuscenes,scene-1094_016,3,Car,32.785,yaw_deg,0.0,17,17,100.0
nuscenes,scene-1094_016,4,Car,13.986,yaw_deg,0.0,72,72,100.0
nuscenes,scene-1094_016,5,Car,14.313,yaw_deg,0.0,23,23,100.0
nuscenes,scene-1094_016,6,Car,29.402,yaw_deg,0.0,7,7,100.0
nuscenes,scene-1094_016,0,Car,9.031,yaw_deg,0.5,16,16,100.0
nuscenes,scene-1094_016,1,Car,21.343,yaw_deg,0.5,22,22,100.0
nuscenes,scene-1094_016,2,Car,24.727,yaw_deg,0.5,20,20,100.0
nuscenes,scene-1094_016,3,Car,32.785,yaw_deg,0.5,17,17,100.0
nuscenes,scene-1094_016,4,Car,13.986,yaw_deg,0.5,72,71,98.611
nuscenes,scene-1094_016,5,Car,14.313,yaw_deg,0.5,23,23,100.0
nuscenes,scene-1094_016,6,Car,29.402,yaw_deg,0.5,7,7,100.0
nuscenes,scene-1094_016,0,Car,9.031,yaw_deg,1.0,16,6,37.5
nuscenes,scene-1094_016,1,Car,21.343,yaw_deg,1.0,22,22,100.0
nuscenes,scene-1094_016,2,Car,24.727,yaw_deg,1.0,20,20,100.0
nuscenes,scene-1094_016,3,Car,32.785,yaw_deg,1.0,17,14,82.353
nuscenes,scene-1094_016,4,Car,13.986,yaw_deg,1.0,72,68,94.444
nuscenes,scene-1094_016,5,Car,14.313,yaw_deg,1.0,23,23,100.0
nuscenes,scene-1094_016,6,Car,29.402,yaw_deg,1.0,7,7,100.0
nuscenes,scene-1094_016,0,Car,9.031,yaw_deg,2.0,16,0,0.0
nuscenes,scene-1094_016,1,Car,21.343,yaw_deg,2.0,22,19,86.364
nuscenes,scene-1094_016,2,Car,24.727,yaw_deg,2.0,20,19,95.0
nuscenes,scene-1094_016,3,Car,32.785,yaw_deg,2.0,17,9,52.941
nuscenes,scene-1094_016,4,Car,13.986,yaw_deg,2.0,72,61,84.722
nuscenes,scene-1094_016,5,Car,14.313,yaw_deg,2.0,23,22,95.652
nuscenes,scene-1094_016,6,Car,29.402,yaw_deg,2.0,7,7,100.0
nuscenes,scene-1094_016,0,Car,9.031,yaw_deg,3.0,16,0,0.0
nuscenes,scene-1094_016,1,Car,21.343,yaw_deg,3.0,22,16,72.727
nuscenes,scene-1094_016,2,Car,24.727,yaw_deg,3.0,20,11,55.0
nuscenes,scene-1094_016,3,Car,32.785,yaw_deg,3.0,17,6,35.294
nuscenes,scene-1094_016,4,Car,13.986,yaw_deg,3.0,72,53,73.611
nuscenes,scene-1094_016,5,Car,14.313,yaw_deg,3.0,23,22,95.652
nuscenes,scene-1094_016,6,Car,29.402,yaw_deg,3.0,7,4,57.143
nuscenes,scene-1094_016,0,Car,9.031,tx_m,0.02,16,10,62.5
nuscenes,scene-1094_016,1,Car,21.343,tx_m,0.02,22,22,100.0
nuscenes,scene-1094_016,2,Car,24.727,tx_m,0.02,20,20,100.0
nuscenes,scene-1094_016,3,Car,32.785,tx_m,0.02,17,17,100.0
nuscenes,scene-1094_016,4,Car,13.986,tx_m,0.02,72,72,100.0
nuscenes,scene-1094_016,5,Car,14.313,tx_m,0.02,23,23,100.0
nuscenes,scene-1094_016,6,Car,29.402,tx_m,0.02,7,7,100.0
nuscenes,scene-1094_016,0,Car,9.031,tx_m,0.05,16,10,62.5
nuscenes,scene-1094_016,1,Car,21.343,tx_m,0.05,22,22,100.0
nuscenes,scene-1094_016,2,Car,24.727,tx_m,0.05,20,20,100.0
nuscenes,scene-1094_016,3,Car,32.785,tx_m,0.05,17,17,100.0
nuscenes,scene-1094_016,4,Car,13.986,tx_m,0.05,72,72,100.0
nuscenes,scene-1094_016,5,Car,14.313,tx_m,0.05,23,23,100.0
nuscenes,scene-1094_016,6,Car,29.402,tx_m,0.05,7,7,100.0
nuscenes,scene-1094_016,0,Car,9.031,tx_m,0.1,16,5,31.25
nuscenes,scene-1094_016,1,Car,21.343,tx_m,0.1,22,22,100.0
nuscenes,scene-1094_016,2,Car,24.727,tx_m,0.1,20,20,100.0
nuscenes,scene-1094_016,3,Car,32.785,tx_m,0.1,17,17,100.0
nuscenes,scene-1094_016,4,Car,13.986,tx_m,0.1,72,71,98.611
nuscenes,scene-1094_016,5,Car,14.313,tx_m,0.1,23,23,100.0
nuscenes,scene-1094_016,6,Car,29.402,tx_m,0.1,7,7,100.0
nuscenes,scene-1094_017,0,Car,18.287,yaw_deg,0.0,27,27,100.0
nuscenes,scene-1094_017,1,Car,21.574,yaw_deg,0.0,22,22,100.0
nuscenes,scene-1094_017,2,Car,28.545,yaw_deg,0.0,16,16,100.0
nuscenes,scene-1094_017,3,Car,15.191,yaw_deg,0.0,64,64,100.0
nuscenes,scene-1094_017,4,Car,13.909,yaw_deg,0.0,7,7,100.0
nuscenes,scene-1094_017,5,Car,26.145,yaw_deg,0.0,6,6,100.0
nuscenes,scene-1094_017,0,Car,18.287,yaw_deg,0.5,27,27,100.0
nuscenes,scene-1094_017,1,Car,21.574,yaw_deg,0.5,22,22,100.0
nuscenes,scene-1094_017,2,Car,28.545,yaw_deg,0.5,16,16,100.0
nuscenes,scene-1094_017,3,Car,15.191,yaw_deg,0.5,64,63,98.438
nuscenes,scene-1094_017,4,Car,13.909,yaw_deg,0.5,7,7,100.0
nuscenes,scene-1094_017,5,Car,26.145,yaw_deg,0.5,6,6,100.0
nuscenes,scene-1094_017,0,Car,18.287,yaw_deg,1.0,27,27,100.0
nuscenes,scene-1094_017,1,Car,21.574,yaw_deg,1.0,22,22,100.0
nuscenes,scene-1094_017,2,Car,28.545,yaw_deg,1.0,16,16,100.0
nuscenes,scene-1094_017,3,Car,15.191,yaw_deg,1.0,64,56,87.5
nuscenes,scene-1094_017,4,Car,13.909,yaw_deg,1.0,7,7,100.0
nuscenes,scene-1094_017,5,Car,26.145,yaw_deg,1.0,6,6,100.0
nuscenes,scene-1094_017,0,Car,18.287,yaw_deg,2.0,27,24,88.889
nuscenes,scene-1094_017,1,Car,21.574,yaw_deg,2.0,22,21,95.455
nuscenes,scene-1094_017,2,Car,28.545,yaw_deg,2.0,16,14,87.5
nuscenes,scene-1094_017,3,Car,15.191,yaw_deg,2.0,64,52,81.25
nuscenes,scene-1094_017,4,Car,13.909,yaw_deg,2.0,7,3,42.857
nuscenes,scene-1094_017,5,Car,26.145,yaw_deg,2.0,6,6,100.0
nuscenes,scene-1094_017,0,Car,18.287,yaw_deg,3.0,27,21,77.778
nuscenes,scene-1094_017,1,Car,21.574,yaw_deg,3.0,22,17,77.273
nuscenes,scene-1094_017,2,Car,28.545,yaw_deg,3.0,16,9,56.25
nuscenes,scene-1094_017,3,Car,15.191,yaw_deg,3.0,64,40,62.5
nuscenes,scene-1094_017,4,Car,13.909,yaw_deg,3.0,7,0,0.0
nuscenes,scene-1094_017,5,Car,26.145,yaw_deg,3.0,6,3,50.0
nuscenes,scene-1094_017,0,Car,18.287,tx_m,0.02,27,27,100.0
nuscenes,scene-1094_017,1,Car,21.574,tx_m,0.02,22,22,100.0
nuscenes,scene-1094_017,2,Car,28.545,tx_m,0.02,16,16,100.0
nuscenes,scene-1094_017,3,Car,15.191,tx_m,0.02,64,64,100.0
nuscenes,scene-1094_017,4,Car,13.909,tx_m,0.02,7,5,71.429
nuscenes,scene-1094_017,5,Car,26.145,tx_m,0.02,6,6,100.0
nuscenes,scene-1094_017,0,Car,18.287,tx_m,0.05,27,27,100.0
nuscenes,scene-1094_017,1,Car,21.574,tx_m,0.05,22,22,100.0
nuscenes,scene-1094_017,2,Car,28.545,tx_m,0.05,16,16,100.0
nuscenes,scene-1094_017,3,Car,15.191,tx_m,0.05,64,64,100.0
nuscenes,scene-1094_017,4,Car,13.909,tx_m,0.05,7,4,57.143
nuscenes,scene-1094_017,5,Car,26.145,tx_m,0.05,6,6,100.0
nuscenes,scene-1094_017,0,Car,18.287,tx_m,0.1,27,27,100.0
nuscenes,scene-1094_017,1,Car,21.574,tx_m,0.1,22,22,100.0
nuscenes,scene-1094_017,2,Car,28.545,tx_m,0.1,16,16,100.0
nuscenes,scene-1094_017,3,Car,15.191,tx_m,0.1,64,62,96.875
nuscenes,scene-1094_017,4,Car,13.909,tx_m,0.1,7,4,57.143
nuscenes,scene-1094_017,5,Car,26.145,tx_m,0.1,6,6,100.0
nuscenes,scene-1094_018,0,Car,15.783,yaw_deg,0.0,42,42,100.0
nuscenes,scene-1094_018,2,Car,26.131,yaw_deg,0.0,10,10,100.0
nuscenes,scene-1094_018,3,Car,16.169,yaw_deg,0.0,43,43,100.0
nuscenes,scene-1094_018,0,Car,15.783,yaw_deg,0.5,42,42,100.0
nuscenes,scene-1094_018,2,Car,26.131,yaw_deg,0.5,10,10,100.0
nuscenes,scene-1094_018,3,Car,16.169,yaw_deg,0.5,43,40,93.023
nuscenes,scene-1094_018,0,Car,15.783,yaw_deg,1.0,42,41,97.619
nuscenes,scene-1094_018,2,Car,26.131,yaw_deg,1.0,10,8,80.0
nuscenes,scene-1094_018,3,Car,16.169,yaw_deg,1.0,43,40,93.023
nuscenes,scene-1094_018,0,Car,15.783,yaw_deg,2.0,42,39,92.857
nuscenes,scene-1094_018,2,Car,26.131,yaw_deg,2.0,10,8,80.0
nuscenes,scene-1094_018,3,Car,16.169,yaw_deg,2.0,43,32,74.419
nuscenes,scene-1094_018,0,Car,15.783,yaw_deg,3.0,42,36,85.714
nuscenes,scene-1094_018,2,Car,26.131,yaw_deg,3.0,10,5,50.0
nuscenes,scene-1094_018,3,Car,16.169,yaw_deg,3.0,43,22,51.163
nuscenes,scene-1094_018,0,Car,15.783,tx_m,0.02,42,42,100.0
nuscenes,scene-1094_018,2,Car,26.131,tx_m,0.02,10,10,100.0
nuscenes,scene-1094_018,3,Car,16.169,tx_m,0.02,43,43,100.0
nuscenes,scene-1094_018,0,Car,15.783,tx_m,0.05,42,41,97.619
nuscenes,scene-1094_018,2,Car,26.131,tx_m,0.05,10,10,100.0
nuscenes,scene-1094_018,3,Car,16.169,tx_m,0.05,43,43,100.0
nuscenes,scene-1094_018,0,Car,15.783,tx_m,0.1,42,41,97.619
nuscenes,scene-1094_018,2,Car,26.131,tx_m,0.1,10,10,100.0
nuscenes,scene-1094_018,3,Car,16.169,tx_m,0.1,43,43,100.0
nuscenes,scene-1094_019,0,Car,14.786,yaw_deg,0.0,20,20,100.0
nuscenes,scene-1094_019,1,Car,22.286,yaw_deg,0.0,36,36,100.0
nuscenes,scene-1094_019,2,Car,17.145,yaw_deg,0.0,43,43,100.0
nuscenes,scene-1094_019,3,Car,19.994,yaw_deg,0.0,14,14,100.0
nuscenes,scene-1094_019,0,Car,14.786,yaw_deg,0.5,20,20,100.0
nuscenes,scene-1094_019,1,Car,22.286,yaw_deg,0.5,36,36,100.0
nuscenes,scene-1094_019,2,Car,17.145,yaw_deg,0.5,43,39,90.698
nuscenes,scene-1094_019,3,Car,19.994,yaw_deg,0.5,14,14,100.0
nuscenes,scene-1094_019,0,Car,14.786,yaw_deg,1.0,20,19,95.0
nuscenes,scene-1094_019,1,Car,22.286,yaw_deg,1.0,36,35,97.222
nuscenes,scene-1094_019,2,Car,17.145,yaw_deg,1.0,43,37,86.047
nuscenes,scene-1094_019,3,Car,19.994,yaw_deg,1.0,14,12,85.714
nuscenes,scene-1094_019,0,Car,14.786,yaw_deg,2.0,20,15,75.0
nuscenes,scene-1094_019,1,Car,22.286,yaw_deg,2.0,36,32,88.889
nuscenes,scene-1094_019,2,Car,17.145,yaw_deg,2.0,43,28,65.116
nuscenes,scene-1094_019,3,Car,19.994,yaw_deg,2.0,14,11,78.571
nuscenes,scene-1094_019,0,Car,14.786,yaw_deg,3.0,20,8,40.0
nuscenes,scene-1094_019,1,Car,22.286,yaw_deg,3.0,36,26,72.222
nuscenes,scene-1094_019,2,Car,17.145,yaw_deg,3.0,43,17,39.535
nuscenes,scene-1094_019,3,Car,19.994,yaw_deg,3.0,14,11,78.571
nuscenes,scene-1094_019,0,Car,14.786,tx_m,0.02,20,20,100.0
nuscenes,scene-1094_019,1,Car,22.286,tx_m,0.02,36,36,100.0
nuscenes,scene-1094_019,2,Car,17.145,tx_m,0.02,43,43,100.0
nuscenes,scene-1094_019,3,Car,19.994,tx_m,0.02,14,14,100.0
nuscenes,scene-1094_019,0,Car,14.786,tx_m,0.05,20,20,100.0
nuscenes,scene-1094_019,1,Car,22.286,tx_m,0.05,36,36,100.0
nuscenes,scene-1094_019,2,Car,17.145,tx_m,0.05,43,43,100.0
nuscenes,scene-1094_019,3,Car,19.994,tx_m,0.05,14,14,100.0
nuscenes,scene-1094_019,0,Car,14.786,tx_m,0.1,20,19,95.0
nuscenes,scene-1094_019,1,Car,22.286,tx_m,0.1,36,36,100.0
nuscenes,scene-1094_019,2,Car,17.145,tx_m,0.1,43,43,100.0
nuscenes,scene-1094_019,3,Car,19.994,tx_m,0.1,14,14,100.0
nuscenes,scene-1094_020,1,Car,20.088,yaw_deg,0.0,21,21,100.0
nuscenes,scene-1094_020,3,Car,18.002,yaw_deg,0.0,37,37,100.0
nuscenes,scene-1094_020,4,Car,17.031,yaw_deg,0.0,25,25,100.0
nuscenes,scene-1094_020,7,Motorcycle,22.314,yaw_deg,0.0,7,7,100.0
nuscenes,scene-1094_020,1,Car,20.088,yaw_deg,0.5,21,21,100.0
nuscenes,scene-1094_020,3,Car,18.002,yaw_deg,0.5,37,34,91.892
nuscenes,scene-1094_020,4,Car,17.031,yaw_deg,0.5,25,25,100.0
nuscenes,scene-1094_020,7,Motorcycle,22.314,yaw_deg,0.5,7,7,100.0
nuscenes,scene-1094_020,1,Car,20.088,yaw_deg,1.0,21,21,100.0
nuscenes,scene-1094_020,3,Car,18.002,yaw_deg,1.0,37,31,83.784
nuscenes,scene-1094_020,4,Car,17.031,yaw_deg,1.0,25,25,100.0
nuscenes,scene-1094_020,7,Motorcycle,22.314,yaw_deg,1.0,7,6,85.714
nuscenes,scene-1094_020,1,Car,20.088,yaw_deg,2.0,21,18,85.714
nuscenes,scene-1094_020,3,Car,18.002,yaw_deg,2.0,37,22,59.459
nuscenes,scene-1094_020,4,Car,17.031,yaw_deg,2.0,25,23,92.0
nuscenes,scene-1094_020,7,Motorcycle,22.314,yaw_deg,2.0,7,3,42.857
nuscenes,scene-1094_020,1,Car,20.088,yaw_deg,3.0,21,15,71.429
nuscenes,scene-1094_020,3,Car,18.002,yaw_deg,3.0,37,16,43.243
nuscenes,scene-1094_020,4,Car,17.031,yaw_deg,3.0,25,20,80.0
nuscenes,scene-1094_020,7,Motorcycle,22.314,yaw_deg,3.0,7,0,0.0
nuscenes,scene-1094_020,1,Car,20.088,tx_m,0.02,21,21,100.0
nuscenes,scene-1094_020,3,Car,18.002,tx_m,0.02,37,37,100.0
nuscenes,scene-1094_020,4,Car,17.031,tx_m,0.02,25,25,100.0
nuscenes,scene-1094_020,7,Motorcycle,22.314,tx_m,0.02,7,7,100.0
nuscenes,scene-1094_020,1,Car,20.088,tx_m,0.05,21,20,95.238
nuscenes,scene-1094_020,3,Car,18.002,tx_m,0.05,37,37,100.0
nuscenes,scene-1094_020,4,Car,17.031,tx_m,0.05,25,25,100.0
nuscenes,scene-1094_020,7,Motorcycle,22.314,tx_m,0.05,7,7,100.0
nuscenes,scene-1094_020,1,Car,20.088,tx_m,0.1,21,18,85.714
nuscenes,scene-1094_020,3,Car,18.002,tx_m,0.1,37,37,100.0
nuscenes,scene-1094_020,4,Car,17.031,tx_m,0.1,25,25,100.0
nuscenes,scene-1094_020,7,Motorcycle,22.314,tx_m,0.1,7,7,100.0
nuscenes,scene-1094_021,3,Car,18.924,yaw_deg,0.0,40,40,100.0
nuscenes,scene-1094_021,4,Car,15.788,yaw_deg,0.0,24,24,100.0
nuscenes,scene-1094_021,7,Motorcycle,15.143,yaw_deg,0.0,16,16,100.0
nuscenes,scene-1094_021,3,Car,18.924,yaw_deg,0.5,40,36,90.0
nuscenes,scene-1094_021,4,Car,15.788,yaw_deg,0.5,24,24,100.0
nuscenes,scene-1094_021,7,Motorcycle,15.143,yaw_deg,0.5,16,16,100.0
nuscenes,scene-1094_021,3,Car,18.924,yaw_deg,1.0,40,33,82.5
nuscenes,scene-1094_021,4,Car,15.788,yaw_deg,1.0,24,24,100.0
nuscenes,scene-1094_021,7,Motorcycle,15.143,yaw_deg,1.0,16,15,93.75
nuscenes,scene-1094_021,3,Car,18.924,yaw_deg,2.0,40,24,60.0
nuscenes,scene-1094_021,4,Car,15.788,yaw_deg,2.0,24,17,70.833
nuscenes,scene-1094_021,7,Motorcycle,15.143,yaw_deg,2.0,16,11,68.75
nuscenes,scene-1094_021,3,Car,18.924,yaw_deg,3.0,40,15,37.5
nuscenes,scene-1094_021,4,Car,15.788,yaw_deg,3.0,24,9,37.5
nuscenes,scene-1094_021,7,Motorcycle,15.143,yaw_deg,3.0,16,7,43.75
nuscenes,scene-1094_021,3,Car,18.924,tx_m,0.02,40,40,100.0
nuscenes,scene-1094_021,4,Car,15.788,tx_m,0.02,24,24,100.0
nuscenes,scene-1094_021,7,Motorcycle,15.143,tx_m,0.02,16,16,100.0
nuscenes,scene-1094_021,3,Car,18.924,tx_m,0.05,40,40,100.0
nuscenes,scene-1094_021,4,Car,15.788,tx_m,0.05,24,23,95.833
nuscenes,scene-1094_021,7,Motorcycle,15.143,tx_m,0.05,16,16,100.0
nuscenes,scene-1094_021,3,Car,18.924,tx_m,0.1,40,40,100.0
nuscenes,scene-1094_021,4,Car,15.788,tx_m,0.1,24,23,95.833
nuscenes,scene-1094_021,7,Motorcycle,15.143,tx_m,0.1,16,16,100.0
nuscenes,scene-1094_022,3,Car,19.791,yaw_deg,0.0,23,23,100.0
nuscenes,scene-1094_022,6,Pedestrian,24.854,yaw_deg,0.0,5,5,100.0
nuscenes,scene-1094_022,8,Car,17.074,yaw_deg,0.0,24,24,100.0
nuscenes,scene-1094_022,3,Car,19.791,yaw_deg,0.5,23,20,86.957
nuscenes,scene-1094_022,6,Pedestrian,24.854,yaw_deg,0.5,5,4,80.0
nuscenes,scene-1094_022,8,Car,17.074,yaw_deg,0.5,24,24,100.0
nuscenes,scene-1094_022,3,Car,19.791,yaw_deg,1.0,23,20,86.957
nuscenes,scene-1094_022,6,Pedestrian,24.854,yaw_deg,1.0,5,2,40.0
nuscenes,scene-1094_022,8,Car,17.074,yaw_deg,1.0,24,24,100.0
nuscenes,scene-1094_022,3,Car,19.791,yaw_deg,2.0,23,15,65.217
nuscenes,scene-1094_022,6,Pedestrian,24.854,yaw_deg,2.0,5,0,0.0
nuscenes,scene-1094_022,8,Car,17.074,yaw_deg,2.0,24,23,95.833
nuscenes,scene-1094_022,3,Car,19.791,yaw_deg,3.0,23,9,39.13
nuscenes,scene-1094_022,6,Pedestrian,24.854,yaw_deg,3.0,5,0,0.0
nuscenes,scene-1094_022,8,Car,17.074,yaw_deg,3.0,24,20,83.333
nuscenes,scene-1094_022,3,Car,19.791,tx_m,0.02,23,23,100.0
nuscenes,scene-1094_022,6,Pedestrian,24.854,tx_m,0.02,5,5,100.0
nuscenes,scene-1094_022,8,Car,17.074,tx_m,0.02,24,24,100.0
nuscenes,scene-1094_022,3,Car,19.791,tx_m,0.05,23,23,100.0
nuscenes,scene-1094_022,6,Pedestrian,24.854,tx_m,0.05,5,5,100.0
nuscenes,scene-1094_022,8,Car,17.074,tx_m,0.05,24,24,100.0
nuscenes,scene-1094_022,3,Car,19.791,tx_m,0.1,23,23,100.0
nuscenes,scene-1094_022,6,Pedestrian,24.854,tx_m,0.1,5,5,100.0
nuscenes,scene-1094_022,8,Car,17.074,tx_m,0.1,24,24,100.0
nuscenes,scene-1094_023,3,Car,20.737,yaw_deg,0.0,18,18,100.0
nuscenes,scene-1094_023,6,Pedestrian,19.901,yaw_deg,0.0,6,6,100.0
nuscenes,scene-1094_023,8,Car,14.871,yaw_deg,0.0,10,10,100.0
nuscenes,scene-1094_023,3,Car,20.737,yaw_deg,0.5,18,16,88.889
nuscenes,scene-1094_023,6,Pedestrian,19.901,yaw_deg,0.5,6,6,100.0
nuscenes,scene-1094_023,8,Car,14.871,yaw_deg,0.5,10,10,100.0
nuscenes,scene-1094_023,3,Car,20.737,yaw_deg,1.0,18,15,83.333
nuscenes,scene-1094_023,6,Pedestrian,19.901,yaw_deg,1.0,6,5,83.333
nuscenes,scene-1094_023,8,Car,14.871,yaw_deg,1.0,10,10,100.0
nuscenes,scene-1094_023,3,Car,20.737,yaw_deg,2.0,18,10,55.556
nuscenes,scene-1094_023,6,Pedestrian,19.901,yaw_deg,2.0,6,0,0.0
nuscenes,scene-1094_023,8,Car,14.871,yaw_deg,2.0,10,5,50.0
nuscenes,scene-1094_023,3,Car,20.737,yaw_deg,3.0,18,7,38.889
nuscenes,scene-1094_023,6,Pedestrian,19.901,yaw_deg,3.0,6,0,0.0
nuscenes,scene-1094_023,8,Car,14.871,yaw_deg,3.0,10,0,0.0
nuscenes,scene-1094_023,3,Car,20.737,tx_m,0.02,18,18,100.0
nuscenes,scene-1094_023,6,Pedestrian,19.901,tx_m,0.02,6,6,100.0
nuscenes,scene-1094_023,8,Car,14.871,tx_m,0.02,10,10,100.0
nuscenes,scene-1094_023,3,Car,20.737,tx_m,0.05,18,18,100.0
nuscenes,scene-1094_023,6,Pedestrian,19.901,tx_m,0.05,6,6,100.0
nuscenes,scene-1094_023,8,Car,14.871,tx_m,0.05,10,10,100.0
nuscenes,scene-1094_023,3,Car,20.737,tx_m,0.1,18,18,100.0
nuscenes,scene-1094_023,6,Pedestrian,19.901,tx_m,0.1,6,6,100.0
nuscenes,scene-1094_023,8,Car,14.871,tx_m,0.1,10,7,70.0
nuscenes,scene-1094_024,3,Car,21.549,yaw_deg,0.0,30,30,100.0
nuscenes,scene-1094_024,6,Pedestrian,15.118,yaw_deg,0.0,15,15,100.0
nuscenes,scene-1094_024,3,Car,21.549,yaw_deg,0.5,30,29,96.667
nuscenes,scene-1094_024,6,Pedestrian,15.118,yaw_deg,0.5,15,14,93.333
nuscenes,scene-1094_024,3,Car,21.549,yaw_deg,1.0,30,26,86.667
nuscenes,scene-1094_024,6,Pedestrian,15.118,yaw_deg,1.0,15,12,80.0
nuscenes,scene-1094_024,3,Car,21.549,yaw_deg,2.0,30,18,60.0
nuscenes,scene-1094_024,6,Pedestrian,15.118,yaw_deg,2.0,15,4,26.667
nuscenes,scene-1094_024,3,Car,21.549,yaw_deg,3.0,30,10,33.333
nuscenes,scene-1094_024,6,Pedestrian,15.118,yaw_deg,3.0,15,0,0.0
nuscenes,scene-1094_024,3,Car,21.549,tx_m,0.02,30,30,100.0
nuscenes,scene-1094_024,6,Pedestrian,15.118,tx_m,0.02,15,15,100.0
nuscenes,scene-1094_024,3,Car,21.549,tx_m,0.05,30,30,100.0
nuscenes,scene-1094_024,6,Pedestrian,15.118,tx_m,0.05,15,14,93.333
nuscenes,scene-1094_024,3,Car,21.549,tx_m,0.1,30,30,100.0
nuscenes,scene-1094_024,6,Pedestrian,15.118,tx_m,0.1,15,14,93.333
nuscenes,scene-1094_025,0,Pedestrian,28.951,yaw_deg,0.0,6,6,100.0
nuscenes,scene-1094_025,4,Car,22.359,yaw_deg,0.0,42,42,100.0
nuscenes,scene-1094_025,7,Pedestrian,10.203,yaw_deg,0.0,19,19,100.0
nuscenes,scene-1094_025,0,Pedestrian,28.951,yaw_deg,0.5,6,5,83.333
nuscenes,scene-1094_025,4,Car,22.359,yaw_deg,0.5,42,39,92.857
nuscenes,scene-1094_025,7,Pedestrian,10.203,yaw_deg,0.5,19,19,100.0
nuscenes,scene-1094_025,0,Pedestrian,28.951,yaw_deg,1.0,6,3,50.0
nuscenes,scene-1094_025,4,Car,22.359,yaw_deg,1.0,42,36,85.714
nuscenes,scene-1094_025,7,Pedestrian,10.203,yaw_deg,1.0,19,18,94.737
nuscenes,scene-1094_025,0,Pedestrian,28.951,yaw_deg,2.0,6,0,0.0
nuscenes,scene-1094_025,4,Car,22.359,yaw_deg,2.0,42,25,59.524
nuscenes,scene-1094_025,7,Pedestrian,10.203,yaw_deg,2.0,19,11,57.895
nuscenes,scene-1094_025,0,Pedestrian,28.951,yaw_deg,3.0,6,0,0.0
nuscenes,scene-1094_025,4,Car,22.359,yaw_deg,3.0,42,13,30.952
nuscenes,scene-1094_025,7,Pedestrian,10.203,yaw_deg,3.0,19,2,10.526
nuscenes,scene-1094_025,0,Pedestrian,28.951,tx_m,0.02,6,6,100.0
nuscenes,scene-1094_025,4,Car,22.359,tx_m,0.02,42,42,100.0
nuscenes,scene-1094_025,7,Pedestrian,10.203,tx_m,0.02,19,19,100.0
nuscenes,scene-1094_025,0,Pedestrian,28.951,tx_m,0.05,6,6,100.0
nuscenes,scene-1094_025,4,Car,22.359,tx_m,0.05,42,41,97.619
nuscenes,scene-1094_025,7,Pedestrian,10.203,tx_m,0.05,19,19,100.0
nuscenes,scene-1094_025,0,Pedestrian,28.951,tx_m,0.1,6,6,100.0
nuscenes,scene-1094_025,4,Car,22.359,tx_m,0.1,42,41,97.619
nuscenes,scene-1094_025,7,Pedestrian,10.203,tx_m,0.1,19,19,100.0
nuscenes,scene-1094_026,0,Pedestrian,25.019,yaw_deg,0.0,5,5,100.0
nuscenes,scene-1094_026,4,Car,22.986,yaw_deg,0.0,30,30,100.0
nuscenes,scene-1094_026,5,Pedestrian,17.683,yaw_deg,0.0,5,5,100.0
nuscenes,scene-1094_026,6,Car,38.422,yaw_deg,0.0,6,6,100.0
nuscenes,scene-1094_026,7,Pedestrian,18.123,yaw_deg,0.0,6,6,100.0
nuscenes,scene-1094_026,0,Pedestrian,25.019,yaw_deg,0.5,5,5,100.0
nuscenes,scene-1094_026,4,Car,22.986,yaw_deg,0.5,30,28,93.333
nuscenes,scene-1094_026,5,Pedestrian,17.683,yaw_deg,0.5,5,5,100.0
nuscenes,scene-1094_026,6,Car,38.422,yaw_deg,0.5,6,5,83.333
nuscenes,scene-1094_026,7,Pedestrian,18.123,yaw_deg,0.5,6,6,100.0
nuscenes,scene-1094_026,0,Pedestrian,25.019,yaw_deg,1.0,5,2,40.0
nuscenes,scene-1094_026,4,Car,22.986,yaw_deg,1.0,30,27,90.0
nuscenes,scene-1094_026,5,Pedestrian,17.683,yaw_deg,1.0,5,5,100.0
nuscenes,scene-1094_026,6,Car,38.422,yaw_deg,1.0,6,5,83.333
nuscenes,scene-1094_026,7,Pedestrian,18.123,yaw_deg,1.0,6,5,83.333
nuscenes,scene-1094_026,0,Pedestrian,25.019,yaw_deg,2.0,5,0,0.0
nuscenes,scene-1094_026,4,Car,22.986,yaw_deg,2.0,30,20,66.667
nuscenes,scene-1094_026,5,Pedestrian,17.683,yaw_deg,2.0,5,0,0.0
nuscenes,scene-1094_026,6,Car,38.422,yaw_deg,2.0,6,4,66.667
nuscenes,scene-1094_026,7,Pedestrian,18.123,yaw_deg,2.0,6,0,0.0
nuscenes,scene-1094_026,0,Pedestrian,25.019,yaw_deg,3.0,5,0,0.0
nuscenes,scene-1094_026,4,Car,22.986,yaw_deg,3.0,30,11,36.667
nuscenes,scene-1094_026,5,Pedestrian,17.683,yaw_deg,3.0,5,0,0.0
nuscenes,scene-1094_026,6,Car,38.422,yaw_deg,3.0,6,1,16.667
nuscenes,scene-1094_026,7,Pedestrian,18.123,yaw_deg,3.0,6,0,0.0
nuscenes,scene-1094_026,0,Pedestrian,25.019,tx_m,0.02,5,5,100.0
nuscenes,scene-1094_026,4,Car,22.986,tx_m,0.02,30,30,100.0
nuscenes,scene-1094_026,5,Pedestrian,17.683,tx_m,0.02,5,5,100.0
nuscenes,scene-1094_026,6,Car,38.422,tx_m,0.02,6,6,100.0
nuscenes,scene-1094_026,7,Pedestrian,18.123,tx_m,0.02,6,6,100.0
nuscenes,scene-1094_026,0,Pedestrian,25.019,tx_m,0.05,5,5,100.0
nuscenes,scene-1094_026,4,Car,22.986,tx_m,0.05,30,30,100.0
nuscenes,scene-1094_026,5,Pedestrian,17.683,tx_m,0.05,5,5,100.0
nuscenes,scene-1094_026,6,Car,38.422,tx_m,0.05,6,6,100.0
nuscenes,scene-1094_026,7,Pedestrian,18.123,tx_m,0.05,6,6,100.0
nuscenes,scene-1094_026,0,Pedestrian,25.019,tx_m,0.1,5,5,100.0
nuscenes,scene-1094_026,4,Car,22.986,tx_m,0.1,30,30,100.0
nuscenes,scene-1094_026,5,Pedestrian,17.683,tx_m,0.1,5,5,100.0
nuscenes,scene-1094_026,6,Car,38.422,tx_m,0.1,6,6,100.0
nuscenes,scene-1094_026,7,Pedestrian,18.123,tx_m,0.1,6,6,100.0
nuscenes,scene-1094_027,0,Pedestrian,21.007,yaw_deg,0.0,6,6,100.0
nuscenes,scene-1094_027,4,Car,23.754,yaw_deg,0.0,29,29,100.0
nuscenes,scene-1094_027,6,Pedestrian,12.591,yaw_deg,0.0,13,13,100.0
nuscenes,scene-1094_027,7,Car,30.547,yaw_deg,0.0,5,5,100.0
nuscenes,scene-1094_027,8,Pedestrian,12.966,yaw_deg,0.0,22,22,100.0
nuscenes,scene-1094_027,0,Pedestrian,21.007,yaw_deg,0.5,6,6,100.0
nuscenes,scene-1094_027,4,Car,23.754,yaw_deg,0.5,29,27,93.103
nuscenes,scene-1094_027,6,Pedestrian,12.591,yaw_deg,0.5,13,13,100.0
nuscenes,scene-1094_027,7,Car,30.547,yaw_deg,0.5,5,5,100.0
nuscenes,scene-1094_027,8,Pedestrian,12.966,yaw_deg,0.5,22,22,100.0
nuscenes,scene-1094_027,0,Pedestrian,21.007,yaw_deg,1.0,6,3,50.0
nuscenes,scene-1094_027,4,Car,23.754,yaw_deg,1.0,29,25,86.207
nuscenes,scene-1094_027,6,Pedestrian,12.591,yaw_deg,1.0,13,13,100.0
nuscenes,scene-1094_027,7,Car,30.547,yaw_deg,1.0,5,4,80.0
nuscenes,scene-1094_027,8,Pedestrian,12.966,yaw_deg,1.0,22,20,90.909
nuscenes,scene-1094_027,0,Pedestrian,21.007,yaw_deg,2.0,6,0,0.0
nuscenes,scene-1094_027,4,Car,23.754,yaw_deg,2.0,29,17,58.621
nuscenes,scene-1094_027,6,Pedestrian,12.591,yaw_deg,2.0,13,6,46.154
nuscenes,scene-1094_027,7,Car,30.547,yaw_deg,2.0,5,3,60.0
nuscenes,scene-1094_027,8,Pedestrian,12.966,yaw_deg,2.0,22,13,59.091
nuscenes,scene-1094_027,0,Pedestrian,21.007,yaw_deg,3.0,6,0,0.0
nuscenes,scene-1094_027,4,Car,23.754,yaw_deg,3.0,29,9,31.034
nuscenes,scene-1094_027,6,Pedestrian,12.591,yaw_deg,3.0,13,0,0.0
nuscenes,scene-1094_027,7,Car,30.547,yaw_deg,3.0,5,2,40.0
nuscenes,scene-1094_027,8,Pedestrian,12.966,yaw_deg,3.0,22,4,18.182
nuscenes,scene-1094_027,0,Pedestrian,21.007,tx_m,0.02,6,6,100.0
nuscenes,scene-1094_027,4,Car,23.754,tx_m,0.02,29,29,100.0
nuscenes,scene-1094_027,6,Pedestrian,12.591,tx_m,0.02,13,13,100.0
nuscenes,scene-1094_027,7,Car,30.547,tx_m,0.02,5,5,100.0
nuscenes,scene-1094_027,8,Pedestrian,12.966,tx_m,0.02,22,22,100.0
nuscenes,scene-1094_027,0,Pedestrian,21.007,tx_m,0.05,6,6,100.0
nuscenes,scene-1094_027,4,Car,23.754,tx_m,0.05,29,29,100.0
nuscenes,scene-1094_027,6,Pedestrian,12.591,tx_m,0.05,13,13,100.0
nuscenes,scene-1094_027,7,Car,30.547,tx_m,0.05,5,5,100.0
nuscenes,scene-1094_027,8,Pedestrian,12.966,tx_m,0.05,22,22,100.0
nuscenes,scene-1094_027,0,Pedestrian,21.007,tx_m,0.1,6,6,100.0
nuscenes,scene-1094_027,4,Car,23.754,tx_m,0.1,29,29,100.0
nuscenes,scene-1094_027,6,Pedestrian,12.591,tx_m,0.1,13,11,84.615
nuscenes,scene-1094_027,7,Car,30.547,tx_m,0.1,5,5,100.0
nuscenes,scene-1094_027,8,Pedestrian,12.966,tx_m,0.1,22,22,100.0
nuscenes,scene-1094_028,0,Pedestrian,16.746,yaw_deg,0.0,9,9,100.0
nuscenes,scene-1094_028,2,Car,21.7,yaw_deg,0.0,7,7,100.0
nuscenes,scene-1094_028,4,Car,24.562,yaw_deg,0.0,9,9,100.0
nuscenes,scene-1094_028,6,Pedestrian,7.388,yaw_deg,0.0,49,49,100.0
nuscenes,scene-1094_028,7,Car,22.395,yaw_deg,0.0,9,9,100.0
nuscenes,scene-1094_028,0,Pedestrian,16.746,yaw_deg,0.5,9,9,100.0
nuscenes,scene-1094_028,2,Car,21.7,yaw_deg,0.5,7,7,100.0
nuscenes,scene-1094_028,4,Car,24.562,yaw_deg,0.5,9,8,88.889
nuscenes,scene-1094_028,6,Pedestrian,7.388,yaw_deg,0.5,49,49,100.0
nuscenes,scene-1094_028,7,Car,22.395,yaw_deg,0.5,9,9,100.0
nuscenes,scene-1094_028,0,Pedestrian,16.746,yaw_deg,1.0,9,8,88.889
nuscenes,scene-1094_028,2,Car,21.7,yaw_deg,1.0,7,7,100.0
nuscenes,scene-1094_028,4,Car,24.562,yaw_deg,1.0,9,7,77.778
nuscenes,scene-1094_028,6,Pedestrian,7.388,yaw_deg,1.0,49,46,93.878
nuscenes,scene-1094_028,7,Car,22.395,yaw_deg,1.0,9,9,100.0
nuscenes,scene-1094_028,0,Pedestrian,16.746,yaw_deg,2.0,9,1,11.111
nuscenes,scene-1094_028,2,Car,21.7,yaw_deg,2.0,7,7,100.0
nuscenes,scene-1094_028,4,Car,24.562,yaw_deg,2.0,9,6,66.667
nuscenes,scene-1094_028,6,Pedestrian,7.388,yaw_deg,2.0,49,43,87.755
nuscenes,scene-1094_028,7,Car,22.395,yaw_deg,2.0,9,9,100.0
nuscenes,scene-1094_028,0,Pedestrian,16.746,yaw_deg,3.0,9,0,0.0
nuscenes,scene-1094_028,2,Car,21.7,yaw_deg,3.0,7,6,85.714
nuscenes,scene-1094_028,4,Car,24.562,yaw_deg,3.0,9,3,33.333
nuscenes,scene-1094_028,6,Pedestrian,7.388,yaw_deg,3.0,49,34,69.388
nuscenes,scene-1094_028,7,Car,22.395,yaw_deg,3.0,9,8,88.889
nuscenes,scene-1094_028,0,Pedestrian,16.746,tx_m,0.02,9,9,100.0
nuscenes,scene-1094_028,2,Car,21.7,tx_m,0.02,7,7,100.0
nuscenes,scene-1094_028,4,Car,24.562,tx_m,0.02,9,9,100.0
nuscenes,scene-1094_028,6,Pedestrian,7.388,tx_m,0.02,49,49,100.0
nuscenes,scene-1094_028,7,Car,22.395,tx_m,0.02,9,9,100.0
nuscenes,scene-1094_028,0,Pedestrian,16.746,tx_m,0.05,9,9,100.0
nuscenes,scene-1094_028,2,Car,21.7,tx_m,0.05,7,7,100.0
nuscenes,scene-1094_028,4,Car,24.562,tx_m,0.05,9,9,100.0
nuscenes,scene-1094_028,6,Pedestrian,7.388,tx_m,0.05,49,49,100.0
nuscenes,scene-1094_028,7,Car,22.395,tx_m,0.05,9,9,100.0
nuscenes,scene-1094_028,0,Pedestrian,16.746,tx_m,0.1,9,9,100.0
nuscenes,scene-1094_028,2,Car,21.7,tx_m,0.1,7,7,100.0
nuscenes,scene-1094_028,4,Car,24.562,tx_m,0.1,9,9,100.0
nuscenes,scene-1094_028,6,Pedestrian,7.388,tx_m,0.1,49,46,93.878
nuscenes,scene-1094_028,7,Car,22.395,tx_m,0.1,9,9,100.0
nuscenes,scene-1094_029,0,Pedestrian,12.411,yaw_deg,0.0,19,19,100.0
nuscenes,scene-1094_029,1,Bus,47.039,yaw_deg,0.0,6,6,100.0
nuscenes,scene-1094_029,2,Car,13.52,yaw_deg,0.0,6,6,100.0
nuscenes,scene-1094_029,3,Car,25.395,yaw_deg,0.0,19,19,100.0
nuscenes,scene-1094_029,0,Pedestrian,12.411,yaw_deg,0.5,19,19,100.0
nuscenes,scene-1094_029,1,Bus,47.039,yaw_deg,0.5,6,6,100.0
nuscenes,scene-1094_029,2,Car,13.52,yaw_deg,0.5,6,6,100.0
nuscenes,scene-1094_029,3,Car,25.395,yaw_deg,0.5,19,18,94.737
nuscenes,scene-1094_029,0,Pedestrian,12.411,yaw_deg,1.0,19,17,89.474
nuscenes,scene-1094_029,1,Bus,47.039,yaw_deg,1.0,6,6,100.0
nuscenes,scene-1094_029,2,Car,13.52,yaw_deg,1.0,6,6,100.0
nuscenes,scene-1094_029,3,Car,25.395,yaw_deg,1.0,19,16,84.211
nuscenes,scene-1094_029,0,Pedestrian,12.411,yaw_deg,2.0,19,5,26.316
nuscenes,scene-1094_029,1,Bus,47.039,yaw_deg,2.0,6,3,50.0
nuscenes,scene-1094_029,2,Car,13.52,yaw_deg,2.0,6,5,83.333
nuscenes,scene-1094_029,3,Car,25.395,yaw_deg,2.0,19,11,57.895
nuscenes,scene-1094_029,0,Pedestrian,12.411,yaw_deg,3.0,19,0,0.0
nuscenes,scene-1094_029,1,Bus,47.039,yaw_deg,3.0,6,1,16.667
nuscenes,scene-1094_029,2,Car,13.52,yaw_deg,3.0,6,5,83.333
nuscenes,scene-1094_029,3,Car,25.395,yaw_deg,3.0,19,3,15.789
nuscenes,scene-1094_029,0,Pedestrian,12.411,tx_m,0.02,19,19,100.0
nuscenes,scene-1094_029,1,Bus,47.039,tx_m,0.02,6,6,100.0
nuscenes,scene-1094_029,2,Car,13.52,tx_m,0.02,6,5,83.333
nuscenes,scene-1094_029,3,Car,25.395,tx_m,0.02,19,19,100.0
nuscenes,scene-1094_029,0,Pedestrian,12.411,tx_m,0.05,19,19,100.0
nuscenes,scene-1094_029,1,Bus,47.039,tx_m,0.05,6,6,100.0
nuscenes,scene-1094_029,2,Car,13.52,tx_m,0.05,6,5,83.333
nuscenes,scene-1094_029,3,Car,25.395,tx_m,0.05,19,19,100.0
nuscenes,scene-1094_029,0,Pedestrian,12.411,tx_m,0.1,19,19,100.0
nuscenes,scene-1094_029,1,Bus,47.039,tx_m,0.1,6,6,100.0
nuscenes,scene-1094_029,2,Car,13.52,tx_m,0.1,6,5,83.333
nuscenes,scene-1094_029,3,Car,25.395,tx_m,0.1,19,19,100.0
nuscenes,scene-1094_030,0,Pedestrian,7.947,yaw_deg,0.0,42,42,100.0
nuscenes,scene-1094_030,1,Bus,37.796,yaw_deg,0.0,32,32,100.0
nuscenes,scene-1094_030,2,Car,26.057,yaw_deg,0.0,8,8,100.0
nuscenes,scene-1094_030,0,Pedestrian,7.947,yaw_deg,0.5,42,42,100.0
nuscenes,scene-1094_030,1,Bus,37.796,yaw_deg,0.5,32,32,100.0
nuscenes,scene-1094_030,2,Car,26.057,yaw_deg,0.5,8,7,87.5
nuscenes,scene-1094_030,0,Pedestrian,7.947,yaw_deg,1.0,42,39,92.857
nuscenes,scene-1094_030,1,Bus,37.796,yaw_deg,1.0,32,30,93.75
nuscenes,scene-1094_030,2,Car,26.057,yaw_deg,1.0,8,7,87.5
nuscenes,scene-1094_030,0,Pedestrian,7.947,yaw_deg,2.0,42,19,45.238
nuscenes,scene-1094_030,1,Bus,37.796,yaw_deg,2.0,32,22,68.75
nuscenes,scene-1094_030,2,Car,26.057,yaw_deg,2.0,8,4,50.0
nuscenes,scene-1094_030,0,Pedestrian,7.947,yaw_deg,3.0,42,8,19.048
nuscenes,scene-1094_030,1,Bus,37.796,yaw_deg,3.0,32,17,53.125
nuscenes,scene-1094_030,2,Car,26.057,yaw_deg,3.0,8,1,12.5
nuscenes,scene-1094_030,0,Pedestrian,7.947,tx_m,0.02,42,42,100.0
nuscenes,scene-1094_030,1,Bus,37.796,tx_m,0.02,32,32,100.0
nuscenes,scene-1094_030,2,Car,26.057,tx_m,0.02,8,8,100.0
nuscenes,scene-1094_030,0,Pedestrian,7.947,tx_m,0.05,42,42,100.0
nuscenes,scene-1094_030,1,Bus,37.796,tx_m,0.05,32,32,100.0
nuscenes,scene-1094_030,2,Car,26.057,tx_m,0.05,8,8,100.0
nuscenes,scene-1094_030,0,Pedestrian,7.947,tx_m,0.1,42,42,100.0
nuscenes,scene-1094_030,1,Bus,37.796,tx_m,0.1,32,32,100.0
nuscenes,scene-1094_030,2,Car,26.057,tx_m,0.1,8,8,100.0
nuscenes,scene-1094_031,0,Bus,30.7,yaw_deg,0.0,47,47,100.0
nuscenes,scene-1094_031,1,Car,26.709,yaw_deg,0.0,9,9,100.0
nuscenes,scene-1094_031,0,Bus,30.7,yaw_deg,0.5,47,46,97.872
nuscenes,scene-1094_031,1,Car,26.709,yaw_deg,0.5,9,8,88.889
nuscenes,scene-1094_031,0,Bus,30.7,yaw_deg,1.0,47,44,93.617
nuscenes,scene-1094_031,1,Car,26.709,yaw_deg,1.0,9,6,66.667
nuscenes,scene-1094_031,0,Bus,30.7,yaw_deg,2.0,47,35,74.468
nuscenes,scene-1094_031,1,Car,26.709,yaw_deg,2.0,9,3,33.333
nuscenes,scene-1094_031,0,Bus,30.7,yaw_deg,3.0,47,27,57.447
nuscenes,scene-1094_031,1,Car,26.709,yaw_deg,3.0,9,1,11.111
nuscenes,scene-1094_031,0,Bus,30.7,tx_m,0.02,47,47,100.0
nuscenes,scene-1094_031,1,Car,26.709,tx_m,0.02,9,9,100.0
nuscenes,scene-1094_031,0,Bus,30.7,tx_m,0.05,47,47,100.0
nuscenes,scene-1094_031,1,Car,26.709,tx_m,0.05,9,9,100.0
nuscenes,scene-1094_031,0,Bus,30.7,tx_m,0.1,47,47,100.0
nuscenes,scene-1094_031,1,Car,26.709,tx_m,0.1,9,9,100.0
nuscenes,scene-1094_032,0,Bus,22.491,yaw_deg,0.0,108,108,100.0
nuscenes,scene-1094_032,1,Car,27.25,yaw_deg,0.0,7,7,100.0
nuscenes,scene-1094_032,0,Bus,22.491,yaw_deg,0.5,108,108,100.0
nuscenes,scene-1094_032,1,Car,27.25,yaw_deg,0.5,7,7,100.0
nuscenes,scene-1094_032,0,Bus,22.491,yaw_deg,1.0,108,104,96.296
nuscenes,scene-1094_032,1,Car,27.25,yaw_deg,1.0,7,6,85.714
nuscenes,scene-1094_032,0,Bus,22.491,yaw_deg,2.0,108,95,87.963
nuscenes,scene-1094_032,1,Car,27.25,yaw_deg,2.0,7,4,57.143
nuscenes,scene-1094_032,0,Bus,22.491,yaw_deg,3.0,108,87,80.556
nuscenes,scene-1094_032,1,Car,27.25,yaw_deg,3.0,7,1,14.286
nuscenes,scene-1094_032,0,Bus,22.491,tx_m,0.02,108,108,100.0
nuscenes,scene-1094_032,1,Car,27.25,tx_m,0.02,7,7,100.0
nuscenes,scene-1094_032,0,Bus,22.491,tx_m,0.05,108,108,100.0
nuscenes,scene-1094_032,1,Car,27.25,tx_m,0.05,7,7,100.0
nuscenes,scene-1094_032,0,Bus,22.491,tx_m,0.1,108,108,100.0
nuscenes,scene-1094_032,1,Car,27.25,tx_m,0.1,7,7,100.0
nuscenes,scene-1094_033,0,Bus,18.773,yaw_deg,0.0,73,73,100.0
nuscenes,scene-1094_033,1,Car,27.762,yaw_deg,0.0,17,17,100.0
nuscenes,scene-1094_033,2,Pedestrian,18.492,yaw_deg,0.0,6,6,100.0
nuscenes,scene-1094_033,0,Bus,18.773,yaw_deg,0.5,73,73,100.0
nuscenes,scene-1094_033,1,Car,27.762,yaw_deg,0.5,17,17,100.0
nuscenes,scene-1094_033,2,Pedestrian,18.492,yaw_deg,0.5,6,6,100.0
nuscenes,scene-1094_033,0,Bus,18.773,yaw_deg,1.0,73,70,95.89
nuscenes,scene-1094_033,1,Car,27.762,yaw_deg,1.0,17,13,76.471
nuscenes,scene-1094_033,2,Pedestrian,18.492,yaw_deg,1.0,6,6,100.0
nuscenes,scene-1094_033,0,Bus,18.773,yaw_deg,2.0,73,59,80.822
nuscenes,scene-1094_033,1,Car,27.762,yaw_deg,2.0,17,7,41.176
nuscenes,scene-1094_033,2,Pedestrian,18.492,yaw_deg,2.0,6,0,0.0
nuscenes,scene-1094_033,0,Bus,18.773,yaw_deg,3.0,73,46,63.014
nuscenes,scene-1094_033,1,Car,27.762,yaw_deg,3.0,17,1,5.882
nuscenes,scene-1094_033,2,Pedestrian,18.492,yaw_deg,3.0,6,0,0.0
nuscenes,scene-1094_033,0,Bus,18.773,tx_m,0.02,73,72,98.63
nuscenes,scene-1094_033,1,Car,27.762,tx_m,0.02,17,17,100.0
nuscenes,scene-1094_033,2,Pedestrian,18.492,tx_m,0.02,6,6,100.0
nuscenes,scene-1094_033,0,Bus,18.773,tx_m,0.05,73,72,98.63
nuscenes,scene-1094_033,1,Car,27.762,tx_m,0.05,17,17,100.0
nuscenes,scene-1094_033,2,Pedestrian,18.492,tx_m,0.05,6,6,100.0
nuscenes,scene-1094_033,0,Bus,18.773,tx_m,0.1,73,70,95.89
nuscenes,scene-1094_033,1,Car,27.762,tx_m,0.1,17,17,100.0
nuscenes,scene-1094_033,2,Pedestrian,18.492,tx_m,0.1,6,6,100.0
nuscenes,scene-1094_034,0,Car,27.938,yaw_deg,0.0,7,7,100.0
nuscenes,scene-1094_034,1,Pedestrian,12.139,yaw_deg,0.0,13,13,100.0
nuscenes,scene-1094_034,0,Car,27.938,yaw_deg,0.5,7,7,100.0
nuscenes,scene-1094_034,1,Pedestrian,12.139,yaw_deg,0.5,13,13,100.0
nuscenes,scene-1094_034,0,Car,27.938,yaw_deg,1.0,7,6,85.714
nuscenes,scene-1094_034,1,Pedestrian,12.139,yaw_deg,1.0,13,13,100.0
nuscenes,scene-1094_034,0,Car,27.938,yaw_deg,2.0,7,3,42.857
nuscenes,scene-1094_034,1,Pedestrian,12.139,yaw_deg,2.0,13,7,53.846
nuscenes,scene-1094_034,0,Car,27.938,yaw_deg,3.0,7,0,0.0
nuscenes,scene-1094_034,1,Pedestrian,12.139,yaw_deg,3.0,13,1,7.692
nuscenes,scene-1094_034,0,Car,27.938,tx_m,0.02,7,7,100.0
nuscenes,scene-1094_034,1,Pedestrian,12.139,tx_m,0.02,13,13,100.0
nuscenes,scene-1094_034,0,Car,27.938,tx_m,0.05,7,7,100.0
nuscenes,scene-1094_034,1,Pedestrian,12.139,tx_m,0.05,13,13,100.0
nuscenes,scene-1094_034,0,Car,27.938,tx_m,0.1,7,7,100.0
nuscenes,scene-1094_034,1,Pedestrian,12.139,tx_m,0.1,13,13,100.0
nuscenes,scene-1094_035,0,Car,27.98,yaw_deg,0.0,8,8,100.0
nuscenes,scene-1094_035,0,Car,27.98,yaw_deg,0.5,8,8,100.0
nuscenes,scene-1094_035,0,Car,27.98,yaw_deg,1.0,8,7,87.5
nuscenes,scene-1094_035,0,Car,27.98,yaw_deg,2.0,8,4,50.0
nuscenes,scene-1094_035,0,Car,27.98,yaw_deg,3.0,8,1,12.5
nuscenes,scene-1094_035,0,Car,27.98,tx_m,0.02,8,8,100.0
nuscenes,scene-1094_035,0,Car,27.98,tx_m,0.05,8,8,100.0
nuscenes,scene-1094_035,0,Car,27.98,tx_m,0.1,8,8,100.0
nuscenes,scene-1094_036,0,Car,28.057,yaw_deg,0.0,17,17,100.0
nuscenes,scene-1094_036,0,Car,28.057,yaw_deg,0.5,17,17,100.0
nuscenes,scene-1094_036,0,Car,28.057,yaw_deg,1.0,17,14,82.353
nuscenes,scene-1094_036,0,Car,28.057,yaw_deg,2.0,17,8,47.059
nuscenes,scene-1094_036,0,Car,28.057,yaw_deg,3.0,17,2,11.765
nuscenes,scene-1094_036,0,Car,28.057,tx_m,0.02,17,17,100.0
nuscenes,scene-1094_036,0,Car,28.057,tx_m,0.05,17,17,100.0
nuscenes,scene-1094_036,0,Car,28.057,tx_m,0.1,17,17,100.0
nuscenes,scene-1094_037,0,Car,27.944,yaw_deg,0.0,7,7,100.0
nuscenes,scene-1094_037,4,Car,27.196,yaw_deg,0.0,5,5,100.0
nuscenes,scene-1094_037,0,Car,27.944,yaw_deg,0.5,7,7,100.0
nuscenes,scene-1094_037,4,Car,27.196,yaw_deg,0.5,5,4,80.0
nuscenes,scene-1094_037,0,Car,27.944,yaw_deg,1.0,7,7,100.0
nuscenes,scene-1094_037,4,Car,27.196,yaw_deg,1.0,5,4,80.0
nuscenes,scene-1094_037,0,Car,27.944,yaw_deg,2.0,7,4,57.143
nuscenes,scene-1094_037,4,Car,27.196,yaw_deg,2.0,5,4,80.0
nuscenes,scene-1094_037,0,Car,27.944,yaw_deg,3.0,7,1,14.286
nuscenes,scene-1094_037,4,Car,27.196,yaw_deg,3.0,5,3,60.0
nuscenes,scene-1094_037,0,Car,27.944,tx_m,0.02,7,7,100.0
nuscenes,scene-1094_037,4,Car,27.196,tx_m,0.02,5,5,100.0
nuscenes,scene-1094_037,0,Car,27.944,tx_m,0.05,7,7,100.0
nuscenes,scene-1094_037,4,Car,27.196,tx_m,0.05,5,5,100.0
nuscenes,scene-1094_037,0,Car,27.944,tx_m,0.1,7,7,100.0
nuscenes,scene-1094_037,4,Car,27.196,tx_m,0.1,5,5,100.0
nuscenes,scene-1094_038,0,Car,28.001,yaw_deg,0.0,18,18,100.0
nuscenes,scene-1094_038,1,Pedestrian,25.742,yaw_deg,0.0,5,5,100.0
nuscenes,scene-1094_038,3,Car,15.346,yaw_deg,0.0,42,42,100.0
nuscenes,scene-1094_038,0,Car,28.001,yaw_deg,0.5,18,15,83.333
nuscenes,scene-1094_038,1,Pedestrian,25.742,yaw_deg,0.5,5,3,60.0
nuscenes,scene-1094_038,3,Car,15.346,yaw_deg,0.5,42,42,100.0
nuscenes,scene-1094_038,0,Car,28.001,yaw_deg,1.0,18,14,77.778
nuscenes,scene-1094_038,1,Pedestrian,25.742,yaw_deg,1.0,5,1,20.0
nuscenes,scene-1094_038,3,Car,15.346,yaw_deg,1.0,42,41,97.619
nuscenes,scene-1094_038,0,Car,28.001,yaw_deg,2.0,18,8,44.444
nuscenes,scene-1094_038,1,Pedestrian,25.742,yaw_deg,2.0,5,0,0.0
nuscenes,scene-1094_038,3,Car,15.346,yaw_deg,2.0,42,38,90.476
nuscenes,scene-1094_038,0,Car,28.001,yaw_deg,3.0,18,2,11.111
nuscenes,scene-1094_038,1,Pedestrian,25.742,yaw_deg,3.0,5,0,0.0
nuscenes,scene-1094_038,3,Car,15.346,yaw_deg,3.0,42,30,71.429
nuscenes,scene-1094_038,0,Car,28.001,tx_m,0.02,18,18,100.0
nuscenes,scene-1094_038,1,Pedestrian,25.742,tx_m,0.02,5,5,100.0
nuscenes,scene-1094_038,3,Car,15.346,tx_m,0.02,42,42,100.0
nuscenes,scene-1094_038,0,Car,28.001,tx_m,0.05,18,18,100.0
nuscenes,scene-1094_038,1,Pedestrian,25.742,tx_m,0.05,5,5,100.0
nuscenes,scene-1094_038,3,Car,15.346,tx_m,0.05,42,42,100.0
nuscenes,scene-1094_038,0,Car,28.001,tx_m,0.1,18,18,100.0
nuscenes,scene-1094_038,1,Pedestrian,25.742,tx_m,0.1,5,5,100.0
nuscenes,scene-1094_038,3,Car,15.346,tx_m,0.1,42,42,100.0
nuscenes,scene-1094_039,0,Car,27.902,yaw_deg,0.0,10,10,100.0
nuscenes,scene-1094_039,1,Pedestrian,18.884,yaw_deg,0.0,11,11,100.0
nuscenes,scene-1094_039,2,Pedestrian,14.401,yaw_deg,0.0,7,7,100.0
nuscenes,scene-1094_039,0,Car,27.902,yaw_deg,0.5,10,9,90.0
nuscenes,scene-1094_039,1,Pedestrian,18.884,yaw_deg,0.5,11,11,100.0
nuscenes,scene-1094_039,2,Pedestrian,14.401,yaw_deg,0.5,7,7,100.0
nuscenes,scene-1094_039,0,Car,27.902,yaw_deg,1.0,10,8,80.0
nuscenes,scene-1094_039,1,Pedestrian,18.884,yaw_deg,1.0,11,7,63.636
nuscenes,scene-1094_039,2,Pedestrian,14.401,yaw_deg,1.0,7,7,100.0
nuscenes,scene-1094_039,0,Car,27.902,yaw_deg,2.0,10,5,50.0
nuscenes,scene-1094_039,1,Pedestrian,18.884,yaw_deg,2.0,11,0,0.0
nuscenes,scene-1094_039,2,Pedestrian,14.401,yaw_deg,2.0,7,0,0.0
nuscenes,scene-1094_039,0,Car,27.902,yaw_deg,3.0,10,2,20.0
nuscenes,scene-1094_039,1,Pedestrian,18.884,yaw_deg,3.0,11,0,0.0
nuscenes,scene-1094_039,2,Pedestrian,14.401,yaw_deg,3.0,7,0,0.0
nuscenes,scene-1094_039,0,Car,27.902,tx_m,0.02,10,10,100.0
nuscenes,scene-1094_039,1,Pedestrian,18.884,tx_m,0.02,11,11,100.0
nuscenes,scene-1094_039,2,Pedestrian,14.401,tx_m,0.02,7,7,100.0
nuscenes,scene-1094_039,0,Car,27.902,tx_m,0.05,10,10,100.0
nuscenes,scene-1094_039,1,Pedestrian,18.884,tx_m,0.05,11,11,100.0
nuscenes,scene-1094_039,2,Pedestrian,14.401,tx_m,0.05,7,7,100.0
nuscenes,scene-1094_039,0,Car,27.902,tx_m,0.1,10,10,100.0
nuscenes,scene-1094_039,1,Pedestrian,18.884,tx_m,0.1,11,11,100.0
nuscenes,scene-1094_039,2,Pedestrian,14.401,tx_m,0.1,7,7,100.0
